1790812800000000,83623.59000000,83660.01000000,83578.00000000,83578.01000000,28.93519000,1790812859999999,2419857.11622310,4552,14.59132000,1220287.66989310,0
1790812860000000,83578.01000000,83578.01000000,83550.00000000,83557.25000000,12.74545000,1790812919999999,1065006.09007900,1162,8.73067000,729518.29344660,0
1790812920000000,83557.25000000,83557.26000000,83534.01000000,83534.02000000,6.99822000,1790812979999999,584685.56532290,969,3.24305000,270950.29006060,0
1790812980000000,83534.02000000,83554.83000000,83534.01000000,83554.83000000,8.85496000,1790813039999999,739755.06475400,1256,5.53208000,462154.46733850,0
1790813040000000,83554.83000000,83559.39000000,83532.75000000,83534.89000000,9.67921000,1790813099999999,808676.95461700,1076,6.57401000,549230.50080780,0
1790813100000000,83534.89000000,83536.29000000,83534.88000000,83536.28000000,3.05033000,1790813159999999,254812.78470670,342,2.87266000,239970.91101710,0
1790813160000000,83536.28000000,83536.29000000,83509.43000000,83518.75000000,9.96754000,1790813219999999,832480.84398980,1636,4.29028000,358311.08143850,0
1790813220000000,83518.75000000,83542.96000000,83518.75000000,83542.96000000,4.88351000,1790813279999999,407915.25274990,1048,4.68149000,391040.00202990,0
1790813280000000,83542.96000000,83552.24000000,83542.95000000,83552.23000000,3.11856000,1790813339999999,260555.95178630,462,2.89444000,241830.28621130,0
1790813340000000,83552.23000000,83552.23000000,83483.30000000,83483.31000000,25.39466000,1790813399999999,2120632.24705540,2678,3.34531000,279360.32484780,0
1790813400000000,83483.31000000,83496.01000000,83458.15000000,83472.95000000,12.47373000,1790813459999999,1041328.40050730,2078,5.84547000,487974.06176050,0
1790813460000000,83472.94000000,83524.00000000,83472.94000000,83524.00000000,6.11309000,1790813519999999,510347.92539580,1795,4.14520000,346078.93382830,0
1790813520000000,83524.01000000,83550.59000000,83524.00000000,83546.24000000,4.65161000,1790813579999999,388626.72626050,962,3.40522000,284491.07077960,0
1790813580000000,83546.25000000,83546.25000000,83546.24000000,83546.24000000,5.14941000,1790813639999999,430213.86846550,271,2.47471000,206752.74033750,0
1790813640000000,83546.25000000,83546.25000000,83509.05000000,83509.05000000,7.19564000,1790813699999999,601085.76725910,1260,2.51024000,209694.39905220,0
1790813700000000,83509.04000000,83512.44000000,83482.00000000,83482.01000000,11.70985000,1790813759999999,977783.38328180,1531,8.20027000,684728.63635080,0
1790813760000000,83482.00000000,83506.76000000,83458.16000000,83458.17000000,12.91873000,1790813819999999,1078392.92596100,2741,7.08739000,591606.79370460,0
1790813820000000,83458.17000000,83484.00000000,83458.16000000,83458.29000000,7.69781000,1790813879999999,642516.34530080,1419,4.01790000,335359.13884990,0
1790813880000000,83458.29000000,83472.15000000,83429.80000000,83458.09000000,11.16912000,1790813939999999,932109.85467950,2249,4.90068000,408983.88590790,0
1790813940000000,83458.09000000,83458.09000000,83443.80000000,83455.80000000,5.49785000,1790813999999999,458802.86162940,646,4.35857000,363726.38016570,0
1790814000000000,83455.79000000,83507.95000000,83455.79000000,83502.16000000,5.78784000,1790814059999999,483171.67625420,1727,5.01567000,418695.45105830,0
1790814060000000,83502.16000000,83509.84000000,83487.30000000,83487.30000000,4.52702000,1790814119999999,377996.93717260,585,2.95757000,246946.97040710,0
1790814120000000,83487.31000000,83493.99000000,83470.01000000,83470.02000000,12.83046000,1790814179999999,1071170.92205010,897,2.80588000,234254.00846770,0
1790814180000000,83470.02000000,83475.97000000,83460.00000000,83460.01000000,3.91533000,1790814239999999,326807.47125860,633,2.54509000,212433.94443930,0
1790814240000000,83460.01000000,83487.55000000,83460.00000000,83470.61000000,19.67734000,1790814299999999,1642693.68107940,1594,5.86562000,489624.14486790,0
1790814300000000,83470.62000000,83487.47000000,83466.42000000,83487.47000000,3.92547000,1790814359999999,327680.42218390,939,3.62144000,302301.82589610,0
1790814360000000,83487.47000000,83502.42000000,83480.00000000,83480.50000000,7.11917000,1790814419999999,594377.54714420,1334,4.37952000,365633.26002620,0
1790814420000000,83480.51000000,83480.51000000,83480.50000000,83480.50000000,3.07081000,1790814479999999,256352.78274240,269,2.85374000,238231.67060740,0
1790814480000000,83480.51000000,83480.51000000,83468.40000000,83478.01000000,5.10162000,1790814539999999,425858.24771830,862,4.02321000,335837.31661960,0
1790814540000000,83478.01000000,83502.35000000,83478.00000000,83488.01000000,5.03029000,1790814599999999,419983.91429090,1171,3.74496000,312669.92637660,0
1790814600000000,83488.01000000,83488.01000000,83438.72000000,83463.53000000,11.20316000,1790814659999999,935045.14208330,1681,5.29675000,442056.72571030,0
1790814660000000,83463.53000000,83492.01000000,83446.12000000,83492.00000000,7.57343000,1790814719999999,632149.50532670,1692,6.80308000,567853.93233830,0
1790814720000000,83492.01000000,83495.21000000,83486.00000000,83486.00000000,6.61611000,1790814779999999,552388.14850590,753,5.64495000,471304.36168290,0
1790814780000000,83486.00000000,83486.01000000,83470.89000000,83479.44000000,4.71406000,1790814839999999,393510.62774180,646,3.59052000,299715.60495800,0
1790814840000000,83479.44000000,83492.22000000,83467.99000000,83468.01000000,5.43885000,1790814899999999,454054.42022250,1111,2.62156000,218858.67070190,0
1790814900000000,83468.00000000,83468.00000000,83464.00000000,83464.01000000,3.26730000,1790814959999999,272702.89762460,275,2.72037000,227053.22864370,0
1790814960000000,83464.01000000,83516.00000000,83464.00000000,83516.00000000,5.30235000,1790815019999999,442677.70775430,1550,5.09200000,425112.46787370,0
1790815020000000,83516.01000000,83518.01000000,83501.22000000,83501.65000000,7.40506000,1790815079999999,618395.83973950,515,5.96539000,498164.19906380,0
1790815080000000,83501.64000000,83501.65000000,83493.89000000,83498.43000000,5.45318000,1790815139999999,455326.31258290,804,3.78047000,315657.13266520,0
1790815140000000,83498.42000000,83532.01000000,83498.42000000,83521.92000000,6.49938000,1790815199999999,542796.43677460,1295,3.51740000,293751.93140040,0
1790815200000000,83521.92000000,83524.01000000,83507.03000000,83524.01000000,5.19950000,1790815259999999,434239.58331940,867,2.39794000,200258.92814990,0
1790815260000000,83524.01000000,83554.56000000,83515.09000000,83515.10000000,11.77797000,1790815319999999,983899.65747560,1529,5.94655000,496759.75078760,0
1790815320000000,83515.10000000,83529.10000000,83515.09000000,83529.09000000,5.04109000,1790815379999999,421029.56526540,507,4.12153000,344230.13939060,0
1790815380000000,83529.09000000,83529.10000000,83524.00000000,83529.09000000,5.49779000,1790815439999999,459202.20355030,819,3.54797000,296343.84567470,0
1790815440000000,83529.10000000,83570.72000000,83529.10000000,83570.72000000,3.75905000,1790815499999999,314088.18875290,1196,3.57286000,298532.12246330,0
1790815500000000,83570.71000000,83591.41000000,83550.00000000,83550.00000000,10.96072000,1790815559999999,916052.83965880,1328,6.96822000,582375.06536510,0
1790815560000000,83550.01000000,83550.01000000,83523.06000000,83528.48000000,6.24309000,1790815619999999,521508.05404590,959,2.85629000,238586.94672290,0
1790815620000000,83528.48000000,83528.49000000,83504.01000000,83506.00000000,5.25338000,1790815679999999,438729.50366560,731,2.65817000,221982.88446820,0
1790815680000000,83506.00000000,83524.71000000,83506.00000000,83524.71000000,5.82913000,1790815739999999,486832.80296030,707,4.91974000,410882.23124930,0
1790815740000000,83524.71000000,83537.85000000,83524.70000000,83537.84000000,3.64053000,1790815799999999,304097.11151410,683,3.33276000,278388.21907690,0
1790815800000000,83537.84000000,83541.88000000,83506.00000000,83506.01000000,6.96265000,1790815859999999,581573.65526990,1117,2.62603000,219336.65021640,0
1790815860000000,83506.01000000,83521.41000000,83487.63000000,83521.41000000,6.62718000,1790815919999999,553380.21151260,1294,4.49147000,375047.77336150,0
1790815920000000,83521.41000000,83529.09000000,83521.41000000,83529.09000000,2.60497000,1790815979999999,217573.11040800,354,1.47082000,122847.22095740,0
1790815980000000,83529.08000000,83530.92000000,83506.00000000,83506.00000000,6.05943000,1790816039999999,506081.07963800,784,2.69616000,225181.49662190,0
1790816040000000,83506.00000000,83507.99000000,83498.16000000,83498.16000000,5.04678000,1790816099999999,421438.32275880,510,2.56702000,214362.47463350,0
1790816100000000,83498.17000000,83529.10000000,83498.16000000,83529.10000000,6.99715000,1790816159999999,584292.04778810,998,6.69146000,558761.85893970,0
1790816160000000,83529.09000000,83547.38000000,83529.09000000,83539.02000000,5.01402000,1790816219999999,418878.60196090,647,3.08953000,258103.42735640,0
1790816220000000,83539.03000000,83539.03000000,83539.02000000,83539.02000000,3.50331000,1790816279999999,292663.11000420,340,2.58480000,215931.68474400,0
1790816280000000,83539.03000000,83539.03000000,83527.13000000,83532.00000000,6.86236000,1790816339999999,573229.47703790,642,3.83177000,320073.23319890,0
1790816340000000,83532.01000000,83533.03000000,83509.03000000,83509.03000000,6.15238000,1790816399999999,513888.30735550,615,2.41756000,201935.84667200,0
1790816400000000,83509.03000000,83520.74000000,83500.00000000,83510.65000000,9.77322000,1790816459999999,816131.08766440,1910,7.37282000,615676.17197710,0
1790816460000000,83510.65000000,83524.76000000,83500.00000000,83500.01000000,7.90245000,1790816519999999,659938.48575430,1127,5.15209000,430255.37774700,0
1790816520000000,83500.01000000,83560.60000000,83500.00000000,83542.01000000,7.42454000,1790816579999999,620283.47051060,2193,5.98618000,500102.97686370,0
1790816580000000,83542.00000000,83583.52000000,83512.57000000,83512.57000000,17.81229000,1790816639999999,1488487.71015930,2220,7.48993000,625809.69391860,0
1790816640000000,83512.56000000,83541.34000000,83512.56000000,83533.06000000,5.18982000,1790816699999999,433521.17401480,1586,3.54682000,296268.48048270,0
1790816700000000,83533.06000000,83587.72000000,83533.06000000,83587.72000000,14.77854000,1790816759999999,1234685.62586420,1341,12.50842000,1045036.37649120,0
1790816760000000,83587.71000000,83590.00000000,83587.71000000,83590.00000000,4.57434000,1790816819999999,382368.66369060,374,2.51241000,210012.00611190,0
1790816820000000,83590.00000000,83614.01000000,83589.99000000,83595.65000000,6.48500000,1790816879999999,542176.43469720,972,4.37676000,365913.54084430,0
1790816880000000,83595.65000000,83602.64000000,83581.88000000,83602.64000000,7.07599000,1790816939999999,591483.82122400,1129,5.07016000,423815.34838650,0
1790816940000000,83602.64000000,83613.99000000,83601.58000000,83601.58000000,14.40414000,1790816999999999,1204292.43912630,681,3.36625000,281444.91869420,0
1790817000000000,83601.59000000,83601.59000000,83585.80000000,83585.81000000,5.70272000,1790817059999999,476708.79048370,561,3.77719000,315743.81881630,0
1790817060000000,83585.80000000,83585.81000000,83558.00000000,83565.91000000,6.68890000,1790817119999999,558990.39606500,997,4.08406000,341294.07704140,0
1790817120000000,83565.92000000,83587.96000000,83565.92000000,83587.96000000,3.30969000,1790817179999999,276619.63513620,777,3.26602000,272969.83101560,0
1790817180000000,83588.01000000,83607.46000000,83588.01000000,83607.46000000,4.46036000,1790817239999999,372883.00408240,710,4.26652000,356677.59869020,0
1790817240000000,83607.46000000,83613.99000000,83590.00000000,83590.00000000,8.46807000,1790817299999999,707995.08278610,864,3.91515000,327353.45145930,0
1790817300000000,83590.00000000,83590.00000000,83533.06000000,83590.00000000,13.48229000,1790817359999999,1126454.15740460,1737,8.77321000,732991.01077950,0
1790817360000000,83590.01000000,83596.01000000,83588.00000000,83590.01000000,2.24735000,1790817419999999,187860.73303910,538,1.20265000,100529.86663610,0
1790817420000000,83590.01000000,83636.79000000,83590.00000000,83632.89000000,7.04946000,1790817479999999,589480.35704700,1702,4.99769000,417893.61186740,0
1790817480000000,83632.89000000,83652.79000000,83632.89000000,83644.42000000,6.83089000,1790817539999999,571359.37216460,1924,4.39458000,367568.95339730,0
1790817540000000,83644.41000000,83666.01000000,83642.67000000,83642.68000000,8.79148000,1790817599999999,735442.35317270,1577,6.25017000,522845.69224120,0
1790817600000000,83642.67000000,83682.01000000,83637.25000000,83682.01000000,10.80333000,1790817659999999,903817.86153320,2360,6.93741000,580407.22333200,0
1790817660000000,83682.00000000,83692.00000000,83652.00000000,83652.01000000,10.86044000,1790817719999999,908784.15776230,1443,4.66575000,390449.71417650,0
1790817720000000,83652.00000000,83652.01000000,83634.99000000,83640.01000000,4.65306000,1790817779999999,389188.20508720,818,2.92506000,244649.47308650,0
1790817780000000,83640.01000000,83670.01000000,83640.01000000,83670.00000000,4.48743000,1790817839999999,375399.71420400,927,3.98985000,333772.59683000,0
1790817840000000,83670.01000000,83673.99000000,83654.35000000,83671.68000000,9.73656000,1790817899999999,814641.48176240,1193,4.09818000,342874.01570760,0
1790817900000000,83671.68000000,83671.68000000,83671.67000000,83671.68000000,0.43758000,1790817959999999,36613.05206900,111,0.27104000,22678.37214720,0
1790817960000000,83671.68000000,83676.01000000,83671.67000000,83676.01000000,2.56577000,1790818019999999,214687.99273580,270,2.46218000,206020.15060670,0
1790818020000000,83676.01000000,83676.01000000,83658.00000000,83658.00000000,3.04419000,1790818079999999,254712.10413130,500,1.64334000,137504.08415050,0
1790818080000000,83658.00000000,83658.00000000,83648.74000000,83648.74000000,1.80796000,1790818139999999,151235.48629620,263,0.85301000,71353.25042710,0
1790818140000000,83648.75000000,83648.75000000,83635.00000000,83635.01000000,1.36523000,1790818199999999,114191.73003120,391,0.09949000,8322.13454420,0
1790818200000000,83635.01000000,83635.01000000,83564.00000000,83564.00000000,3.86279000,1790818259999999,322930.41140200,1217,0.34217000,28608.76002360,0
1790818260000000,83564.00000000,83564.00000000,83500.03000000,83511.41000000,10.17286000,1790818319999999,849550.86825950,1459,2.03851000,170221.70243660,0
1790818320000000,83511.40000000,83564.01000000,83511.40000000,83564.01000000,4.41743000,1790818379999999,369048.30061360,1673,2.80961000,234712.24616470,0
1790818380000000,83564.00000000,83580.01000000,83560.75000000,83560.75000000,2.56921000,1790818439999999,214711.43267140,935,0.90483000,75614.89749520,0
1790818440000000,83560.75000000,83574.01000000,83560.75000000,83574.01000000,1.49938000,1790818499999999,125294.39698240,460,1.15944000,96887.45924740,0
1790818500000000,83574.00000000,83574.01000000,83516.73000000,83517.14000000,5.86704000,1790818559999999,490117.91423120,1088,1.41437000,118129.14383860,0
1790818560000000,83517.14000000,83517.93000000,83500.00000000,83500.00000000,9.28652000,1790818619999999,775462.80736750,606,0.73530000,61407.43013870,0
1790818620000000,83500.01000000,83510.01000000,83482.20000000,83510.00000000,13.41926000,1790818679999999,1120479.45493620,1035,2.37675000,198434.46190420,0
1790818680000000,83510.00000000,83552.21000000,83501.90000000,83552.21000000,4.96349000,1790818739999999,414542.77236650,1625,3.52609000,294493.24724890,0
1790818740000000,83552.20000000,83560.54000000,83552.20000000,83560.54000000,1.71483000,1790818799999999,143280.73482370,245,1.31139000,109571.94838940,0
1790818800000000,83560.54000000,83598.01000000,83560.53000000,83598.01000000,1.93127000,1790818859999999,161414.19762690,1138,1.34982000,112815.00336780,0
1790818860000000,83598.01000000,83600.58000000,83552.00000000,83552.00000000,5.16018000,1790818919999999,431285.45861680,1457,0.71784000,59997.98872180,0
1790818920000000,83552.01000000,83598.01000000,83552.00000000,83598.01000000,3.73119000,1790818979999999,311833.92568060,1239,3.49330000,291951.01001180,0
1790818980000000,83598.00000000,83612.29000000,83598.00000000,83610.00000000,2.14008000,1790819039999999,178928.33948770,639,0.82956000,69353.28492130,0
1790819040000000,83610.01000000,83610.01000000,83600.52000000,83600.53000000,1.41902000,1790819099999999,118636.33883570,273,0.36461000,30482.45818970,0
1790819100000000,83600.52000000,83609.99000000,83568.01000000,83568.02000000,3.26617000,1790819159999999,273028.70130500,1011,1.08638000,90820.36313580,0
1790819160000000,83568.02000000,83568.02000000,83550.00000000,83550.00000000,4.75251000,1790819219999999,397121.67882740,538,3.09407000,258542.94649320,0
1790819220000000,83550.00000000,83550.01000000,83533.89000000,83545.32000000,10.16040000,1790819279999999,848842.52511680,804,7.62883000,637334.69277890,0
1790819280000000,83545.32000000,83545.33000000,83544.48000000,83544.48000000,1.71205000,1790819339999999,143033.64650360,222,1.19869000,100144.95049210,0
1790819340000000,83544.49000000,83554.01000000,83512.00000000,83512.00000000,6.90019000,1790819399999999,576445.80531480,1406,2.86749000,239553.86491970,0
1790819400000000,83512.01000000,83566.01000000,83512.00000000,83566.00000000,4.04685000,1790819459999999,338078.79396100,1284,3.11286000,260047.03741280,0
1790819460000000,83566.01000000,83568.37000000,83550.00000000,83568.36000000,7.40280000,1790819519999999,618587.11596300,1202,5.29994000,442878.55206630,0
1790819520000000,83568.37000000,83571.63000000,83522.00000000,83529.10000000,4.06692000,1790819579999999,339801.89915610,1105,0.86060000,71888.87829750,0
1790819580000000,83529.09000000,83540.10000000,83512.00000000,83540.09000000,3.47008000,1790819639999999,289828.37696960,1198,1.70044000,142021.06342210,0
1790819640000000,83540.10000000,83542.01000000,83536.00000000,83542.01000000,1.78781000,1790819699999999,149349.59977720,487,0.87405000,73015.77151330,0
1790819700000000,83542.00000000,83556.90000000,83524.36000000,83556.82000000,4.35180000,1790819759999999,363531.13356100,1306,2.81484000,235140.71333190,0
1790819760000000,83556.82000000,83566.87000000,83556.82000000,83558.01000000,3.54981000,1790819819999999,296623.81234550,682,2.55837000,213777.53607090,0
1790819820000000,83558.00000000,83558.00000000,83530.00000000,83530.00000000,2.13954000,1790819879999999,178744.18369650,750,0.19062000,15924.75947520,0
1790819880000000,83530.00000000,83530.01000000,83520.00000000,83520.00000000,0.83823000,1790819939999999,70012.05234560,323,0.19193000,16030.24142990,0
1790819940000000,83520.00000000,83520.01000000,83518.07000000,83518.07000000,0.63460000,1790819999999999,53001.06566440,141,0.47711000,39847.63957690,0
1790820000000000,83518.07000000,83564.01000000,83518.07000000,83560.01000000,4.41968000,1790820059999999,369210.18935570,1578,4.00870000,334870.19037790,0
1790820060000000,83560.01000000,83567.63000000,83560.00000000,83562.00000000,1.65301000,1790820119999999,138130.17944070,658,1.16895000,97679.34980310,0
1790820120000000,83562.01000000,83562.01000000,83528.00000000,83528.00000000,3.45073000,1790820179999999,288274.02838890,890,0.51641000,43139.78880410,0
1790820180000000,83528.01000000,83528.01000000,83519.65000000,83519.65000000,2.01547000,1790820239999999,168340.45034830,293,1.04753000,87494.57987980,0
1790820240000000,83519.65000000,83532.01000000,83508.67000000,83527.20000000,4.82306000,1790820299999999,402817.26878940,1896,3.21825000,268780.44315840,0
1790820300000000,83527.20000000,83570.01000000,83527.20000000,83551.64000000,6.27478000,1790820359999999,524281.76753580,2418,3.30256000,275935.98533840,0
1790820360000000,83551.64000000,83580.01000000,83544.08000000,83568.01000000,6.54966000,1790820419999999,547277.72816140,1336,4.35115000,363554.96092540,0
1790820420000000,83568.00000000,83568.00000000,83530.00000000,83558.00000000,6.57795000,1790820479999999,549579.88625960,1458,2.53712000,211952.26209760,0
1790820480000000,83558.01000000,83634.40000000,83558.01000000,83634.39000000,4.67670000,1790820539999999,391014.32125190,1675,3.16959000,264981.26984940,0
1790820540000000,83634.39000000,83634.40000000,83626.00000000,83628.00000000,1.90431000,1790820599999999,159256.31215410,783,0.80573000,67380.97547660,0
1790820600000000,83628.01000000,83634.01000000,83618.00000000,83629.54000000,3.04038000,1790820659999999,254252.69271380,917,1.94479000,162629.70231390,0
1790820660000000,83629.54000000,83648.01000000,83622.00000000,83648.01000000,4.21367000,1790820719999999,352404.67061450,1130,3.59851000,300954.88788230,0
1790820720000000,83648.01000000,83668.01000000,83640.00000000,83640.01000000,3.33301000,1790820779999999,278830.82788880,1034,1.67319000,139973.09886760,0
1790820780000000,83640.01000000,83643.80000000,83628.00000000,83628.00000000,3.32168000,1790820839999999,277817.11927970,670,1.09517000,91598.60704740,0
1790820840000000,83628.01000000,83628.01000000,83600.00000000,83600.01000000,2.78553000,1790820899999999,232910.43187140,582,0.55555000,46452.24990500,0
1790820900000000,83600.01000000,83600.01000000,83581.73000000,83581.74000000,2.80284000,1790820959999999,234289.16299600,626,0.79460000,66417.74688130,0
1790820960000000,83581.74000000,83591.64000000,83568.01000000,83568.01000000,4.48182000,1790821019999999,374585.25457740,898,2.56457000,214349.02723090,0
1790821020000000,83568.01000000,83588.01000000,83568.01000000,83573.78000000,5.53778000,1790821079999999,462819.52154390,1297,3.29564000,275427.17991120,0
1790821080000000,83573.77000000,83573.77000000,83520.00000000,83520.00000000,5.00695000,1790821139999999,418317.99543870,1133,0.51854000,43323.80061980,0
1790821140000000,83520.00000000,83520.01000000,83514.00000000,83520.01000000,2.95577000,1790821199999999,246861.17901270,486,0.97612000,81522.10547430,0
1790821200000000,83520.01000000,83520.01000000,83468.00000000,83494.00000000,19.48245000,1790821259999999,1626671.29882460,1454,4.86755000,406325.05151390,0
1790821260000000,83494.01000000,83494.01000000,83457.48000000,83457.49000000,7.46253000,1790821319999999,622910.92775690,635,0.67924000,56693.74718000,0
1790821320000000,83457.48000000,83538.00000000,83457.48000000,83492.00000000,17.00219000,1790821379999999,1419671.46647670,2955,8.68848000,725468.00048650,0
1790821380000000,83492.01000000,83534.01000000,83492.00000000,83520.01000000,6.13316000,1790821439999999,512214.07461990,1417,4.32907000,361531.09669650,0
1790821440000000,83520.01000000,83528.01000000,83512.00000000,83512.00000000,1.93883000,1790821499999999,161936.70274910,650,0.94812000,79189.44392690,0
1790821500000000,83512.00000000,83512.00000000,83446.02000000,83446.03000000,5.03442000,1790821559999999,420228.09568820,994,0.24039000,20063.67986190,0
1790821560000000,83446.03000000,83446.03000000,83439.00000000,83439.01000000,2.70143000,1790821619999999,225416.15973180,389,0.38361000,32009.71535310,0
1790821620000000,83439.01000000,83450.01000000,83425.82000000,83425.83000000,5.44387000,1790821679999999,454225.49501060,1111,3.10553000,259115.60369590,0
1790821680000000,83425.82000000,83478.94000000,83425.82000000,83478.94000000,17.91638000,1790821739999999,1495142.96635970,2069,12.77173000,1065732.66146360,0
1790821740000000,83478.94000000,83541.32000000,83478.94000000,83541.31000000,3.31595000,1790821799999999,276922.04845210,1496,2.91019000,243036.02831170,0
1790821800000000,83541.32000000,83596.50000000,83541.31000000,83557.84000000,16.68233000,1790821859999999,1394250.29871080,2354,9.00945000,752859.23994360,0
1790821860000000,83557.84000000,83564.01000000,83538.00000000,83546.46000000,7.82038000,1790821919999999,653386.67657310,1796,3.85348000,321948.84869790,0
1790821920000000,83546.46000000,83590.01000000,83546.45000000,83583.49000000,5.09308000,1790821979999999,425676.26760730,1140,4.20511000,351454.97403140,0
1790821980000000,83583.49000000,83583.50000000,83558.01000000,83558.01000000,6.34124000,1790822039999999,530005.26688150,702,0.17294000,14451.77311600,0
1790822040000000,83558.01000000,83558.01000000,83520.00000000,83541.38000000,12.66269000,1790822099999999,1057751.14271300,1209,10.98218000,917366.82948660,0
1790822100000000,83541.38000000,83554.01000000,83536.03000000,83536.03000000,5.81915000,1790822159999999,486167.82463350,924,1.80928000,151159.07829030,0
1790822160000000,83536.03000000,83536.04000000,83500.00000000,83500.01000000,2.78385000,1790822219999999,232487.26770780,924,0.35346000,29514.03646970,0
1790822220000000,83500.01000000,83500.01000000,83467.60000000,83467.61000000,2.17090000,1790822279999999,181230.05945210,757,0.25134000,20981.97942260,0
1790822280000000,83467.60000000,83467.61000000,83441.89000000,83453.04000000,17.33229000,1790822339999999,1446439.77607270,1813,4.96666000,414440.99094590,0
1790822340000000,83453.05000000,83457.89000000,83423.92000000,83437.49000000,20.85110000,1790822399999999,1739799.11473690,1893,3.21611000,268339.56165330,0
1790822400000000,83437.49000000,83454.23000000,83432.42000000,83452.57000000,16.39889000,1790822459999999,1368423.13011520,1135,2.45475000,204830.58280430,0
1790822460000000,83452.57000000,83468.01000000,83451.88000000,83451.88000000,19.14013000,1790822519999999,1597401.22188060,1051,2.65380000,221480.19343750,0
1790822520000000,83451.89000000,83470.01000000,83448.31000000,83460.92000000,2.49471000,1790822579999999,208204.58122400,748,1.39086000,116072.96577450,0
1790822580000000,83460.92000000,83460.92000000,83453.71000000,83453.71000000,0.89820000,1790822639999999,74962.01942910,354,0.24659000,20580.53919880,0
1790822640000000,83453.72000000,83453.72000000,83447.75000000,83447.75000000,0.45026000,1790822699999999,37574.20644980,269,0.11232000,9373.13505340,0
1790822700000000,83447.75000000,83447.75000000,83424.96000000,83424.98000000,5.12291000,1790822759999999,427390.24337900,548,3.18704000,265879.92151650,0
1790822760000000,83424.98000000,83424.98000000,83424.97000000,83424.98000000,0.41483000,1790822819999999,34607.18277630,132,0.24712000,20615.98105760,0
1790822820000000,83424.98000000,83424.98000000,83423.80000000,83423.81000000,7.50972000,1790822879999999,626492.61120250,210,0.13939000,11628.53325770,0
1790822880000000,83423.81000000,83444.27000000,83423.80000000,83423.80000000,3.82221000,1790822939999999,318885.55094500,1151,2.73656000,228305.38171330,0
1790822940000000,83423.80000000,83423.81000000,83410.39000000,83410.40000000,3.47361000,1790822999999999,289769.08824310,617,0.41044000,34236.89018620,0
1790823000000000,83410.40000000,83445.66000000,83410.39000000,83440.65000000,3.12545000,1790823059999999,260742.07137360,665,2.31707000,193288.45435020,0
1790823060000000,83439.96000000,83456.76000000,83434.21000000,83451.06000000,4.54116000,1790823119999999,378925.98315610,821,1.62005000,135180.58067640,0
1790823120000000,83451.06000000,83466.00000000,83451.05000000,83466.00000000,2.12324000,1790823179999999,177204.56073350,506,1.92479000,160641.96147380,0
1790823180000000,83466.00000000,83497.55000000,83465.99000000,83495.54000000,3.18268000,1790823239999999,265705.37802960,755,2.57885000,215293.41433660,0
1790823240000000,83495.55000000,83495.55000000,83490.82000000,83490.83000000,1.89730000,1790823299999999,158408.58224040,380,0.85189000,71125.37798390,0
1790823300000000,83490.83000000,83499.31000000,83486.00000000,83486.00000000,4.33812000,1790823359999999,362210.19814250,811,2.29858000,191917.22193010,0
1790823360000000,83486.00000000,83515.88000000,83486.00000000,83515.88000000,5.24237000,1790823419999999,437752.16191940,747,5.01055000,418394.56393050,0
1790823420000000,83515.87000000,83522.01000000,83515.87000000,83522.00000000,1.28707000,1790823479999999,107493.48128400,294,0.96401000,80511.78586180,0
1790823480000000,83522.01000000,83522.01000000,83504.30000000,83520.00000000,3.42750000,1790823539999999,286248.24148520,980,1.81835000,151861.27783510,0
1790823540000000,83520.01000000,83520.01000000,83490.78000000,83490.78000000,9.44359000,1790823599999999,788553.83633650,744,0.40253000,33613.43654510,0
1790823600000000,83490.78000000,83520.00000000,83484.00000000,83520.00000000,18.53398000,1790823659999999,1547496.64695810,1320,8.17976000,682956.94887160,0
1790823660000000,83519.99000000,83529.10000000,83519.99000000,83520.39000000,7.33934000,1790823719999999,613015.35766300,550,5.45828000,455900.38494930,0
1790823720000000,83520.39000000,83520.39000000,83502.00000000,83502.01000000,5.12297000,1790823779999999,427828.84086050,656,0.79859000,66691.35587010,0
1790823780000000,83502.00000000,83502.01000000,83484.16000000,83484.17000000,2.78793000,1790823839999999,232779.20328090,900,0.26767000,22348.54116640,0
1790823840000000,83484.17000000,83484.17000000,83455.53000000,83456.01000000,10.46793000,1790823899999999,873725.64850900,997,5.71440000,476974.09460130,0
1790823900000000,83456.01000000,83474.57000000,83456.00000000,83474.56000000,7.06427000,1790823959999999,589584.48543250,723,3.71024000,309666.70890140,0
1790823960000000,83474.56000000,83474.56000000,83424.58000000,83424.58000000,5.40414000,1790824019999999,450988.74934060,1178,0.56257000,46943.02606120,0
1790824020000000,83424.59000000,83471.66000000,83424.58000000,83461.13000000,8.15593000,1790824079999999,680592.50943950,994,6.45253000,538426.69771120,0
1790824080000000,83461.14000000,83470.00000000,83461.13000000,83469.99000000,1.98043000,1790824139999999,165295.81994070,253,1.63763000,136685.19962710,0
1790824140000000,83469.99000000,83474.74000000,83462.74000000,83474.74000000,2.13666000,1790824199999999,178346.35646850,562,1.43945000,120151.13646530,0
1790824200000000,83474.73000000,83490.01000000,83474.73000000,83490.01000000,1.63859000,1790824259999999,136793.65285460,373,1.29969000,108502.04338240,0
1790824260000000,83490.01000000,83513.86000000,83490.01000000,83498.01000000,4.21553000,1790824319999999,352019.40507050,920,1.52294000,127168.62125650,0
1790824320000000,83498.01000000,83498.01000000,83491.60000000,83491.61000000,2.91280000,1790824379999999,243202.01005770,414,0.98338000,82104.02705780,0
1790824380000000,83491.61000000,83491.61000000,83482.00000000,83482.00000000,2.45870000,1790824439999999,205261.43961980,489,1.22653000,102393.64657690,0
1790824440000000,83482.00000000,83482.01000000,83474.00000000,83474.01000000,13.26164000,1790824499999999,1107064.46188080,359,0.75162000,62746.74763620,0
1790824500000000,83474.01000000,83482.01000000,83474.00000000,83482.01000000,2.03978000,1790824559999999,170269.92001960,214,1.70512000,142334.07149960,0
1790824560000000,83482.01000000,83504.64000000,83480.50000000,83504.63000000,2.81825000,1790824619999999,235288.76904530,663,1.77961000,148579.39147950,0
1790824620000000,83504.64000000,83537.51000000,83504.63000000,83504.64000000,4.41430000,1790824679999999,368686.48102850,1457,1.97665000,165088.51518230,0
1790824680000000,83504.64000000,83504.64000000,83473.79000000,83476.00000000,4.94673000,1790824739999999,412967.04412640,1455,1.28772000,107497.17476050,0
1790824740000000,83476.01000000,83477.34000000,83476.00000000,83477.34000000,1.67347000,1790824799999999,139696.42177100,191,0.29773000,24853.45638780,0
1790824800000000,83477.33000000,83477.34000000,83462.13000000,83462.13000000,2.20304000,1790824859999999,183892.05862010,749,0.16511000,13782.52853200,0
1790824860000000,83462.13000000,83462.13000000,83441.07000000,83441.07000000,2.20085000,1790824919999999,183668.84486440,765,0.44542000,37171.18859300,0
1790824920000000,83441.07000000,83441.08000000,83441.07000000,83441.08000000,1.79838000,1790824979999999,150058.75633530,189,0.48687000,40624.95861960,0
1790824980000000,83441.08000000,83471.89000000,83441.07000000,83465.78000000,4.58357000,1790825039999999,382516.07889050,971,3.57764000,298552.25460280,0
1790825040000000,83465.79000000,83465.79000000,83448.87000000,83448.87000000,1.81763000,1790825099999999,151693.96209280,730,0.34909000,29131.75325430,0
1790825100000000,83448.88000000,83448.88000000,83448.87000000,83448.87000000,1.38025000,1790825159999999,115180.31349520,128,1.06777000,89104.21059760,0
1790825160000000,83448.88000000,83500.95000000,83448.87000000,83500.95000000,5.57922000,1790825219999999,465655.67358680,1055,4.99801000,417140.28458870,0
1790825220000000,83500.95000000,83516.01000000,83500.95000000,83506.17000000,4.51452000,1790825279999999,377009.45010260,1016,2.12846000,177746.98646680,0
1790825280000000,83506.18000000,83506.19000000,83506.17000000,83506.19000000,5.53871000,1790825339999999,462516.51215840,197,5.26240000,439442.92183160,0
1790825340000000,83506.18000000,83535.31000000,83506.18000000,83529.33000000,4.24860000,1790825399999999,354875.90903590,929,2.37967000,198760.96162910,0
1790825400000000,83529.32000000,83529.32000000,83498.02000000,83498.02000000,3.61899000,1790825459999999,302218.70097930,829,0.19061000,15917.40111820,0
1790825460000000,83498.02000000,83498.02000000,83470.00000000,83470.00000000,1.70713000,1790825519999999,142516.23751610,725,0.12149000,10142.14628290,0
1790825520000000,83470.00000000,83496.01000000,83470.00000000,83496.01000000,3.26445000,1790825579999999,272518.95685090,936,2.51926000,210300.54773890,0
1790825580000000,83496.01000000,83529.10000000,83496.00000000,83529.10000000,2.89968000,1790825639999999,242163.26337540,940,2.10839000,176082.74158510,0
1790825640000000,83529.10000000,83529.10000000,83524.00000000,83529.09000000,1.78710000,1790825699999999,149269.88479600,382,0.95628000,79873.62738720,0
1790825700000000,83529.10000000,83540.01000000,83526.95000000,83526.96000000,3.74376000,1790825759999999,312720.11642680,787,1.72742000,144291.35701860,0
1790825760000000,83526.96000000,83565.69000000,83526.95000000,83565.69000000,5.15397000,1790825819999999,430571.25948510,1182,4.72496000,394731.21412360,0
1790825820000000,83566.01000000,83608.26000000,83566.01000000,83586.01000000,9.97477000,1790825879999999,833826.06979270,1685,5.12206000,428128.77546790,0
1790825880000000,83586.01000000,83588.01000000,83582.89000000,83586.53000000,2.67783000,1790825939999999,223829.70038000,613,1.01498000,84837.13097710,0
1790825940000000,83586.53000000,83622.38000000,83586.53000000,83622.38000000,6.71512000,1790825999999999,561451.62804990,863,5.35837000,448007.64203970,0
1790826000000000,83622.38000000,83622.38000000,83616.01000000,83616.02000000,1.86914000,1790826059999999,156298.70798890,613,0.57495000,48077.82999110,0
1790826060000000,83616.01000000,83647.22000000,83616.01000000,83638.01000000,7.38257000,1790826119999999,617365.98923440,1359,5.47926000,458177.53316950,0
1790826120000000,83638.01000000,83683.16000000,83638.00000000,83683.16000000,9.32726000,1790826179999999,780227.32564160,1200,8.50123000,711116.76177570,0
1790826180000000,83683.16000000,83713.72000000,83683.16000000,83713.72000000,8.24170000,1790826239999999,689855.68423380,1965,5.86223000,490674.09275330,0
1790826240000000,83713.73000000,83732.01000000,83713.72000000,83714.20000000,8.44638000,1790826299999999,707181.68672430,1786,4.32787000,362352.61964880,0
1790826300000000,83714.20000000,83729.78000000,83678.31000000,83678.32000000,5.88317000,1790826359999999,492449.72880480,1888,0.93083000,77916.28947660,0
1790826360000000,83678.31000000,83724.01000000,83676.00000000,83698.01000000,5.87334000,1790826419999999,491573.29686620,2032,4.05421000,339297.00879060,0
1790826420000000,83698.01000000,83699.92000000,83680.00000000,83683.22000000,6.59002000,1790826479999999,551522.66536990,1686,3.42410000,286563.45609800,0
1790826480000000,83683.21000000,83683.22000000,83638.89000000,83638.90000000,6.46275000,1790826539999999,540687.60281680,1185,1.76176000,147399.22843490,0
1790826540000000,83638.90000000,83668.01000000,83638.20000000,83654.41000000,7.32453000,1790826599999999,612709.31129350,1725,4.22731000,353612.54145670,0
1790826600000000,83654.42000000,83728.01000000,83654.41000000,83728.01000000,8.87481000,1790826659999999,742761.40892820,1943,7.28144000,609394.71453120,0
1790826660000000,83728.00000000,83749.58000000,83724.00000000,83724.01000000,11.19248000,1790826719999999,937298.07295840,1575,8.08963000,677477.76596860,0
1790826720000000,83724.01000000,83750.22000000,83724.00000000,83739.69000000,9.32095000,1790826779999999,780534.10513100,1364,5.46337000,457482.96800440,0
1790826780000000,83739.69000000,83744.01000000,83739.69000000,83744.01000000,2.39482000,1790826839999999,200550.97298010,327,1.57065000,131531.68093110,0
1790826840000000,83744.01000000,83748.01000000,83722.95000000,83748.01000000,5.67262000,1790826899999999,474986.60718150,1459,2.58477000,216429.04262880,0
1790826900000000,83748.01000000,83751.44000000,83704.92000000,83718.29000000,13.40186000,1790826959999999,1122179.40373540,1858,4.90837000,410981.57508150,0
1790826960000000,83718.30000000,83753.61000000,83718.29000000,83751.23000000,2.93074000,1790827019999999,245414.03446580,979,1.90905000,159852.05001080,0
1790827020000000,83751.24000000,83776.01000000,83751.23000000,83773.60000000,5.36782000,1790827079999999,449644.83570250,1025,2.97314000,249038.35610750,0
1790827080000000,83773.61000000,83778.25000000,83764.00000000,83764.01000000,4.85726000,1790827139999999,406909.61441270,787,2.83723000,237689.53983840,0
1790827140000000,83764.01000000,83780.14000000,83750.00000000,83754.01000000,8.82110000,1790827199999999,738883.13136040,1843,4.84258000,405627.97066230,0
1790827200000000,83754.01000000,83771.69000000,83754.01000000,83771.69000000,5.41892000,1790827259999999,453926.57510330,1107,1.71619000,143756.61699380,0
1790827260000000,83771.69000000,83797.22000000,83771.68000000,83773.68000000,11.51974000,1790827319999999,965140.93465100,1968,6.00276000,502910.46722420,0
1790827320000000,83773.67000000,83773.68000000,83765.07000000,83765.07000000,3.82577000,1790827379999999,320477.41963790,764,1.80462000,151168.62459810,0
1790827380000000,83765.07000000,83765.08000000,83765.07000000,83765.07000000,2.12105000,1790827439999999,177669.91522090,175,1.34974000,113061.07907920,0
1790827440000000,83765.07000000,83783.35000000,83760.70000000,83783.34000000,10.03116000,1790827499999999,840302.36692800,943,3.26657000,273646.62796160,0
1790827500000000,83783.34000000,83788.01000000,83773.46000000,83782.00000000,4.50804000,1790827559999999,377679.56008480,1145,2.62082000,219564.87340490,0
1790827560000000,83782.01000000,83814.01000000,83782.00000000,83814.00000000,2.97121000,1790827619999999,248993.49991810,1209,2.19083000,183593.66808820,0
1790827620000000,83814.00000000,83822.01000000,83783.64000000,83783.65000000,5.86965000,1790827679999999,491899.35917460,1526,1.07651000,90223.64330290,0
1790827680000000,83783.64000000,83783.65000000,83760.94000000,83760.95000000,3.24012000,1790827739999999,271435.12009430,812,0.17724000,14845.96124010,0
1790827740000000,83760.95000000,83865.00000000,83760.95000000,83865.00000000,18.55604000,1790827799999999,1555393.17028820,2944,17.06496000,1430442.29628340,0
1790827800000000,83865.00000000,83880.00000000,83858.71000000,83878.01000000,11.57578000,1790827859999999,970902.05074370,2537,8.60192000,721469.69259640,0
1790827860000000,83878.01000000,83934.01000000,83874.00000000,83880.01000000,12.89910000,1790827919999999,1082299.59648310,3603,7.88880000,661915.22501150,0
1790827920000000,83880.01000000,83888.01000000,83869.08000000,83874.01000000,3.67846000,1790827979999999,308535.37075500,1072,2.16268000,181395.78196520,0
1790827980000000,83874.01000000,83896.83000000,83874.00000000,83895.47000000,4.18806000,1790828039999999,351323.86377940,849,2.77602000,232860.46086820,0
1790828040000000,83895.47000000,83938.20000000,83895.47000000,83934.91000000,6.61296000,1790828099999999,554980.84013400,1358,4.73716000,397555.14355870,0
1790828100000000,83934.91000000,83934.92000000,83896.00000000,83896.00000000,3.16107000,1790828159999999,265254.80499240,1290,0.22820000,19147.32986780,0
1790828160000000,83896.00000000,83929.96000000,83895.79000000,83895.80000000,6.92894000,1790828219999999,581365.08499600,1703,2.58170000,216614.65356630,0
1790828220000000,83895.80000000,83905.29000000,83810.00000000,83834.71000000,18.80155000,1790828279999999,1576613.60387660,2923,7.55052000,633217.06444820,0
1790828280000000,83834.70000000,83843.13000000,83790.11000000,83806.73000000,15.96102000,1790828339999999,1337745.86623640,2886,6.56179000,549976.97763440,0
1790828340000000,83806.75000000,83808.01000000,83746.00000000,83746.01000000,11.96852000,1790828399999999,1002637.59006430,2183,4.89181000,409748.71438720,0
1790828400000000,83746.02000000,83764.01000000,83724.00000000,83744.00000000,13.46402000,1790828459999999,1127488.73748270,2828,5.79508000,485308.27166310,0
1790828460000000,83744.01000000,83778.54000000,83720.40000000,83764.00000000,20.68798000,1790828519999999,1732548.88628110,3391,11.74313000,983384.58370040,0
1790828520000000,83764.01000000,83810.01000000,83756.04000000,83810.01000000,7.04813000,1790828579999999,590432.70615950,1604,5.55540000,465385.25074520,0
1790828580000000,83810.00000000,83824.01000000,83805.50000000,83805.50000000,4.37441000,1790828639999999,366646.44534200,855,1.82723000,153149.93428710,0
1790828640000000,83805.51000000,83805.51000000,83788.00000000,83798.00000000,7.98091000,1790828699999999,668784.38956730,807,3.58885000,300741.44000490,0
1790828700000000,83798.01000000,83798.01000000,83790.00000000,83790.00000000,1.39141000,1790828759999999,116590.73672480,437,0.33585000,28142.31577790,0
1790828760000000,83790.00000000,83793.87000000,83790.00000000,83793.87000000,3.45250000,1790828819999999,289289.37732130,640,2.08745000,174909.68979520,0
1790828820000000,83793.86000000,83844.00000000,83793.86000000,83844.00000000,4.87745000,1790828879999999,408821.64313430,1237,4.35167000,364742.64366610,0
1790828880000000,83843.99000000,83867.96000000,83840.00000000,83866.01000000,7.05797000,1790828939999999,591847.91688840,911,4.38819000,367974.15718830,0
1790828940000000,83866.00000000,83866.01000000,83850.98000000,83860.01000000,5.44160000,1790828999999999,456311.51920160,757,2.69667000,226123.77027630,0
1790829000000000,83860.00000000,83896.01000000,83860.00000000,83882.17000000,11.72653000,1790829059999999,983701.66042310,1251,6.63613000,556648.73923500,0
1790829060000000,83882.16000000,83882.17000000,83846.00000000,83846.00000000,3.31809000,1790829119999999,278256.70418450,997,0.13900000,11656.81174040,0
1790829120000000,83846.00000000,83846.01000000,83797.54000000,83797.54000000,6.90394000,1790829179999999,578620.18847130,1012,2.35090000,197023.70288860,0
1790829180000000,83797.55000000,83808.86000000,83782.84000000,83792.01000000,7.10990000,1790829239999999,595769.11403280,1624,2.32514000,194824.70263310,0
1790829240000000,83792.00000000,83806.01000000,83792.00000000,83806.01000000,2.59173000,1790829299999999,217184.53755620,564,1.98460000,166306.40181620,0
1790829300000000,83806.01000000,83818.01000000,83806.00000000,83818.00000000,1.09387000,1790829359999999,91680.43709240,388,0.73106000,61270.42971240,0
1790829360000000,83818.01000000,83856.87000000,83818.00000000,83856.87000000,4.45473000,1790829419999999,373492.11485570,733,4.04534000,339168.28480810,0
1790829420000000,83856.87000000,83881.24000000,83856.86000000,83858.62000000,10.64092000,1790829479999999,892412.33008920,1147,7.10026000,595434.48657920,0
1790829480000000,83858.62000000,83888.55000000,83858.62000000,83882.01000000,3.35485000,1790829539999999,281398.29235210,908,1.99515000,167338.35282270,0
1790829540000000,83882.02000000,83914.00000000,83878.00000000,83900.00000000,8.57246000,1790829599999999,719185.74394680,1953,3.79597000,318456.98661500,0
1790829600000000,83900.01000000,83904.01000000,83890.00000000,83896.00000000,7.99541000,1790829659999999,670786.96860020,1166,5.30589000,445144.37613830,0
1790829660000000,83896.01000000,83916.00000000,83896.00000000,83909.10000000,3.94727000,1790829719999999,331214.67922460,768,3.12503000,262218.60753160,0
1790829720000000,83909.10000000,83909.10000000,83900.00000000,83900.01000000,4.14841000,1790829779999999,348065.55416140,568,1.47123000,123436.88609630,0
1790829780000000,83900.00000000,83913.54000000,83900.00000000,83908.00000000,4.26871000,1790829839999999,358157.37349060,998,3.49649000,293361.68514820,0
1790829840000000,83908.01000000,83930.88000000,83908.00000000,83930.88000000,3.76847000,1790829899999999,316237.21599020,736,2.69162000,225873.24231760,0
1790829900000000,83930.88000000,83939.02000000,83930.87000000,83933.29000000,7.57937000,1790829959999999,636161.52987140,579,5.98474000,502318.43213490,0
1790829960000000,83933.30000000,84118.01000000,83933.30000000,84116.88000000,30.35548000,1790830019999999,2550821.29376670,6166,27.77533000,2334001.37159190,0
1790830020000000,84116.89000000,84116.89000000,84024.01000000,84036.01000000,18.02684000,1790830079999999,1515750.80045090,3463,10.66487000,896756.11482710,0
1790830080000000,84036.01000000,84115.77000000,84036.01000000,84115.76000000,5.83053000,1790830139999999,490197.33477950,2639,4.13737000,347844.87765960,0
1790830140000000,84115.76000000,84140.00000000,84094.28000000,84110.01000000,9.87045000,1790830199999999,830275.82456230,2947,4.53244000,381258.80810340,0
1790830200000000,84110.01000000,84160.89000000,84106.00000000,84160.89000000,19.71784000,1790830259999999,1658688.58673630,2453,15.45464000,1300083.47897310,0
1790830260000000,84160.89000000,84181.64000000,84138.00000000,84168.00000000,14.66395000,1790830319999999,1234084.26148280,2301,10.34105000,870249.12891040,0
1790830320000000,84168.00000000,84207.53000000,84160.00000000,84180.24000000,10.30585000,1790830379999999,867663.90128430,2342,6.84145000,576012.40919070,0
1790830380000000,84180.23000000,84180.23000000,84100.00000000,84100.00000000,13.81250000,1790830439999999,1161947.26437300,2306,8.13427000,684213.84179430,0
1790830440000000,84100.00000000,84124.01000000,84100.00000000,84106.01000000,14.27365000,1790830499999999,1200600.49238270,1765,2.60233000,218873.35371470,0
1790830500000000,84106.01000000,84112.01000000,84046.01000000,84048.03000000,10.50771000,1790830559999999,883406.32517870,2007,3.79214000,318822.49188670,0
1790830560000000,84048.02000000,84054.01000000,83993.35000000,83993.36000000,10.26089000,1790830619999999,862220.48215010,1894,3.11184000,261480.97084430,0
1790830620000000,83993.35000000,84010.93000000,83993.35000000,84010.93000000,12.14084000,1790830679999999,1019882.93447620,1365,5.36701000,450821.64154410,0
1790830680000000,84010.93000000,84055.60000000,84010.92000000,84055.59000000,7.02819000,1790830739999999,590574.82715250,2888,5.04257000,423724.17697370,0
1790830740000000,84055.59000000,84110.01000000,84055.59000000,84110.01000000,6.74530000,1790830799999999,567211.53526590,1406,6.11107000,513880.92525410,0
1790830800000000,84110.01000000,84110.01000000,84052.32000000,84084.01000000,14.97128000,1790830859999999,1258796.90177140,3046,5.27532000,443536.06708960,0
1790830860000000,84084.01000000,84104.01000000,84048.00000000,84048.00000000,7.75113000,1790830919999999,651768.87034060,2576,4.19683000,352921.66734270,0
1790830920000000,84048.00000000,84064.01000000,84032.00000000,84064.01000000,11.11426000,1790830979999999,934126.66094930,1985,8.13541000,683748.35593310,0
1790830980000000,84064.02000000,84136.59000000,84064.02000000,84136.58000000,11.59114000,1790831039999999,974835.17690030,3001,7.76011000,652655.58768310,0
1790831040000000,84136.59000000,84204.71000000,84136.59000000,84204.71000000,6.02865000,1790831099999999,507407.86140930,2061,5.12384000,431263.88917790,0
1790831100000000,84204.72000000,84227.35000000,84184.31000000,84198.01000000,16.24030000,1790831159999999,1367442.64869980,1966,6.16088000,518752.47533540,0
1790831160000000,84198.02000000,84239.00000000,84176.00000000,84227.35000000,13.38026000,1790831219999999,1126913.74332940,2287,9.93154000,836469.87908500,0
1790831220000000,84227.35000000,84227.35000000,84170.98000000,84170.98000000,6.14925000,1790831279999999,517694.20033470,1680,3.03154000,255197.79057400,0
1790831280000000,84170.98000000,84172.01000000,84162.00000000,84170.01000000,3.32938000,1790831339999999,280227.96804560,1057,1.57826000,132835.82318230,0
1790831340000000,84170.01000000,84175.65000000,84160.01000000,84175.65000000,3.21928000,1790831399999999,270950.18799960,1094,1.99351000,167784.12379080,0
1790831400000000,84175.65000000,84175.65000000,84164.01000000,84164.01000000,1.82702000,1790831459999999,153780.03532800,555,0.51309000,43184.96782830,0
1790831460000000,84164.01000000,84278.07000000,84164.01000000,84265.69000000,66.20935000,1790831519999999,5577730.43030660,4084,58.76377000,4950472.10794450,0
1790831520000000,84265.70000000,84265.70000000,84240.00000000,84240.00000000,7.80380000,1790831579999999,657478.87255430,1365,3.73912000,315014.35038250,0
1790831580000000,84240.01000000,84240.01000000,84230.17000000,84232.00000000,5.56134000,1790831639999999,468448.32917590,533,2.78142000,234284.62642190,0
1790831640000000,84232.00000000,84246.01000000,84224.00000000,84246.01000000,3.66177000,1790831699999999,308448.49468050,1032,2.02847000,170867.38344330,0
1790831700000000,84246.00000000,84276.43000000,84238.98000000,84270.01000000,8.19507000,1790831759999999,690499.21138650,1758,4.82182000,406270.35638940,0
1790831760000000,84270.01000000,84270.01000000,84260.45000000,84260.46000000,4.18874000,1790831819999999,352963.74146120,307,1.11332000,93811.48838600,0
1790831820000000,84260.46000000,84262.01000000,84254.00000000,84262.01000000,2.37713000,1790831879999999,200294.09646260,504,1.05800000,89144.10103320,0
1790831880000000,84262.00000000,84262.02000000,84250.82000000,84250.83000000,6.60882000,1790831939999999,556862.22041390,538,3.41952000,288132.59283560,0
1790831940000000,84250.83000000,84314.26000000,84250.82000000,84310.33000000,11.83318000,1790831999999999,997333.68445670,1781,8.92461000,752228.33456710,0
1790832000000000,84310.33000000,84310.34000000,84285.45000000,84295.99000000,5.38949000,1790832059999999,454309.33384780,1045,2.14191000,180540.86400910,0
1790832060000000,84295.99000000,84318.61000000,84285.92000000,84318.61000000,5.14312000,1790832119999999,433570.70632980,1277,2.84890000,240166.05207870,0
1790832120000000,84318.60000000,84318.61000000,84298.00000000,84318.61000000,5.69998000,1790832179999999,480557.99035680,1257,3.48872000,294123.29531650,0
1790832180000000,84318.61000000,84318.61000000,84273.06000000,84280.44000000,6.43573000,1790832239999999,542453.64348330,1869,2.35359000,198372.06143790,0
1790832240000000,84280.44000000,84283.49000000,84263.56000000,84263.56000000,6.59508000,1790832299999999,555799.36988460,1218,1.22120000,102916.84076270,0
1790832300000000,84263.57000000,84272.36000000,84263.56000000,84270.00000000,4.18215000,1790832359999999,352416.12118830,647,2.39442000,201764.65659290,0
1790832360000000,84270.00000000,84270.01000000,84258.00000000,84258.71000000,4.94436000,1790832419999999,416608.57480610,640,3.04394000,256476.78253540,0
1790832420000000,84258.72000000,84266.20000000,84258.71000000,84266.20000000,1.18598000,1790832479999999,99931.82575690,350,0.87909000,74073.15226280,0
1790832480000000,84266.19000000,84281.79000000,84266.19000000,84281.79000000,2.60687000,1790832539999999,219695.72514930,700,2.31504000,195100.74627500,0
1790832540000000,84281.79000000,84288.20000000,84278.01000000,84288.20000000,8.30398000,1790832599999999,699870.43493100,1100,3.30638000,278664.67227040,0
1790832600000000,84288.21000000,84300.00000000,84284.00000000,84284.01000000,5.41101000,1790832659999999,456114.44177960,1370,1.80600000,152235.76783190,0
1790832660000000,84284.01000000,84284.01000000,84280.08000000,84280.09000000,2.80284000,1790832719999999,236230.97451130,457,1.47251000,124109.00826100,0
1790832720000000,84280.08000000,84289.28000000,84276.00000000,84276.01000000,5.96683000,1790832779999999,502920.02427850,1221,2.38447000,200975.79467980,0
1790832780000000,84276.01000000,84276.44000000,84255.02000000,84273.25000000,4.70780000,1790832839999999,396704.04572620,1373,2.97360000,250572.42529250,0
1790832840000000,84273.25000000,84301.59000000,84273.25000000,84301.58000000,4.61112000,1790832899999999,388685.84420240,1112,4.33385000,365314.06481820,0
1790832900000000,84301.58000000,84309.27000000,84291.53000000,84291.53000000,5.29035000,1790832959999999,445986.43141890,1204,1.84413000,155458.41602380,0
1790832960000000,84291.54000000,84308.45000000,84274.41000000,84274.41000000,10.23546000,1790833019999999,862775.61155910,1586,6.19954000,522540.93214310,0
1790833020000000,84274.42000000,84303.57000000,84270.32000000,84303.56000000,2.86964000,1790833079999999,241868.66320560,1141,2.19423000,184940.30538160,0
1790833080000000,84303.56000000,84311.22000000,84300.04000000,84311.22000000,5.56414000,1790833139999999,469096.59582310,852,3.46346000,291994.49508330,0
1790833140000000,84311.22000000,84326.01000000,84293.11000000,84293.11000000,5.32977000,1790833199999999,449371.05621670,1711,2.02735000,170936.21484230,0
1790833200000000,84293.12000000,84318.01000000,84293.11000000,84312.00000000,5.68815000,1790833259999999,479560.11046560,1209,3.07995000,259655.84748310,0
1790833260000000,84312.00000000,84312.01000000,84273.84000000,84273.84000000,7.08336000,1790833319999999,597102.63859640,1184,0.72505000,61116.36531750,0
1790833320000000,84273.84000000,84273.85000000,84264.98000000,84268.38000000,8.83601000,1790833379999999,744586.98489320,639,3.20467000,270048.26056750,0
1790833380000000,84268.38000000,84268.39000000,84224.00000000,84224.00000000,17.54445000,1790833439999999,1478097.49338500,696,2.80343000,236210.26024250,0
1790833440000000,84224.01000000,84224.01000000,84208.00000000,84212.01000000,7.02991000,1790833499999999,592030.96359810,754,3.63485000,306097.21228190,0
1790833500000000,84212.01000000,84230.01000000,84212.01000000,84230.01000000,4.75086000,1790833559999999,400140.28897580,914,4.52354000,380993.78371280,0
1790833560000000,84230.01000000,84230.01000000,84226.75000000,84229.99000000,4.29355000,1790833619999999,361640.80790180,454,1.09955000,92611.66782160,0
1790833620000000,84229.99000000,84230.00000000,84229.99000000,84229.99000000,4.18456000,1790833679999999,352465.44838120,155,0.14268000,12017.93640000,0
1790833680000000,84229.99000000,84240.01000000,84229.99000000,84240.01000000,3.07313000,1790833739999999,258865.90618010,425,1.57718000,132852.29758970,0
1790833740000000,84240.01000000,84287.85000000,84240.00000000,84287.85000000,3.09434000,1790833799999999,260715.33149190,1189,2.55275000,215083.38639290,0
1790833800000000,84287.85000000,84309.43000000,84287.85000000,84303.03000000,2.24469000,1790833859999999,189231.35323590,903,1.40265000,118241.73680010,0
1790833860000000,84303.02000000,84323.04000000,84303.02000000,84323.04000000,5.57730000,1790833919999999,470217.06406600,935,3.26194000,275009.42680440,0
1790833920000000,84323.03000000,84323.04000000,84323.03000000,84323.04000000,1.52973000,1790833979999999,128991.46950080,215,0.08189000,6905.21374560,0
1790833980000000,84323.03000000,84333.33000000,84320.36000000,84333.32000000,5.14715000,1790834039999999,434026.46739890,738,3.85774000,325299.09445810,0
1790834040000000,84333.33000000,84368.00000000,84333.33000000,84349.59000000,7.57715000,1790834099999999,639185.48040650,1716,4.20016000,354299.98973080,0
1790834100000000,84349.59000000,84349.60000000,84316.00000000,84316.01000000,3.69501000,1790834159999999,311603.78351720,856,0.80099000,67549.62711890,0
1790834160000000,84316.01000000,84316.01000000,84304.21000000,84304.21000000,1.92816000,1790834219999999,162570.38116710,289,0.64104000,54049.86106500,0
1790834220000000,84304.21000000,84304.22000000,84280.55000000,84282.00000000,4.47038000,1790834279999999,376800.81741740,495,1.80303000,151965.72651140,0
1790834280000000,84282.00000000,84282.01000000,84264.63000000,84264.65000000,3.84367000,1790834339999999,323925.00355660,784,1.48574000,125203.66157480,0
1790834340000000,84264.65000000,84291.49000000,84264.64000000,84291.48000000,3.13611000,1790834399999999,264291.15608110,1430,1.69911000,143200.47518470,0
1790834400000000,84291.49000000,84297.89000000,84290.13000000,84297.89000000,3.53434000,1790834459999999,297914.14321990,712,2.44927000,206452.36638980,0
1790834460000000,84297.89000000,84300.00000000,84240.35000000,84240.36000000,6.43296000,1790834519999999,542105.48901140,1632,0.43744000,36867.98893910,0
1790834520000000,84240.35000000,84266.20000000,84240.35000000,84264.61000000,5.25210000,1790834579999999,442525.43009190,1844,3.15508000,265834.39391640,0
1790834580000000,84264.61000000,84270.01000000,84264.61000000,84270.01000000,1.47187000,1790834639999999,124031.67657190,358,0.94330000,79489.08267190,0
1790834640000000,84270.00000000,84294.01000000,84270.00000000,84294.00000000,13.59849000,1790834699999999,1146131.27720120,720,12.93018000,1089812.29077040,0
1790834700000000,84294.01000000,84325.50000000,84294.01000000,84302.25000000,7.02068000,1790834759999999,591939.78093300,1331,3.24813000,273835.98826560,0
1790834760000000,84302.25000000,84304.45000000,84296.69000000,84298.56000000,5.55046000,1790834819999999,467909.47104760,844,1.65561000,139566.92684080,0
1790834820000000,84298.56000000,84298.57000000,84278.91000000,84286.05000000,3.24028000,1790834879999999,273097.07851480,782,2.06851000,174334.16368780,0
1790834880000000,84286.05000000,84286.06000000,84279.19000000,84279.19000000,1.37249000,1790834939999999,115676.95977590,293,0.56146000,47320.97469240,0
1790834940000000,84279.20000000,84297.47000000,84279.19000000,84297.46000000,2.24065000,1790834999999999,188853.20790230,785,2.02071000,170315.16119570,0
1790835000000000,84297.46000000,84333.36000000,84297.46000000,84327.35000000,12.82716000,1790835059999999,1081543.20839340,1001,10.90597000,919542.73229430,0
1790835060000000,84327.35000000,84341.63000000,84327.35000000,84341.63000000,2.59660000,1790835119999999,218979.27093480,665,2.23799000,188735.80488830,0
1790835120000000,84341.63000000,84390.01000000,84341.62000000,84388.01000000,16.17643000,1790835179999999,1364951.41122330,1609,13.44537000,1134498.53198120,0
1790835180000000,84388.00000000,84402.21000000,84379.32000000,84399.99000000,28.57471000,1790835239999999,2411490.80416470,1863,23.58341000,1990272.36612840,0
1790835240000000,84400.00000000,84419.69000000,84376.01000000,84376.01000000,9.04800000,1790835299999999,763651.35537990,1846,4.93328000,416366.06288340,0
1790835300000000,84376.02000000,84376.02000000,84368.56000000,84375.81000000,3.20209000,1790835359999999,270174.53216020,539,1.66080000,140127.58178590,0
1790835360000000,84375.81000000,84384.09000000,84366.00000000,84366.01000000,9.49400000,1790835419999999,801064.82102890,976,4.13957000,349288.68316460,0
1790835420000000,84366.01000000,84384.01000000,84366.00000000,84366.00000000,3.43567000,1790835479999999,289879.04499650,1195,1.89277000,159694.86842520,0
1790835480000000,84366.01000000,84366.01000000,84350.91000000,84350.92000000,2.01358000,1790835539999999,169853.86106380,433,0.26348000,22225.63570280,0
1790835540000000,84350.91000000,84350.92000000,84324.37000000,84324.38000000,3.39176000,1790835599999999,286062.37705680,592,0.13994000,11801.33643170,0
1790835600000000,84324.38000000,84324.38000000,84313.47000000,84313.48000000,2.42295000,1790835659999999,204297.46684010,347,0.75547000,63696.62220020,0
1790835660000000,84313.47000000,84313.48000000,84310.01000000,84310.01000000,3.04971000,1790835719999999,257129.81193500,254,0.30212000,25472.38842860,0
1790835720000000,84310.01000000,84339.01000000,84310.01000000,84339.01000000,3.49838000,1790835779999999,294973.25158220,940,3.31746000,279714.80207460,0
1790835780000000,84339.01000000,84339.01000000,84306.51000000,84323.91000000,8.42907000,1790835839999999,710774.46658250,1629,2.27338000,191675.38564420,0
1790835840000000,84323.91000000,84339.01000000,84323.91000000,84339.01000000,2.69029000,1790835899999999,226885.42479370,772,1.39645000,117768.01181130,0
1790835900000000,84339.01000000,84340.01000000,84312.01000000,84332.00000000,6.27742000,1790835959999999,529369.70541900,1339,1.27226000,107280.25122810,0
1790835960000000,84332.00000000,84356.01000000,84332.00000000,84341.40000000,10.03327000,1790836019999999,846328.95457920,1533,3.19182000,269219.75418930,0
1790836020000000,84341.40000000,84341.41000000,84322.84000000,84333.35000000,8.76021000,1790836079999999,738730.09249510,675,1.35768000,114493.12309620,0
1790836080000000,84333.35000000,84345.87000000,84323.79000000,84332.01000000,4.77025000,1790836139999999,402283.39515380,1265,1.24249000,104780.38051830,0
1790836140000000,84332.01000000,84347.35000000,84332.00000000,84347.35000000,2.69221000,1790836199999999,227044.81064340,546,1.39025000,117246.77221840,0
1790836200000000,84347.34000000,84359.22000000,84332.00000000,84332.00000000,5.71751000,1790836259999999,482241.19298610,1514,1.10250000,92992.84367650,0
1790836260000000,84332.01000000,84332.01000000,84288.96000000,84288.96000000,7.79405000,1790836319999999,657115.44256670,1140,1.03338000,87121.79214800,0
1790836320000000,84288.96000000,84288.97000000,84182.68000000,84184.04000000,20.73378000,1790836379999999,1746659.12725940,2475,3.36097000,282993.63055910,0
1790836380000000,84184.05000000,84231.88000000,84177.33000000,84228.00000000,10.47960000,1790836439999999,882364.20673580,2363,5.07686000,427424.50584280,0
1790836440000000,84228.00000000,84228.01000000,84208.06000000,84214.00000000,6.36008000,1790836499999999,535602.81925800,1259,3.06303000,257937.14601330,0
1790836500000000,84214.00000000,84272.01000000,84214.00000000,84246.01000000,6.94152000,1790836559999999,584779.79456660,1787,3.62882000,305686.65259840,0
1790836560000000,84246.01000000,84246.01000000,84208.00000000,84208.00000000,5.47784000,1790836619999999,461372.70640620,1034,0.93890000,79080.67171020,0
1790836620000000,84208.00000000,84208.00000000,84184.06000000,84184.07000000,4.82346000,1790836679999999,406117.44524340,891,0.52292000,44026.09898410,0
1790836680000000,84184.07000000,84184.07000000,84176.13000000,84176.13000000,2.53432000,1790836739999999,213333.74182880,436,0.22327000,18794.04550300,0
1790836740000000,84176.14000000,84176.14000000,84137.93000000,84145.89000000,10.10405000,1790836799999999,850301.50048060,1599,3.27406000,275497.95894480,0
1790836800000000,84145.88000000,84167.90000000,84130.57000000,84130.57000000,13.03992000,1790836859999999,1097294.89138970,2110,4.87167000,409947.07608520,0
1790836860000000,84130.57000000,84130.58000000,84119.78000000,84119.79000000,3.17944000,1790836919999999,267468.26151550,437,0.64122000,53943.19262220,0
1790836920000000,84119.78000000,84135.84000000,84105.76000000,84135.83000000,7.28414000,1790836979999999,612764.73922460,1541,3.29390000,277080.93890020,0
1790836980000000,84135.83000000,84152.00000000,84135.83000000,84152.00000000,4.44232000,1790837039999999,373779.75973720,822,1.26175000,106163.43531140,0
1790837040000000,84152.00000000,84160.90000000,84146.00000000,84160.89000000,7.25323000,1790837099999999,610355.46144740,919,3.18239000,267794.52405000,0
1790837100000000,84160.89000000,84160.90000000,84148.00000000,84148.00000000,3.92982000,1790837159999999,330721.37186330,709,1.43104000,120436.05746830,0
1790837160000000,84148.01000000,84160.90000000,84148.00000000,84153.83000000,4.24187000,1790837219999999,356967.16319360,1055,2.16451000,182147.46934970,0
1790837220000000,84153.83000000,84192.88000000,84153.83000000,84192.87000000,4.75230000,1790837279999999,400016.23572300,943,3.63197000,305715.01945360,0
1790837280000000,84192.87000000,84192.87000000,84166.29000000,84166.29000000,7.82509000,1790837339999999,658728.07039340,1368,2.45892000,206991.07955010,0
1790837340000000,84166.29000000,84166.29000000,84120.00000000,84120.00000000,5.11639000,1790837399999999,430479.93628670,1137,0.37645000,31671.45437530,0
1790837400000000,84120.01000000,84128.43000000,84120.00000000,84122.53000000,4.38306000,1790837459999999,368725.11453600,1185,2.24889000,189185.68308540,0
1790837460000000,84122.53000000,84181.85000000,84122.53000000,84181.84000000,5.26516000,1790837519999999,443044.91037720,1691,4.94193000,415850.29597790,0
1790837520000000,84181.85000000,84194.54000000,84169.22000000,84184.40000000,17.29035000,1790837579999999,1455467.03345120,3068,7.18478000,604789.93914730,0
1790837580000000,84184.40000000,84198.01000000,84184.39000000,84194.01000000,15.17527000,1790837639999999,1277659.89483560,973,13.64465000,1148787.17030690,0
1790837640000000,84194.01000000,84194.01000000,84193.30000000,84193.31000000,2.37271000,1790837699999999,199766.99354720,216,0.38755000,32629.11729050,0
1790837700000000,84193.31000000,84201.73000000,84170.70000000,84170.70000000,4.99881000,1790837759999999,420857.62913580,1232,1.58807000,133707.22718390,0
1790837760000000,84170.70000000,84170.71000000,84170.70000000,84170.70000000,1.74738000,1790837819999999,147078.20888670,151,1.11207000,93603.72146970,0
1790837820000000,84170.71000000,84170.71000000,84150.35000000,84155.10000000,3.57288000,1790837879999999,300685.82372260,690,1.12020000,94266.51010020,0
1790837880000000,84155.09000000,84160.01000000,84146.00000000,84146.01000000,5.28473000,1790837939999999,444739.43387410,849,1.02974000,86658.72604390,0
1790837940000000,84146.01000000,84146.01000000,84121.44000000,84121.45000000,3.37547000,1790837999999999,283991.08887920,687,0.60787000,51147.28220970,0
1790838000000000,84121.45000000,84130.01000000,84114.00000000,84130.00000000,4.74906000,1790838059999999,399476.72464850,874,2.23336000,187862.35193390,0
1790838060000000,84130.01000000,84130.01000000,84072.00000000,84073.35000000,21.47846000,1790838119999999,1806461.30183650,2201,8.77596000,738097.26842640,0
1790838120000000,84073.36000000,84080.95000000,84060.08000000,84080.95000000,14.04840000,1790838179999999,1181071.97523000,1802,8.12735000,683311.54093590,0
1790838180000000,84080.95000000,84080.95000000,84074.00000000,84074.01000000,7.88466000,1790838239999999,662899.21065510,362,3.01000000,253062.94693120,0
1790838240000000,84074.00000000,84127.33000000,84074.00000000,84127.32000000,34.37676000,1790838299999999,2891178.23956180,1582,29.94549000,2518500.12658700,0
1790838300000000,84127.33000000,84143.39000000,84107.33000000,84143.38000000,19.31108000,1790838359999999,1624492.58488590,1895,8.91855000,750262.86788920,0
1790838360000000,84143.38000000,84143.38000000,84116.29000000,84126.07000000,8.23467000,1790838419999999,692712.45474070,1235,5.04653000,424515.92086150,0
1790838420000000,84126.07000000,84143.39000000,84110.00000000,84126.01000000,18.82139000,1790838479999999,1583369.44697720,1974,8.06175000,678143.81014150,0
1790838480000000,84126.02000000,84168.79000000,84114.01000000,84168.78000000,12.44549000,1790838539999999,1046981.18547540,1744,9.69738000,815808.48432300,0
1790838540000000,84168.78000000,84213.94000000,84168.78000000,84196.11000000,23.75778000,1790838599999999,2000508.95324910,1771,11.95880000,1006936.85971460,0
1790838600000000,84196.11000000,84214.18000000,84185.50000000,84188.41000000,12.31477000,1790838659999999,1036920.18400060,2078,8.34224000,702423.68273570,0
1790838660000000,84188.41000000,84189.76000000,84134.02000000,84134.02000000,16.22234000,1790838719999999,1365418.73855340,1789,3.98278000,335261.20285980,0
1790838720000000,84134.02000000,84134.02000000,84100.00000000,84100.01000000,14.28632000,1790838779999999,1201606.76995610,923,2.28912000,192534.36309200,0
1790838780000000,84100.00000000,84100.00000000,84055.60000000,84055.61000000,13.24792000,1790838839999999,1113776.13128620,1895,6.14637000,516727.40781680,0
1790838840000000,84055.60000000,84064.02000000,84055.60000000,84055.62000000,4.28001000,1790838899999999,359768.93863390,753,1.60840000,135196.08798980,0
1790838900000000,84055.61000000,84055.62000000,84037.99000000,84055.59000000,15.27840000,1790838959999999,1284038.12236390,1370,4.60802000,387281.44370420,0
1790838960000000,84055.60000000,84088.96000000,84044.24000000,84044.25000000,6.37060000,1790839019999999,535530.11225890,1713,2.66418000,223955.14964160,0
1790839020000000,84044.24000000,84044.25000000,83924.00000000,83924.00000000,14.84715000,1790839079999999,1246986.74616490,3073,0.30140000,25312.24597970,0
1790839080000000,83924.01000000,83977.57000000,83924.00000000,83938.69000000,22.10788000,1790839139999999,1855848.75229750,2826,6.93567000,582201.46630060,0
1790839140000000,83938.70000000,83938.70000000,83854.71000000,83854.71000000,17.07664000,1790839199999999,1432536.79205760,3063,3.33880000,280081.34871460,0
1790839200000000,83854.72000000,83854.72000000,83700.00000000,83710.61000000,45.13798000,1790839259999999,3781110.01332370,5546,8.03726000,673181.53131220,0
1790839260000000,83710.70000000,83713.57000000,83610.00000000,83652.65000000,45.00012000,1790839319999999,3765260.21415920,5896,17.43047000,1458479.82878590,0
1790839320000000,83652.65000000,83704.68000000,83613.61000000,83665.87000000,29.79202000,1790839379999999,2492242.52431180,4892,14.15137000,1183834.46485820,0
1790839380000000,83665.87000000,83680.13000000,83596.86000000,83596.86000000,24.15582000,1790839439999999,2020210.81707320,3966,12.22091000,1022009.18570530,0
1790839440000000,83596.87000000,83596.87000000,83400.00000000,83404.00000000,100.80379000,1790839499999999,8416414.24157910,8537,31.69082000,2645642.41047040,0
1790839500000000,83404.01000000,83484.34000000,83374.46000000,83375.11000000,44.99810000,1790839559999999,3753464.70047840,6684,21.13982000,1763345.67693090,0
1790839560000000,83375.10000000,83467.96000000,83333.70000000,83380.51000000,67.39275000,1790839619999999,5621076.57910750,7402,32.38310000,2701241.62944530,0
1790839620000000,83380.51000000,83389.36000000,83321.71000000,83349.03000000,61.31143000,1790839679999999,5109891.49738350,5687,10.48912000,874268.65027780,0
1790839680000000,83349.02000000,83394.13000000,83330.29000000,83361.15000000,22.48828000,1790839739999999,1874565.68201110,3781,10.71454000,893138.41965100,0
1790839740000000,83361.15000000,83390.99000000,83321.72000000,83364.29000000,16.02956000,1790839799999999,1336220.16973790,5009,5.92778000,494111.67096420,0
1790839800000000,83364.30000000,83471.19000000,83343.41000000,83465.16000000,48.49939000,1790839859999999,4045195.53884780,6156,30.73973000,2564101.85962150,0
1790839860000000,83465.16000000,83521.38000000,83449.62000000,83516.31000000,34.51741000,1790839919999999,2881395.60229420,4023,22.30509000,1861903.13040140,0
1790839920000000,83516.32000000,83569.58000000,83513.32000000,83547.27000000,29.51074000,1790839979999999,2465463.92619190,2708,16.10204000,1345184.03994350,0
1790839980000000,83547.27000000,83635.08000000,83547.26000000,83634.41000000,22.54084000,1790840039999999,1884382.15287040,3290,14.94763000,1249556.26746910,0
1790840040000000,83634.41000000,83652.90000000,83608.47000000,83652.90000000,24.99661000,1790840099999999,2090491.07513600,3491,14.25926000,1192496.33845170,0
1790840100000000,83652.91000000,83672.71000000,83576.66000000,83576.66000000,26.86804000,1790840159999999,2247118.00488130,2629,12.04253000,1007225.12140060,0
1790840160000000,83576.66000000,83582.02000000,83478.94000000,83560.97000000,34.45668000,1790840219999999,2878457.00114090,2997,20.67582000,1727229.66310200,0
1790840220000000,83560.97000000,83593.78000000,83528.02000000,83540.09000000,23.44024000,1790840279999999,1958804.41682610,3400,10.40114000,869162.15264400,0
1790840280000000,83540.08000000,83597.51000000,83530.50000000,83565.54000000,18.10397000,1790840339999999,1512884.70407730,2562,8.57659000,716716.19505960,0
1790840340000000,83565.53000000,83596.54000000,83515.18000000,83515.19000000,44.12141000,1790840399999999,3686083.75230880,3098,20.77409000,1735546.38234600,0
1790840400000000,83515.18000000,83515.19000000,83388.37000000,83394.08000000,51.56905000,1790840459999999,4302383.84303030,3416,23.49449000,1960062.69160190,0
1790840460000000,83394.08000000,83519.58000000,83381.56000000,83494.24000000,37.98550000,1790840519999999,3169674.42102740,4680,18.79636000,1568403.81638830,0
1790840520000000,83494.24000000,83529.10000000,83494.24000000,83529.10000000,25.95990000,1790840579999999,2167924.72107770,2561,11.85624000,990102.90374030,0
1790840580000000,83529.09000000,83564.12000000,83529.09000000,83541.48000000,17.71191000,1790840639999999,1479625.09662930,2304,11.40970000,953124.55520580,0
1790840640000000,83541.48000000,83590.14000000,83501.57000000,83544.14000000,31.06913000,1790840699999999,2595685.62281970,4928,17.30352000,1445593.73983740,0
1790840700000000,83544.14000000,83595.91000000,83501.57000000,83595.90000000,16.24235000,1790840759999999,1356900.09860210,1695,7.54053000,630013.96182240,0
1790840760000000,83595.90000000,83610.57000000,83565.07000000,83597.86000000,16.97359000,1790840819999999,1418783.88336310,2096,9.33958000,780665.60663350,0
1790840820000000,83597.85000000,83646.06000000,83590.40000000,83646.05000000,15.39256000,1790840879999999,1286994.43288070,1802,9.29242000,776956.28930070,0
1790840880000000,83646.05000000,83658.52000000,83570.00000000,83596.65000000,12.32153000,1790840939999999,1030230.89619160,1743,6.33050000,529289.26025940,0
1790840940000000,83596.65000000,83596.65000000,83550.62000000,83550.62000000,15.96420000,1790840999999999,1334135.37076130,1278,5.56610000,465154.39328950,0
1790841000000000,83550.63000000,83595.26000000,83550.62000000,83575.78000000,11.37822000,1790841059999999,950890.79013570,2194,6.83405000,571112.44260200,0
1790841060000000,83575.77000000,83621.44000000,83575.77000000,83605.48000000,9.12963000,1790841119999999,763315.90598390,976,5.18744000,433693.15061690,0
1790841120000000,83605.47000000,83615.89000000,83540.00000000,83540.19000000,11.59726000,1790841179999999,969139.25912290,2297,4.90311000,409717.02822730,0
1790841180000000,83540.19000000,83557.72000000,83531.23000000,83535.24000000,13.59377000,1790841239999999,1135694.91717390,1321,6.71059000,560628.38743990,0
1790841240000000,83535.23000000,83561.55000000,83531.17000000,83531.18000000,10.80189000,1790841299999999,902512.45282160,1142,7.15458000,597771.39410460,0
1790841300000000,83531.18000000,83580.00000000,83531.18000000,83579.99000000,9.71229000,1790841359999999,811496.87895640,1010,7.28255000,608482.44092930,0
1790841360000000,83579.99000000,83587.30000000,83550.86000000,83562.38000000,9.46493000,1790841419999999,790957.23818570,1045,4.42821000,370021.27068500,0
1790841420000000,83562.38000000,83562.39000000,83414.27000000,83414.28000000,25.81141000,1790841479999999,2155041.91731320,1907,6.50730000,543254.56096520,0
1790841480000000,83414.27000000,83470.70000000,83400.00000000,83470.69000000,12.15289000,1790841539999999,1014058.68007420,2111,9.01714000,752415.11687160,0
1790841540000000,83470.69000000,83470.70000000,83429.93000000,83429.93000000,13.39690000,1790841599999999,1117944.99491410,1329,7.06597000,589627.24365180,0
1790841600000000,83429.93000000,83493.36000000,83423.79000000,83467.13000000,27.38587000,1790841659999999,2285493.17386840,2059,20.60573000,1719627.24278480,0
1790841660000000,83467.12000000,83474.82000000,83420.42000000,83420.43000000,11.47962000,1790841719999999,958032.95498820,1346,8.21009000,685190.03481170,0
1790841720000000,83420.42000000,83471.40000000,83400.00000000,83471.39000000,16.13680000,1790841779999999,1346354.04823800,1715,12.70549000,1060018.77530330,0
1790841780000000,83471.39000000,83526.45000000,83467.64000000,83509.04000000,20.67547000,1790841839999999,1726342.41495660,1498,10.49868000,876597.28220130,0
1790841840000000,83509.04000000,83529.10000000,83479.33000000,83508.74000000,30.81548000,1790841899999999,2573236.76955080,2312,22.69790000,1895354.36274060,0
1790841900000000,83508.73000000,83508.73000000,83429.31000000,83429.32000000,35.35021000,1790841959999999,2950402.90865100,2429,24.56411000,2050107.64179240,0
1790841960000000,83429.31000000,83442.55000000,83393.66000000,83416.36000000,54.13025000,1790842019999999,4515226.98363270,2670,22.14505000,1847206.02194010,0
1790842020000000,83416.36000000,83445.84000000,83416.36000000,83445.83000000,28.66735000,1790842079999999,2391958.75842540,1367,21.96739000,1832946.39083910,0
1790842080000000,83445.83000000,83453.04000000,83365.48000000,83372.18000000,27.97672000,1790842139999999,2333247.76939160,2199,20.76526000,1731787.58594620,0
1790842140000000,83372.19000000,83401.18000000,83340.00000000,83401.17000000,30.09453000,1790842199999999,2508898.43625030,2011,20.88278000,1740955.67721380,0
1790842200000000,83401.17000000,83450.00000000,83380.00000000,83450.00000000,27.21758000,1790842259999999,2270273.04005820,2038,20.56944000,1715777.54205410,0
1790842260000000,83450.00000000,83457.59000000,83380.00000000,83406.96000000,30.00294000,1790842319999999,2502633.16949700,2881,21.37038000,1782478.05243800,0
1790842320000000,83406.96000000,83431.35000000,83372.00000000,83388.29000000,35.23632000,1790842379999999,2938544.57505250,3583,25.08979000,2092338.18051360,0
1790842380000000,83388.30000000,83407.54000000,83364.00000000,83372.43000000,34.37353000,1790842439999999,2866354.80887050,2115,23.93954000,1996228.85969720,0
1790842440000000,83372.43000000,83392.96000000,83358.00000000,83392.95000000,33.29632000,1790842499999999,2776018.99612300,1950,25.42896000,2120113.68644350,0
1790842500000000,83392.96000000,83421.02000000,83374.95000000,83398.73000000,31.99864000,1790842559999999,2668510.61790800,2152,25.56433000,2131920.84291520,0
1790842560000000,83398.72000000,83456.87000000,83398.72000000,83442.01000000,35.88447000,1790842619999999,2993732.94242210,3261,24.48755000,2042864.23871110,0
1790842620000000,83442.00000000,83442.01000000,83382.00000000,83439.27000000,32.10620000,1790842679999999,2677859.81392410,3285,22.53420000,1879482.40422590,0
1790842680000000,83439.27000000,83477.70000000,83430.00000000,83431.50000000,36.34976000,1790842739999999,3033457.52712980,3822,23.19712000,1935836.08232750,0
1790842740000000,83431.50000000,83439.49000000,83391.45000000,83391.45000000,41.57990000,1790842799999999,3468179.28481490,2920,23.67791000,1975015.83165790,0
1790842800000000,83391.46000000,83392.34000000,83350.00000000,83350.00000000,33.98537000,1790842859999999,2833503.26015850,2834,22.60640000,1884807.18149320,0
1790842860000000,83350.00000000,83409.49000000,83350.00000000,83384.00000000,32.50857000,1790842919999999,2710801.71992330,3270,24.21832000,2019475.27425440,0
1790842920000000,83384.01000000,83439.50000000,83384.00000000,83420.58000000,28.35974000,1790842979999999,2365596.69674180,2471,21.01200000,1752663.96946080,0
1790842980000000,83420.59000000,83444.21000000,83403.10000000,83434.53000000,25.86141000,1790843039999999,2157489.84262480,3040,17.89498000,1492873.00051500,0
1790843040000000,83434.54000000,83434.54000000,83412.00000000,83412.00000000,13.67325000,1790843099999999,1140703.10734550,1879,2.80305000,233832.74749060,0
1790843100000000,83412.01000000,83458.01000000,83412.00000000,83457.52000000,10.15433000,1790843159999999,847255.57994860,1942,7.78553000,649582.44772060,0
1790843160000000,83457.53000000,83477.70000000,83442.00000000,83477.69000000,10.84136000,1790843219999999,904774.31765320,2088,6.60446000,551186.38490110,0
1790843220000000,83477.69000000,83477.70000000,83446.00000000,83446.01000000,9.80496000,1790843279999999,818340.89904130,2174,4.78749000,399566.13305170,0
1790843280000000,83446.00000000,83452.15000000,83431.30000000,83431.30000000,17.91401000,1790843339999999,1494718.15586520,1604,6.99639000,583752.91056740,0
1790843340000000,83431.30000000,83440.00000000,83431.30000000,83431.30000000,9.22597000,1790843399999999,769759.06732510,879,3.53983000,295341.07540540,0
1790843400000000,83431.30000000,83431.30000000,83331.82000000,83365.91000000,27.68215000,1790843459999999,2307546.08639970,3229,3.36232000,280264.80236540,0
1790843460000000,83366.01000000,83393.18000000,83294.11000000,83294.11000000,35.01870000,1790843519999999,2917974.48696910,4532,7.29475000,608021.82426230,0
1790843520000000,83294.12000000,83308.88000000,83196.72000000,83196.73000000,39.40320000,1790843579999999,3279889.84788340,6102,9.96837000,829749.03636260,0
1790843580000000,83196.73000000,83263.15000000,83188.00000000,83263.15000000,32.05503000,1790843639999999,2667940.46949330,4282,21.29974000,1772896.27791100,0
1790843640000000,83263.14000000,83263.15000000,83216.00000000,83216.01000000,11.27103000,1790843699999999,938153.12736310,2352,2.98420000,248417.19900930,0
1790843700000000,83216.00000000,83254.72000000,83186.00000000,83251.72000000,15.82128000,1790843759999999,1316443.56990530,4047,12.07700000,1004895.34572470,0
1790843760000000,83251.72000000,83366.91000000,83251.72000000,83324.47000000,30.14035000,1790843819999999,2511369.82952300,5346,22.15243000,1845666.34301890,0
1790843820000000,83324.47000000,83386.40000000,83316.18000000,83384.00000000,13.68991000,1790843879999999,1141175.93612520,2714,9.73593000,811574.50190710,0
1790843880000000,83384.00000000,83425.89000000,83350.02000000,83410.01000000,15.14507000,1790843939999999,1262987.86274220,3891,7.93613000,661803.57460480,0
1790843940000000,83410.00000000,83500.01000000,83410.00000000,83491.12000000,30.91089000,1790843999999999,2580129.35944530,4248,16.58170000,1383892.21001920,0
1790844000000000,83491.21000000,83498.00000000,83426.49000000,83436.02000000,25.87285000,1790844059999999,2159380.10309830,4117,7.11092000,593379.40867260,0
1790844060000000,83436.01000000,83491.12000000,83420.65000000,83491.11000000,12.17813000,1790844119999999,1016385.26732390,3133,6.71663000,560567.68118300,0
1790844120000000,83491.11000000,83565.34000000,83491.11000000,83562.66000000,19.44724000,1790844179999999,1624284.68188760,2871,16.03576000,1339376.97284060,0
1790844180000000,83562.65000000,83562.65000000,83508.16000000,83508.17000000,5.13351000,1790844239999999,428818.90028950,1801,0.89542000,74786.69930600,0
1790844240000000,83508.17000000,83517.60000000,83491.11000000,83491.18000000,24.30372000,1790844299999999,2029411.95958910,1446,6.18443000,516437.35426460,0
1790844300000000,83491.18000000,83496.01000000,83469.01000000,83469.01000000,8.83264000,1790844359999999,737353.45269290,2062,5.49058000,458355.03801490,0
1790844360000000,83469.02000000,83483.57000000,83450.00000000,83470.67000000,6.63591000,1790844419999999,553887.20843460,1681,3.35202000,279777.68765660,0
1790844420000000,83470.67000000,83520.00000000,83470.66000000,83516.01000000,19.46670000,1790844479999999,1625578.37846070,1794,12.50425000,1044146.34150820,0
1790844480000000,83516.01000000,83520.00000000,83484.00000000,83518.65000000,28.22647000,1790844539999999,2356914.87985210,2567,10.45448000,872925.24306000,0
1790844540000000,83518.66000000,83518.66000000,83488.63000000,83491.10000000,28.11285000,1790844599999999,2347319.44118270,1895,10.51234000,877743.58551280,0
1790844600000000,83491.11000000,83492.37000000,83456.33000000,83456.33000000,16.98871000,1790844659999999,1418326.53236070,1807,7.14727000,596700.65301230,0
1790844660000000,83456.33000000,83544.01000000,83441.68000000,83543.77000000,19.51339000,1790844719999999,1629412.21389360,3954,12.52977000,1046251.42870480,0
1790844720000000,83543.78000000,83560.00000000,83543.78000000,83552.01000000,6.87695000,1790844779999999,574596.37300260,1221,3.26071000,272443.60445170,0
1790844780000000,83552.00000000,83552.01000000,83497.68000000,83497.69000000,6.69329000,1790844839999999,559044.22952740,1552,0.62890000,52525.19707590,0
1790844840000000,83497.68000000,83529.10000000,83490.89000000,83524.01000000,32.86194000,1790844899999999,2744027.42063440,2409,19.81902000,1654919.62232470,0
1790844900000000,83524.01000000,83565.34000000,83504.00000000,83565.34000000,22.25495000,1790844959999999,1858849.68996550,2872,10.88741000,909377.89707880,0
1790844960000000,83565.33000000,83582.44000000,83565.33000000,83578.00000000,20.62272000,1790845019999999,1723555.27056980,1361,9.45045000,789826.88346020,0
1790845020000000,83578.01000000,83578.01000000,83548.84000000,83551.35000000,26.66891000,1790845079999999,2228712.06746010,2014,11.20550000,936432.15395110,0
1790845080000000,83551.34000000,83566.00000000,83551.34000000,83560.99000000,17.19840000,1790845139999999,1437069.95464740,1656,10.72803000,896419.42884950,0
1790845140000000,83561.00000000,83566.98000000,83558.58000000,83566.97000000,16.68351000,1790845199999999,1394093.35016960,1211,11.27237000,941919.73309450,0
1790845200000000,83566.98000000,83614.28000000,83566.97000000,83577.67000000,29.87141000,1790845259999999,2496948.16938800,3037,15.49412000,1295151.45553530,0
1790845260000000,83577.67000000,83577.67000000,83558.46000000,83558.46000000,13.51347000,1790845319999999,1129218.01679650,924,5.98309000,499955.46311830,0
1790845320000000,83558.47000000,83581.61000000,83558.46000000,83562.06000000,16.34590000,1790845379999999,1365961.67423990,2342,8.06638000,674052.39316020,0
1790845380000000,83562.06000000,83577.99000000,83562.06000000,83574.00000000,20.34540000,1790845439999999,1700236.05481920,1309,10.78728000,901477.99809150,0
1790845440000000,83574.01000000,83600.53000000,83574.00000000,83600.53000000,12.64556000,1790845499999999,1057022.57173460,1580,7.42178000,620380.45985720,0
1790845500000000,83600.53000000,83611.60000000,83600.53000000,83602.00000000,6.21124000,1790845559999999,519318.34736300,835,1.44432000,120754.87808910,0
1790845560000000,83602.01000000,83617.57000000,83602.00000000,83613.54000000,15.52818000,1790845619999999,1298274.36501960,1140,7.47630000,625060.73342180,0
1790845620000000,83613.54000000,83646.67000000,83613.54000000,83626.00000000,18.63864000,1790845679999999,1558815.18693060,2657,9.46757000,791797.22821240,0
1790845680000000,83626.01000000,83630.92000000,83625.00000000,83625.00000000,7.47985000,1790845739999999,625539.25592360,725,3.57935000,299339.07022340,0
1790845740000000,83625.01000000,83638.96000000,83625.00000000,83638.96000000,10.13470000,1790845799999999,847605.14672040,698,4.85637000,406150.80193690,0
1790845800000000,83638.95000000,83705.99000000,83638.95000000,83705.99000000,17.67434000,1790845859999999,1478749.41809340,2777,11.26045000,942143.33450070,0
1790845860000000,83705.99000000,83762.01000000,83665.49000000,83685.99000000,24.09388000,1790845919999999,2017123.27970900,4102,12.70243000,1063417.07404160,0
1790845920000000,83685.99000000,83703.09000000,83667.27000000,83667.27000000,22.04819000,1790845979999999,1845267.81039110,2926,10.23584000,856677.11961530,0
1790845980000000,83667.28000000,83685.35000000,83635.16000000,83685.34000000,9.75838000,1790846039999999,816345.81414840,1775,5.01651000,419654.63542310,0
1790846040000000,83685.35000000,83690.38000000,83677.69000000,83690.38000000,6.58001000,1790846099999999,550612.63364330,742,5.55291000,464659.15041780,0
1790846100000000,83690.38000000,83710.45000000,83684.00000000,83684.00000000,16.77078000,1790846159999999,1403708.43217220,1499,10.64599000,891076.57270960,0
1790846160000000,83684.01000000,83698.57000000,83682.00000000,83682.00000000,6.33892000,1790846219999999,530487.37775640,872,2.84877000,238409.77780200,0
1790846220000000,83682.01000000,83695.07000000,83675.38000000,83691.18000000,5.71096000,1790846279999999,477943.85451710,1175,3.27129000,273770.39476760,0
1790846280000000,83691.18000000,83739.70000000,83691.18000000,83733.34000000,15.25844000,1790846339999999,1277335.25065610,1924,12.44320000,1041601.46068790,0
1790846340000000,83733.35000000,83733.35000000,83711.87000000,83713.21000000,6.14633000,1790846399999999,514591.81681410,989,2.35795000,197411.92878350,0
1790846400000000,83713.21000000,83733.35000000,83713.21000000,83718.01000000,3.47082000,1790846459999999,290592.12925170,1473,1.53849000,128806.56010970,0
1790846460000000,83718.00000000,83775.02000000,83718.00000000,83770.99000000,12.96352000,1790846519999999,1085693.22706840,1614,8.52960000,714344.04930280,0
1790846520000000,83770.99000000,83793.10000000,83770.00000000,83770.00000000,8.13148000,1790846579999999,681312.49362170,1974,3.44812000,288907.87165790,0
1790846580000000,83770.00000000,83770.01000000,83718.00000000,83718.01000000,7.67787000,1790846639999999,642927.13205950,970,1.45728000,122005.12005610,0
1790846640000000,83718.00000000,83751.77000000,83718.00000000,83742.00000000,12.17801000,1790846699999999,1019844.36949680,1316,6.75454000,565639.49566900,0
1790846700000000,83742.00000000,83747.80000000,83736.43000000,83747.79000000,20.22420000,1790846759999999,1693645.94679120,1230,10.39597000,870594.78102820,0
1790846760000000,83747.80000000,83747.80000000,83738.00000000,83738.00000000,23.93196000,1790846819999999,2004141.49641200,1462,11.07770000,927684.41534820,0
1790846820000000,83738.01000000,83738.01000000,83709.83000000,83709.84000000,22.05734000,1790846879999999,1846838.42714040,2279,10.27310000,860159.00403510,0
1790846880000000,83709.83000000,83754.01000000,83709.83000000,83754.00000000,4.83955000,1790846939999999,405241.76367900,1827,3.19973000,267916.96070170,0
1790846940000000,83754.00000000,83761.88000000,83754.00000000,83761.88000000,0.92811000,1790846999999999,77734.93487930,486,0.85901000,71947.30908160,0
1790847000000000,83761.88000000,83818.18000000,83761.88000000,83804.01000000,8.64014000,1790847059999999,724067.92366210,2608,4.96307000,415893.69222940,0
1790847060000000,83804.00000000,83826.01000000,83804.00000000,83826.01000000,3.43909000,1790847119999999,288242.86583940,823,2.38284000,199717.17477940,0
1790847120000000,83826.00000000,83887.25000000,83826.00000000,83878.00000000,10.70920000,1790847179999999,898135.71223170,4336,5.98916000,502250.80525480,0
1790847180000000,83878.00000000,83878.00000000,83843.47000000,83843.48000000,11.24201000,1790847239999999,942706.31665140,1819,6.49676000,544785.97920780,0
1790847240000000,83843.48000000,83843.48000000,83804.00000000,83808.00000000,12.32876000,1790847299999999,1033510.56517430,1930,1.68601000,141331.78615920,0
1790847300000000,83808.00000000,83838.01000000,83807.99000000,83838.01000000,1.87722000,1790847359999999,157346.93858880,1153,1.60832000,134806.28444900,0
1790847360000000,83838.01000000,83838.42000000,83801.03000000,83801.04000000,5.81776000,1790847419999999,487660.40192210,1477,1.53250000,128480.11649960,0
1790847420000000,83801.04000000,83838.42000000,83801.03000000,83838.41000000,12.87601000,1790847479999999,1079155.59915680,1373,7.17238000,601131.15795400,0
1790847480000000,83838.41000000,83838.42000000,83820.11000000,83820.11000000,5.19450000,1790847539999999,435487.04792470,658,4.00106000,335441.36616990,0
1790847540000000,83820.12000000,83840.01000000,83808.65000000,83840.01000000,5.72124000,1790847599999999,479592.07938530,1474,2.61208000,218958.45768880,0
1790847600000000,83840.01000000,83849.43000000,83840.00000000,83849.43000000,8.09973000,1790847659999999,679152.43567820,563,4.39237000,368293.16424540,0
1790847660000000,83849.42000000,83854.47000000,83843.85000000,83854.46000000,13.73848000,1790847719999999,1151954.71524110,1378,7.80922000,654793.33400290,0
1790847720000000,83854.46000000,83854.47000000,83850.78000000,83854.47000000,1.79855000,1790847779999999,150813.79720960,686,1.16487000,97678.16163910,0
1790847780000000,83854.47000000,83874.91000000,83854.47000000,83874.90000000,20.05362000,1790847839999999,1681972.27288920,1305,10.57055000,886587.06961040,0
1790847840000000,83874.91000000,83887.25000000,83874.90000000,83887.25000000,32.69061000,1790847899999999,2742290.46794410,1325,22.39989000,1879044.10733850,0
1790847900000000,83887.24000000,83887.25000000,83851.11000000,83857.04000000,18.55583000,1790847959999999,1556303.08194020,2218,6.73139000,564550.76823130,0
1790847960000000,83857.04000000,83873.62000000,83857.04000000,83870.00000000,13.92857000,1790848019999999,1168183.79125720,1857,6.94854000,582762.92915700,0
1790848020000000,83870.01000000,83881.00000000,83870.00000000,83880.99000000,17.14383000,1790848079999999,1437910.86315780,1431,8.62195000,723152.26398230,0
1790848080000000,83880.99000000,83896.01000000,83880.42000000,83880.42000000,12.73230000,1790848139999999,1068099.64009160,1499,5.00723000,420048.50486740,0
1790848140000000,83880.43000000,83880.43000000,83838.00000000,83852.00000000,23.03772000,1790848199999999,1931837.20350760,2926,11.14480000,934532.22670950,0
1790848200000000,83852.00000000,83854.08000000,83816.94000000,83854.08000000,25.14533000,1790848259999999,2108074.30887800,3388,13.80292000,1157150.09983610,0
1790848260000000,83854.08000000,83854.08000000,83844.01000000,83848.01000000,14.12357000,1790848319999999,1184224.06940010,1545,6.48591000,543824.54229360,0
1790848320000000,83848.00000000,83848.01000000,83813.91000000,83813.92000000,3.83852000,1790848379999999,321788.77252180,1511,0.73006000,61200.28197230,0
1790848380000000,83813.92000000,83813.92000000,83782.23000000,83805.82000000,5.31232000,1790848439999999,445162.96709130,2010,1.62492000,136152.00551500,0
1790848440000000,83805.83000000,83806.01000000,83796.31000000,83806.00000000,5.90738000,1790848499999999,495067.74576630,1445,1.11500000,93440.73950520,0
1790848500000000,83806.00000000,83806.01000000,83775.57000000,83775.57000000,3.21857000,1790848559999999,269678.56591840,1100,0.74253000,62209.33269900,0
1790848560000000,83775.57000000,83775.58000000,83748.00000000,83758.02000000,5.65191000,1790848619999999,473424.21774930,1431,1.92780000,161458.74126410,0
1790848620000000,83758.01000000,83790.01000000,83758.00000000,83790.01000000,10.12997000,1790848679999999,848523.17161160,2073,5.39638000,452026.28651690,0
1790848680000000,83790.00000000,83795.18000000,83790.00000000,83792.01000000,7.09537000,1790848739999999,594532.49435170,770,3.21143000,269091.05226460,0
1790848740000000,83792.01000000,83797.63000000,83776.00000000,83782.01000000,3.56907000,1790848799999999,299045.89782510,1342,1.83298000,153584.24455120,0
1790848800000000,83782.01000000,83817.54000000,83720.00000000,83720.01000000,14.53749000,1790848859999999,1217938.96986380,4455,6.04762000,506755.21531240,0
1790848860000000,83720.01000000,83720.01000000,83628.00000000,83629.72000000,16.37868000,1790848919999999,1370446.46151030,4342,2.07690000,173803.12713060,0
1790848920000000,83629.72000000,83629.72000000,83568.00000000,83583.48000000,15.00042000,1790848979999999,1253711.39177920,5627,9.80067000,819068.39571170,0
1790848980000000,83583.48000000,83602.01000000,83570.71000000,83576.00000000,6.30727000,1790849039999999,527185.56124360,2850,2.70305000,225921.07381850,0
1790849040000000,83576.00000000,83576.00000000,83476.51000000,83476.52000000,14.04631000,1790849099999999,1173308.69383420,4063,2.76764000,231199.44484860,0
1790849100000000,83476.51000000,83486.82000000,83418.23000000,83447.24000000,19.21409000,1790849159999999,1603511.90079590,6288,4.27684000,356904.34735530,0
1790849160000000,83447.24000000,83482.01000000,83418.98000000,83482.01000000,7.76676000,1790849219999999,648073.17275880,3013,4.68665000,391048.18915270,0
1790849220000000,83482.01000000,83632.01000000,83482.00000000,83630.00000000,12.96188000,1790849279999999,1083133.55173180,3925,11.86142000,991175.35238720,0
1790849280000000,83630.00000000,83682.01000000,83630.00000000,83682.00000000,4.78375000,1790849339999999,400154.33598850,2457,3.28282000,274607.92202090,0
1790849340000000,83682.00000000,83690.01000000,83666.03000000,83672.01000000,4.15684000,1790849399999999,347844.56308530,1911,1.55436000,130063.66139280,0
1790849400000000,83672.01000000,83672.53000000,83648.64000000,83663.27000000,5.04524000,1790849459999999,422100.81924220,2564,2.73063000,228447.88176370,0
1790849460000000,83663.26000000,83663.93000000,83626.00000000,83663.93000000,6.05615000,1790849519999999,506530.80079800,3191,3.55386000,297229.96816080,0
1790849520000000,83663.94000000,83673.28000000,83663.94000000,83670.31000000,1.95976000,1790849579999999,163973.53689860,779,1.12227000,93898.63373730,0
1790849580000000,83670.30000000,83706.69000000,83670.30000000,83678.01000000,4.09862000,1790849639999999,343021.79106090,1797,2.77816000,232504.94411690,0
1790849640000000,83678.01000000,83703.56000000,83678.01000000,83703.56000000,1.57695000,1790849699999999,131979.81790230,1093,1.26977000,106268.83681530,0
1790849700000000,83703.55000000,83703.56000000,83623.19000000,83623.19000000,6.09582000,1790849759999999,510057.65316550,2129,0.99431000,83175.86181240,0
1790849760000000,83623.19000000,83630.01000000,83584.46000000,83584.47000000,8.72452000,1790849819999999,729411.64684100,1749,1.45867000,121963.55531620,0
1790849820000000,83584.46000000,83624.01000000,83548.80000000,83624.00000000,5.94344000,1790849879999999,496779.72853810,2733,4.31089000,360336.38916760,0
1790849880000000,83624.01000000,83771.82000000,83624.01000000,83750.01000000,13.33085000,1790849939999999,1115841.02961100,5890,10.33927000,865458.73401280,0
1790849940000000,83750.00000000,83750.01000000,83682.00000000,83682.00000000,4.06726000,1790849999999999,340473.16941110,1859,0.43141000,36107.65569130,0
1790850000000000,83682.01000000,83718.01000000,83682.00000000,83718.01000000,4.67599000,1790850059999999,391382.43686510,1827,3.05805000,255953.49946760,0
1790850060000000,83718.00000000,83765.73000000,83705.29000000,83750.01000000,10.46836000,1790850119999999,876656.71918380,2808,5.72432000,479358.27372920,0
1790850120000000,83750.01000000,83762.01000000,83707.70000000,83707.70000000,9.48121000,1790850179999999,793928.28862990,3049,2.48858000,208384.63213010,0
1790850180000000,83707.71000000,83720.01000000,83707.70000000,83716.01000000,3.20002000,1790850239999999,267872.01114800,813,2.22890000,186580.74939940,0
1790850240000000,83716.00000000,83716.00000000,83696.00000000,83696.01000000,2.81538000,1790850299999999,235658.50074840,1019,1.02210000,85554.19231210,0
1790850300000000,83696.00000000,83696.01000000,83672.86000000,83672.87000000,7.29556000,1790850359999999,610476.11440640,1048,0.60320000,50474.62471460,0
1790850360000000,83672.86000000,83677.66000000,83638.70000000,83638.70000000,8.55017000,1790850419999999,715273.59239660,2726,4.88959000,409036.12380700,0
1790850420000000,83638.71000000,83648.01000000,83613.09000000,83613.09000000,7.84833000,1790850479999999,656373.03671900,2475,2.83894000,237415.62236000,0
1790850480000000,83613.10000000,83671.39000000,83593.82000000,83671.37000000,15.02532000,1790850539999999,1256379.76853110,2255,7.42587000,621025.59085710,0
1790850540000000,83671.37000000,83687.45000000,83658.84000000,83686.65000000,4.13790000,1790850599999999,346228.69791140,1410,1.88488000,157718.06906730,0
1790850600000000,83686.64000000,83736.01000000,83686.64000000,83736.00000000,4.15380000,1790850659999999,347710.47490790,1160,3.47664000,291023.29074670,0
1790850660000000,83736.00000000,83782.01000000,83736.00000000,83776.03000000,9.24484000,1790850719999999,774311.18555220,2555,6.18893000,518359.51750970,0
1790850720000000,83776.02000000,83793.73000000,83776.02000000,83786.04000000,4.34278000,1790850779999999,363859.19516880,1036,3.19685000,267841.99936330,0
1790850780000000,83786.03000000,83786.04000000,83784.00000000,83784.00000000,1.74541000,1790850839999999,146239.60732170,375,0.30305000,25390.90847780,0
1790850840000000,83784.01000000,83809.03000000,83770.00000000,83770.00000000,6.53698000,1790850899999999,547708.24810900,2015,2.98623000,250215.52334910,0
1790850900000000,83770.01000000,83780.47000000,83758.00000000,83770.01000000,8.75684000,1790850959999999,733590.57974260,1456,1.84897000,154881.63811560,0
1790850960000000,83770.01000000,83770.01000000,83755.40000000,83758.01000000,2.23185000,1790851019999999,186952.38711750,853,0.54058000,45279.44953850,0
1790851020000000,83758.01000000,83764.01000000,83756.32000000,83756.33000000,1.53146000,1790851079999999,128274.48342460,525,0.68041000,56990.86299820,0
1790851080000000,83756.32000000,83756.33000000,83743.52000000,83743.53000000,5.45873000,1790851139999999,457150.54625080,539,3.10274000,259836.66806020,0
1790851140000000,83743.52000000,83743.53000000,83731.88000000,83731.89000000,3.11245000,1790851199999999,260621.20232790,599,2.22643000,186427.47055950,0
1790851200000000,83731.88000000,83735.97000000,83719.38000000,83719.39000000,2.26244000,1790851259999999,189432.58919820,765,0.39977000,33472.79674740,0
1790851260000000,83719.38000000,83752.81000000,83719.38000000,83752.80000000,1.77140000,1790851319999999,148327.07259650,930,1.61152000,134939.27510140,0
1790851320000000,83752.81000000,83838.42000000,83752.80000000,83838.42000000,7.36838000,1790851379999999,617484.66750960,2211,5.83520000,489026.03673190,0
1790851380000000,83838.42000000,83856.89000000,83838.41000000,83856.89000000,3.89122000,1790851439999999,326284.99729440,610,2.55410000,214160.42098480,0
1790851440000000,83856.88000000,83887.25000000,83849.28000000,83884.73000000,7.31950000,1790851499999999,613864.43571350,2273,4.59785000,385626.16147490,0
1790851500000000,83884.73000000,83907.30000000,83866.00000000,83866.00000000,10.81489000,1790851559999999,907259.54780270,3002,6.77947000,568744.12637560,0
1790851560000000,83866.01000000,83893.77000000,83866.00000000,83893.77000000,2.86311000,1790851619999999,240160.35547730,971,2.63881000,221344.40750320,0
1790851620000000,83893.76000000,83993.18000000,83893.76000000,83986.01000000,7.66966000,1790851679999999,643870.06529190,3512,6.77489000,568729.10422350,0
1790851680000000,83986.00000000,83991.84000000,83965.45000000,83970.06000000,6.96150000,1790851739999999,584655.41713810,1950,3.53580000,296957.72941250,0
1790851740000000,83970.06000000,83972.01000000,83931.24000000,83964.00000000,10.26039000,1790851799999999,861347.73996740,2461,3.37109000,283013.39340590,0
1790851800000000,83964.00000000,83970.01000000,83952.00000000,83956.00000000,4.96038000,1790851859999999,416457.49711550,1858,3.18502000,267397.46191480,0
1790851860000000,83956.01000000,83974.55000000,83944.67000000,83948.71000000,6.41062000,1790851919999999,538265.28309740,1744,3.90421000,327814.33242650,0
1790851920000000,83948.70000000,83970.01000000,83948.70000000,83970.01000000,2.95058000,1790851979999999,247731.57867540,1053,2.06900000,173713.47365260,0
1790851980000000,83970.01000000,83994.01000000,83968.00000000,83989.96000000,9.15191000,1790852039999999,768562.90202110,1788,3.32211000,278984.67406240,0
1790852040000000,83989.95000000,84098.01000000,83989.95000000,84094.44000000,19.27720000,1790852099999999,1619776.70416500,4690,17.47660000,1468426.40543270,0
1790852100000000,84094.43000000,84094.43000000,84010.00000000,84010.00000000,16.38120000,1790852159999999,1377042.06515580,3773,3.12913000,263073.01609040,0
1790852160000000,84010.01000000,84010.01000000,83982.00000000,83985.08000000,16.53512000,1790852219999999,1388839.15982000,1538,11.36237000,954344.14502210,0
1790852220000000,83985.07000000,83996.01000000,83976.00000000,83976.01000000,7.70386000,1790852279999999,647035.63510390,1356,3.85823000,324041.49909340,0
1790852280000000,83976.01000000,83976.01000000,83936.67000000,83942.93000000,20.96436000,1790852339999999,1760019.54161990,1500,1.49802000,125755.76365200,0
1790852340000000,83942.92000000,83976.01000000,83942.92000000,83966.28000000,7.50310000,1790852399999999,629936.87125360,1221,4.73119000,397216.20616290,0
1790852400000000,83966.27000000,83966.28000000,83900.00000000,83900.00000000,7.40464000,1790852459999999,621504.15705540,2522,1.11219000,93344.12332940,0
1790852460000000,83900.01000000,83900.01000000,83835.47000000,83840.01000000,4.58910000,1790852519999999,384894.48621360,2285,0.54743000,45908.59190390,0
1790852520000000,83840.01000000,83851.84000000,83818.01000000,83818.02000000,11.24142000,1790852579999999,942435.43726170,2031,1.52304000,127692.15308250,0
1790852580000000,83818.01000000,83860.00000000,83818.01000000,83840.00000000,6.70316000,1790852639999999,562066.77054990,1716,2.02654000,169907.18992270,0
1790852640000000,83840.00000000,83890.01000000,83836.00000000,83890.01000000,11.85426000,1790852699999999,993960.03973530,876,10.86266000,910786.40933780,0
1790852700000000,83890.00000000,83890.01000000,83832.00000000,83866.01000000,8.43916000,1790852759999999,707760.52512230,2579,2.26259000,189732.31036290,0
1790852760000000,83866.01000000,83902.01000000,83866.01000000,83888.01000000,3.59472000,1790852819999999,301556.32507730,1926,1.88433000,158065.72786150,0
1790852820000000,83888.01000000,83920.01000000,83882.00000000,83900.00000000,5.73352000,1790852879999999,481060.44736970,2984,2.22414000,186610.29047090,0
1790852880000000,83900.00000000,83907.95000000,83883.99000000,83888.01000000,11.78682000,1790852939999999,988969.26854790,1748,1.23063000,103240.69414640,0
1790852940000000,83888.00000000,83890.01000000,83884.00000000,83884.01000000,2.78278000,1790852999999999,233436.64528840,405,2.34795000,196960.43576150,0
1790853000000000,83884.01000000,83884.01000000,83846.05000000,83884.00000000,4.25918000,1790853059999999,357195.46647910,2768,1.80080000,151021.81465940,0
1790853060000000,83884.01000000,83914.95000000,83870.29000000,83870.29000000,4.18719000,1790853119999999,351296.89446240,2452,1.91358000,160553.77629500,0
1790853120000000,83870.28000000,83870.28000000,83862.00000000,83869.12000000,2.19070000,1790853179999999,183727.65618450,1139,1.20233000,100835.55289700,0
1790853180000000,83869.11000000,83895.66000000,83869.11000000,83895.65000000,5.70927000,1790853239999999,478867.85396220,778,5.11675000,429161.97023040,0
1790853240000000,83895.66000000,83895.66000000,83866.63000000,83866.65000000,3.65708000,1790853299999999,306749.50762220,1440,0.44510000,37332.22677210,0
1790853300000000,83866.65000000,83866.65000000,83844.63000000,83844.63000000,2.28608000,1790853359999999,191702.81034900,967,0.35258000,29567.09749720,0
1790853360000000,83844.64000000,83852.00000000,83844.63000000,83851.99000000,2.91655000,1790853419999999,244548.62412260,450,2.50787000,210282.77754140,0
1790853420000000,83852.00000000,83852.00000000,83831.07000000,83831.08000000,2.41484000,1790853479999999,202470.41685330,914,0.51304000,43016.08826660,0
1790853480000000,83831.08000000,83845.00000000,83821.28000000,83845.00000000,2.46110000,1790853539999999,206316.27912420,1665,0.92553000,77589.30182150,0
1790853540000000,83845.00000000,83850.01000000,83830.00000000,83850.01000000,2.87399000,1790853599999999,240946.91549150,1406,1.29755000,108782.87014050,0
1790853600000000,83850.01000000,83850.01000000,83818.61000000,83818.61000000,3.00870000,1790853659999999,252239.93803510,1319,0.44707000,37480.78602890,0
1790853660000000,83818.61000000,83818.62000000,83810.31000000,83810.31000000,1.81877000,1790853719999999,152437.25580150,425,0.32438000,27186.78676460,0
1790853720000000,83810.31000000,83873.17000000,83792.25000000,83830.00000000,12.19097000,1790853779999999,1021974.52046630,4609,5.44351000,456306.71655340,0
1790853780000000,83830.00000000,83837.33000000,83827.63000000,83827.63000000,2.03421000,1790853839999999,170531.04932910,1165,0.51822000,43443.18974810,0
1790853840000000,83827.64000000,83827.64000000,83791.43000000,83791.44000000,4.42533000,1790853899999999,370886.02327960,1830,0.29141000,24420.84073340,0
1790853900000000,83791.44000000,83794.01000000,83780.80000000,83787.53000000,4.89760000,1790853959999999,410366.82751890,1007,0.85873000,71950.10144050,0
1790853960000000,83787.53000000,83787.53000000,83787.52000000,83787.52000000,1.76271000,1790854019999999,147693.10843170,232,0.90525000,75848.66153250,0
1790854020000000,83787.53000000,83811.50000000,83787.12000000,83811.49000000,2.63700000,1790854079999999,220967.16877910,1127,0.99797000,83627.62837440,0
1790854080000000,83811.50000000,83813.56000000,83811.49000000,83813.55000000,0.61623000,1790854139999999,51648.11717990,334,0.42018000,35216.58381700,0
1790854140000000,83813.55000000,83874.01000000,83813.55000000,83874.01000000,18.33278000,1790854199999999,1537236.30104510,1379,9.21857000,772929.87855050,0
1790854200000000,83874.01000000,83886.01000000,83868.12000000,83884.21000000,12.20340000,1790854259999999,1023516.01962090,1330,8.30050000,696157.20257430,0
1790854260000000,83884.21000000,83913.60000000,83850.03000000,83850.04000000,9.67484000,1790854319999999,811632.64329260,3841,2.47164000,207374.14566140,0
1790854320000000,83850.04000000,83850.04000000,83795.71000000,83795.72000000,9.57545000,1790854379999999,802723.27856370,2241,1.61806000,135645.96731200,0
1790854380000000,83795.72000000,83828.30000000,83795.71000000,83828.29000000,4.10583000,1790854439999999,344102.88505520,968,2.97172000,249057.82085370,0
1790854440000000,83828.30000000,83845.00000000,83828.22000000,83845.00000000,1.69743000,1790854499999999,142305.61744280,632,1.25547000,105255.24137770,0
1790854500000000,83845.00000000,83864.01000000,83844.99000000,83862.01000000,6.70391000,1790854559999999,562120.34021530,729,6.05519000,507719.50659920,0
1790854560000000,83862.01000000,83896.01000000,83862.01000000,83896.01000000,1.76437000,1790854619999999,147999.07162510,1153,1.52905000,128259.02168360,0
1790854620000000,83896.01000000,83950.30000000,83896.00000000,83930.43000000,6.83964000,1790854679999999,574086.03424140,3327,3.50337000,294036.44421570,0
1790854680000000,83930.42000000,83931.77000000,83903.63000000,83926.83000000,9.80974000,1790854739999999,823296.80750030,2494,1.95316000,163912.40440160,0
1790854740000000,83926.83000000,83964.74000000,83926.83000000,83950.00000000,3.64585000,1790854799999999,306059.15269490,1771,2.19496000,184248.77866290,0
1790854800000000,83950.01000000,83960.70000000,83936.69000000,83960.21000000,3.35747000,1790854859999999,281844.50702870,1288,2.44521000,205265.17441270,0
1790854860000000,83960.22000000,83981.11000000,83960.21000000,83974.09000000,10.88458000,1790854919999999,914041.26622560,1714,2.75927000,231697.22187670,0
1790854920000000,83974.09000000,83974.09000000,83952.00000000,83952.01000000,7.01740000,1790854979999999,589223.11445380,1832,3.72904000,313114.09381290,0
1790854980000000,83952.01000000,83975.89000000,83952.00000000,83967.57000000,8.55105000,1790855039999999,717978.96319110,2205,4.46873000,375212.76640820,0
1790855040000000,83967.57000000,83980.00000000,83948.00000000,83956.22000000,8.87040000,1790855099999999,744787.66051140,1711,2.30785000,193758.79773940,0
1790855100000000,83956.23000000,83996.80000000,83956.22000000,83996.80000000,8.66953000,1790855159999999,727987.42720110,1892,5.85312000,491497.77615180,0
1790855160000000,83996.80000000,83996.80000000,83984.31000000,83994.30000000,8.67982000,1790855219999999,729044.80057240,985,2.29870000,193079.59360230,0
1790855220000000,83994.30000000,84023.78000000,83975.97000000,84023.78000000,17.06197000,1790855279999999,1433198.22496730,2732,5.44426000,457311.07789110,0
1790855280000000,84023.77000000,84048.01000000,83977.27000000,83984.65000000,11.87235000,1790855339999999,997317.60540820,3339,2.36317000,198499.07763000,0
1790855340000000,83984.64000000,83984.65000000,83948.99000000,83956.00000000,5.47574000,1790855399999999,459767.02881610,1671,2.19255000,184089.60272530,0
1790855400000000,83956.00000000,83996.01000000,83939.15000000,83996.00000000,13.46567000,1790855459999999,1130685.15176690,2258,6.41315000,538432.45363410,0
1790855460000000,83996.00000000,84012.01000000,83996.00000000,84012.01000000,8.62855000,1790855519999999,724824.90917050,843,6.05203000,508376.00410450,0
1790855520000000,84012.01000000,84014.01000000,83952.00000000,83952.00000000,19.12946000,1790855579999999,1606960.53244110,1978,10.23122000,859549.21694340,0
1790855580000000,83952.00000000,83959.87000000,83952.00000000,83959.86000000,2.16994000,1790855639999999,182174.18894580,569,1.65675000,139089.29883690,0
1790855640000000,83959.87000000,83967.00000000,83959.86000000,83967.00000000,5.98859000,1790855699999999,502839.93581190,542,0.80338000,67454.44364800,0
1790855700000000,83967.00000000,83975.99000000,83938.03000000,83940.95000000,5.56517000,1790855759999999,467235.50766230,1827,0.57623000,48376.00579670,0
1790855760000000,83940.95000000,83971.82000000,83940.95000000,83971.82000000,3.27206000,1790855819999999,274697.29397090,925,2.45468000,206075.56761330,0
1790855820000000,83971.81000000,83977.84000000,83971.81000000,83977.84000000,0.98328000,1790855879999999,82572.09727970,340,0.72043000,60498.71772050,0
1790855880000000,83977.83000000,83979.51000000,83933.04000000,83933.05000000,43.23353000,1790855939999999,3629776.97354280,1200,2.75403000,231207.54771350,0
1790855940000000,83933.05000000,83933.05000000,83901.11000000,83905.76000000,6.31172000,1790855999999999,529679.68732840,1651,1.28223000,107587.04282820,0
1790856000000000,83905.76000000,83981.88000000,83905.75000000,83968.53000000,7.64872000,1790856059999999,642181.66841450,3144,4.60274000,386406.29325240,0
1790856060000000,83968.53000000,83981.88000000,83961.36000000,83981.88000000,3.51994000,1790856119999999,295560.76468480,1185,2.27116000,190705.74681400,0
1790856120000000,83981.88000000,83984.01000000,83970.74000000,83972.83000000,3.70243000,1790856179999999,310924.36225500,1478,0.71427000,59983.24099500,0
1790856180000000,83972.83000000,83978.69000000,83964.55000000,83964.55000000,2.62638000,1790856239999999,220548.79160340,1209,0.85290000,71621.43859930,0
1790856240000000,83964.56000000,83964.56000000,83924.80000000,83924.80000000,24.81003000,1790856299999999,2082656.93867240,1634,1.70966000,143493.32220400,0
1790856300000000,83924.80000000,83934.01000000,83920.01000000,83934.01000000,1.60049000,1790856359999999,134321.38963830,613,0.57010000,47846.09423510,0
1790856360000000,83934.01000000,83960.01000000,83934.00000000,83939.53000000,2.62729000,1790856419999999,220549.30619560,1462,1.27870000,107339.49352220,0
1790856420000000,83939.54000000,83956.01000000,83939.53000000,83950.29000000,5.06438000,1790856479999999,425161.52973240,1376,2.01329000,169013.94913070,0
1790856480000000,83950.30000000,83970.01000000,83950.30000000,83970.00000000,3.82459000,1790856539999999,321141.31202390,622,3.52033000,295593.26883860,0
1790856540000000,83970.00000000,83988.80000000,83970.00000000,83986.85000000,1.74227000,1790856599999999,146317.14138040,826,0.94496000,79356.08895870,0
1790856600000000,83986.85000000,84000.53000000,83986.85000000,84000.52000000,3.12063000,1790856659999999,262119.94192590,466,1.61891000,135977.63500690,0
1790856660000000,84000.53000000,84012.74000000,83992.85000000,83998.00000000,4.41313000,1790856719999999,370706.67639730,1590,1.99776000,167805.92983990,0
1790856720000000,83998.00000000,83998.00000000,83985.00000000,83991.42000000,2.02396000,1790856779999999,169992.91359450,532,1.00655000,84538.42083030,0
1790856780000000,83991.41000000,84000.00000000,83991.41000000,83992.69000000,3.59240000,1790856839999999,301752.30677890,642,0.99867000,83882.24842800,0
1790856840000000,83992.69000000,83992.69000000,83992.68000000,83992.69000000,0.93239000,1790856899999999,78313.93668740,159,0.17822000,14969.17721180,0
1790856900000000,83992.68000000,83992.69000000,83960.00000000,83960.01000000,7.70519000,1790856959999999,647043.27981700,928,1.03667000,87049.35376270,0
1790856960000000,83960.00000000,83960.01000000,83951.99000000,83952.00000000,5.00082000,1790857019999999,419832.31528880,519,0.40270000,33808.05305300,0
1790857020000000,83952.00000000,83952.00000000,83866.84000000,83866.85000000,30.43970000,1790857079999999,2554595.20056650,2260,1.50693000,126432.20030150,0
1790857080000000,83866.85000000,83965.14000000,83866.85000000,83954.00000000,8.88884000,1790857139999999,745981.03797760,3834,7.00271000,587628.73413330,0
1790857140000000,83954.01000000,83968.01000000,83954.00000000,83956.01000000,2.18634000,1790857199999999,183565.00853780,958,1.31207000,110159.44953700,0
1790857200000000,83956.00000000,83956.01000000,83914.00000000,83914.00000000,5.36112000,1790857259999999,449955.71398290,1042,0.32336000,27138.81511910,0
1790857260000000,83914.01000000,83974.01000000,83914.00000000,83974.00000000,5.99699000,1790857319999999,503445.03449070,2524,5.23132000,439161.73141700,0
1790857320000000,83974.00000000,83974.00000000,83924.00000000,83947.71000000,5.18847000,1790857379999999,435535.75480230,2042,2.08665000,175138.53636410,0
1790857380000000,83947.72000000,83947.72000000,83926.06000000,83937.16000000,6.44874000,1790857439999999,541266.94550180,1355,4.71457000,395707.23705930,0
1790857440000000,83937.16000000,83937.17000000,83908.00000000,83926.64000000,6.55714000,1790857499999999,550281.69990060,1674,1.16409000,97688.82086670,0
1790857500000000,83926.63000000,83958.01000000,83926.63000000,83958.01000000,7.74039000,1790857559999999,649711.48335640,951,7.50183000,629685.96543770,0
1790857560000000,83958.00000000,83990.02000000,83908.34000000,83990.01000000,16.70592000,1790857619999999,1402549.85792960,4221,7.54367000,633377.95603590,0
1790857620000000,83990.02000000,83990.02000000,83961.70000000,83966.37000000,2.71186000,1790857679999999,227735.54728240,1472,0.76648000,64361.04313300,0
1790857680000000,83966.38000000,83972.01000000,83966.37000000,83972.01000000,0.72839000,1790857739999999,61162.45975430,372,0.57792000,48527.53168870,0
1790857740000000,83972.01000000,83972.01000000,83906.00000000,83912.01000000,13.69236000,1790857799999999,1149501.45797290,2044,2.69982000,226548.99443870,0
1790857800000000,83912.01000000,83926.02000000,83906.62000000,83916.00000000,2.15898000,1790857859999999,181179.53670660,1336,0.83533000,70098.27576350,0
1790857860000000,83916.01000000,83916.01000000,83898.45000000,83908.11000000,6.44180000,1790857919999999,540505.16200060,1587,1.96985000,165280.52609710,0
1790857920000000,83908.11000000,83912.81000000,83854.73000000,83854.73000000,15.90344000,1790857979999999,1334369.27894500,2141,2.60242000,218370.77089760,0
1790857980000000,83854.74000000,83870.01000000,83840.00000000,83870.00000000,7.64841000,1790858039999999,641346.38536770,1345,2.66383000,223378.52753100,0
1790858040000000,83870.01000000,83958.00000000,83870.00000000,83958.00000000,6.67062000,1790858099999999,559796.87984440,2712,6.35998000,533726.74949160,0
1790858100000000,83957.99000000,83958.00000000,83906.00000000,83906.00000000,3.51256000,1790858159999999,294817.84475160,1331,0.65796000,55217.55859810,0
1790858160000000,83906.00000000,83906.01000000,83890.00000000,83890.01000000,1.54099000,1790858219999999,129283.51762300,539,0.53772000,45111.22909720,0
1790858220000000,83890.01000000,83890.01000000,83888.00000000,83889.36000000,2.66380000,1790858279999999,223463.79748060,387,1.53586000,128841.32161610,0
1790858280000000,83889.36000000,83898.01000000,83889.35000000,83898.00000000,2.13741000,1790858339999999,179316.23045300,461,1.99623000,167472.44715050,0
1790858340000000,83898.00000000,83964.99000000,83898.00000000,83964.99000000,4.77911000,1790858399999999,401061.19442730,1563,4.56561000,383142.56129910,0
1790858400000000,83965.00000000,84008.92000000,83965.00000000,84000.00000000,5.34720000,1790858459999999,449108.97070300,2279,3.28329000,275768.67187950,0
1790858460000000,84000.01000000,84054.01000000,84000.00000000,84014.00000000,8.44575000,1790858519999999,709716.20517650,2588,4.08440000,343210.04185990,0
1790858520000000,84014.01000000,84014.01000000,83921.00000000,83921.01000000,4.88520000,1790858579999999,410200.56873600,1962,0.53193000,44669.35323260,0
1790858580000000,83921.01000000,83938.01000000,83921.01000000,83922.06000000,4.26730000,1790858639999999,358142.45098190,1321,1.70734000,143291.37465890,0
1790858640000000,83922.06000000,83937.89000000,83902.00000000,83902.00000000,4.39900000,1790858699999999,369156.91526070,2338,2.52842000,212183.13610160,0
1790858700000000,83902.00000000,83902.01000000,83888.00000000,83899.48000000,4.36225000,1790858759999999,365979.52931800,1214,1.71100000,143545.98594270,0
1790858760000000,83899.49000000,83912.36000000,83899.49000000,83912.36000000,4.15989000,1790858819999999,349045.64903140,658,1.50612000,126373.67642190,0
1790858820000000,83912.35000000,83930.02000000,83854.19000000,83854.20000000,12.10051000,1790858879999999,1015116.47942400,2427,2.16756000,181865.73098510,0
1790858880000000,83854.20000000,83854.20000000,83823.97000000,83823.98000000,10.37596000,1790858939999999,869868.34273460,1856,2.06734000,173305.34745050,0
1790858940000000,83823.98000000,83823.98000000,83796.00000000,83796.00000000,6.82115000,1790858999999999,571680.84852690,1379,2.25895000,189324.80393340,0
1790859000000000,83796.00000000,83800.01000000,83745.67000000,83779.91000000,14.85943000,1790859059999999,1244901.12213070,3549,7.33455000,614498.46747860,0
1790859060000000,83779.92000000,83785.52000000,83765.34000000,83765.35000000,3.20592000,1790859119999999,268580.51371160,1286,1.28578000,107719.06720260,0
1790859120000000,83765.35000000,83814.34000000,83763.71000000,83806.01000000,9.04789000,1790859179999999,758140.88146470,1433,7.00129000,586652.58522640,0
1790859180000000,83806.01000000,83806.01000000,83719.42000000,83734.51000000,17.09644000,1790859239999999,1431953.47626400,3111,4.39367000,367956.13138090,0
1790859240000000,83734.00000000,83744.00000000,83676.00000000,83734.01000000,12.13209000,1790859299999999,1015616.53123020,3835,5.63113000,471398.22381850,0
1790859300000000,83734.00000000,83764.01000000,83708.00000000,83708.00000000,8.70157000,1790859359999999,728593.91998850,2905,4.83195000,404559.03117360,0
1790859360000000,83708.01000000,83762.54000000,83704.78000000,83724.00000000,7.94964000,1790859419999999,665700.03077900,3503,3.90405000,326900.75680900,0
1790859420000000,83724.01000000,83739.11000000,83657.02000000,83739.11000000,12.16658000,1790859479999999,1018361.21246790,4273,6.98234000,584497.49521240,0
1790859480000000,83739.10000000,83757.35000000,83726.00000000,83734.26000000,5.31929000,1790859539999999,445435.25067180,2574,2.25428000,188766.48703390,0
1790859540000000,83734.26000000,83772.53000000,83734.25000000,83736.02000000,5.17928000,1790859599999999,433780.38385670,2758,2.22426000,186282.56025800,0
1790859600000000,83736.02000000,83744.01000000,83676.00000000,83677.35000000,13.64018000,1790859659999999,1142118.44894770,2773,1.86862000,156430.80139660,0
1790859660000000,83677.34000000,83710.01000000,83643.01000000,83710.00000000,8.35230000,1790859719999999,698811.71244090,3573,4.10135000,343172.33356940,0
1790859720000000,83710.00000000,83739.69000000,83682.00000000,83682.00000000,4.82635000,1790859779999999,404033.53602810,2601,1.80777000,151342.94935000,0
1790859780000000,83682.00000000,83688.01000000,83640.01000000,83640.01000000,5.92263000,1790859839999999,495522.71197240,1761,1.10354000,92333.30742160,0
1790859840000000,83640.00000000,83650.01000000,83609.37000000,83609.38000000,6.55058000,1790859899999999,547833.36936590,2872,2.43256000,203439.18243250,0
1790859900000000,83609.37000000,83630.01000000,83544.41000000,83563.33000000,17.34348000,1790859959999999,1449538.35197120,3900,4.12538000,344803.87820350,0
1790859960000000,83563.33000000,83586.01000000,83535.50000000,83578.00000000,8.72984000,1790860019999999,729439.86816670,2610,5.36439000,448217.27584780,0
1790860020000000,83578.00000000,83643.93000000,83564.32000000,83636.00000000,8.38960000,1790860079999999,701440.57723830,2644,5.58762000,467167.61307620,0
1790860080000000,83636.00000000,83656.01000000,83620.00000000,83620.00000000,8.14509000,1790860139999999,681218.91871830,2911,4.29417000,359138.81246020,0
1790860140000000,83620.01000000,83620.01000000,83557.29000000,83557.29000000,5.20689000,1790860199999999,435278.13886960,3125,1.51588000,126720.66852410,0
1790860200000000,83557.29000000,83574.01000000,83529.10000000,83529.10000000,9.24076000,1790860259999999,772041.76523100,3201,4.67414000,390520.50344160,0
1790860260000000,83529.10000000,83549.91000000,83520.00000000,83544.01000000,7.65482000,1790860319999999,639453.75192630,2578,5.13289000,428782.56176880,0
1790860320000000,83544.00000000,83589.24000000,83542.66000000,83574.01000000,23.69898000,1790860379999999,1980483.21028480,1916,16.22457000,1355981.08316980,0
1790860380000000,83574.01000000,83574.01000000,83518.00000000,83518.00000000,3.23858000,1790860439999999,270566.56184890,1906,0.62950000,52590.74420950,0
1790860440000000,83518.01000000,83526.01000000,83502.22000000,83523.41000000,10.35738000,1790860499999999,864953.76796330,2580,6.30283000,526346.38420170,0
1790860500000000,83523.41000000,83546.01000000,83481.50000000,83504.01000000,15.40446000,1790860559999999,1286473.37944550,3800,6.45989000,539552.54394570,0
1790860560000000,83504.01000000,83522.01000000,83492.10000000,83514.01000000,6.15277000,1790860619999999,513798.04119630,2064,4.04567000,337837.44613670,0
1790860620000000,83514.01000000,83566.01000000,83514.00000000,83566.00000000,4.90217000,1790860679999999,409530.14282690,1353,4.05776000,338987.64414100,0
1790860680000000,83566.00000000,83570.01000000,83548.13000000,83548.14000000,4.77090000,1790860739999999,398668.45314800,1245,2.06933000,172921.44430230,0
1790860740000000,83548.13000000,83570.01000000,83522.00000000,83570.01000000,5.82076000,1790860799999999,486309.35230250,2381,3.85598000,322155.52153420,0
1790860800000000,83570.01000000,83620.01000000,83554.00000000,83616.00000000,5.88813000,1790860859999999,492152.81276290,2306,4.66675000,390065.12106200,0
1790860860000000,83616.01000000,83620.01000000,83605.74000000,83607.11000000,4.21487000,1790860919999999,352417.74830690,1268,2.46098000,205766.83653440,0
1790860920000000,83607.10000000,83607.10000000,83552.00000000,83552.01000000,5.62110000,1790860979999999,469782.02687980,2885,2.42678000,202788.72173970,0
1790860980000000,83552.00000000,83558.01000000,83494.00000000,83494.00000000,7.11189000,1790861039999999,594075.34883360,1810,1.52967000,127800.45096190,0
1790861040000000,83494.00000000,83546.53000000,83477.14000000,83546.52000000,18.98600000,1790861099999999,1585133.53249140,2434,10.50299000,876940.88926770,0
1790861100000000,83546.53000000,83562.75000000,83493.38000000,83493.38000000,10.62532000,1790861159999999,887392.80743290,2263,4.53434000,378640.24021550,0
1790861160000000,83493.38000000,83495.53000000,83472.10000000,83472.10000000,12.18024000,1790861219999999,1016843.56546450,1997,3.15169000,263123.90866260,0
1790861220000000,83472.10000000,83496.29000000,83400.00000000,83496.28000000,114.89807000,1790861279999999,9588419.43267110,3562,14.33292000,1196347.39557410,0
1790861280000000,83496.29000000,83548.01000000,83496.29000000,83508.87000000,11.30308000,1790861339999999,944087.30435770,3390,7.83741000,654578.33114680,0
1790861340000000,83508.86000000,83508.87000000,83476.04000000,83476.04000000,5.24955000,1790861399999999,438305.61350590,1389,2.39978000,200374.43065060,0
1790861400000000,83476.04000000,83529.10000000,83467.33000000,83488.01000000,18.31831000,1790861459999999,1529439.82866460,4679,13.73444000,1146727.14581760,0
1790861460000000,83488.01000000,83549.93000000,83470.01000000,83508.01000000,25.96229000,1790861519999999,2168272.32490990,6311,18.44596000,1540462.11307240,0
1790861520000000,83508.01000000,83570.64000000,83464.00000000,83570.63000000,29.60095000,1790861579999999,2472132.41199470,5932,17.85169000,1490786.80332880,0
1790861580000000,83570.63000000,83732.18000000,83558.20000000,83716.44000000,46.71846000,1790861639999999,3907823.06140760,8243,38.21873000,3196636.36147480,0
1790861640000000,83716.44000000,83797.83000000,83643.99000000,83700.00000000,22.11347000,1790861699999999,1851493.76255260,7765,13.04898000,1092541.89533820,0
1790861700000000,83700.01000000,83764.01000000,83692.48000000,83756.64000000,22.34985000,1790861759999999,1871600.29561370,8099,15.03526000,1259123.12402880,0
1790861760000000,83756.65000000,83756.65000000,83700.00000000,83700.00000000,10.11191000,1790861819999999,846742.53657140,4952,5.41308000,453291.27904730,0
1790861820000000,83700.00000000,83868.01000000,83652.01000000,83866.75000000,26.88725000,1790861879999999,2251677.01254140,8079,21.67742000,1815273.70969350,0
1790861880000000,83866.75000000,83966.41000000,83826.00000000,83917.77000000,29.62442000,1790861939999999,2485186.83102070,8521,19.62096000,1646019.14771370,0
1790861940000000,83917.77000000,83972.01000000,83804.70000000,83806.00000000,33.29906000,1790861999999999,2793734.63739230,7157,12.95587000,1087286.39629080,0
1790862000000000,83806.01000000,83889.50000000,83770.00000000,83781.00000000,22.26865000,1790862059999999,1866395.38456260,9245,9.31818000,781014.09485860,0
1790862060000000,83781.01000000,83915.16000000,83768.74000000,83852.00000000,31.29303000,1790862119999999,2624181.96944930,6802,10.55001000,884522.83479710,0
1790862120000000,83852.00000000,83880.01000000,83789.44000000,83821.32000000,23.05421000,1790862179999999,1932852.03769350,5124,8.07008000,676592.21095480,0
1790862180000000,83821.31000000,83898.00000000,83818.00000000,83850.01000000,9.99255000,1790862239999999,837990.85736430,4034,6.54248000,548623.23586230,0
1790862240000000,83850.00000000,83941.37000000,83850.00000000,83940.01000000,13.75776000,1790862299999999,1154432.13866350,4181,10.52624000,883222.14177220,0
1790862300000000,83940.01000000,84023.78000000,83914.00000000,83938.35000000,26.43318000,1790862359999999,2219948.12362190,9069,16.51487000,1387001.37161090,0
1790862360000000,83938.35000000,83998.01000000,83886.01000000,83947.99000000,28.64904000,1790862419999999,2404741.10789760,7462,15.99415000,1342506.17340890,0
1790862420000000,83948.00000000,84016.01000000,83876.41000000,83986.01000000,25.94942000,1790862479999999,2178384.68061060,6732,18.14701000,1523520.61809150,0
1790862480000000,83986.00000000,83986.01000000,83896.00000000,83900.00000000,18.84398000,1790862539999999,1581815.81593070,5667,9.82507000,824795.72136540,0
1790862540000000,83900.00000000,83916.01000000,83667.00000000,83667.00000000,50.47793000,1790862599999999,4229419.69900250,11629,9.10563000,762866.34180090,0
1790862600000000,83667.01000000,83816.00000000,83667.00000000,83774.04000000,12.92936000,1790862659999999,1082941.63113520,6447,8.90453000,745810.30094770,0
1790862660000000,83774.03000000,83827.47000000,83768.85000000,83782.63000000,13.14114000,1790862719999999,1101166.03930910,4244,9.20030000,770918.21345760,0
1790862720000000,83782.62000000,83905.47000000,83762.00000000,83884.01000000,13.69970000,1790862779999999,1148553.06208320,5970,10.16917000,852551.88041840,0
1790862780000000,83884.00000000,83884.01000000,83840.00000000,83866.00000000,7.27675000,1790862839999999,610214.35425990,2418,4.24024000,355573.61102890,0
1790862840000000,83866.01000000,83924.30000000,83857.59000000,83924.30000000,9.13937000,1790862899999999,766711.77380360,3359,5.91039000,495840.58704720,0
1790862900000000,83924.29000000,83971.66000000,83854.00000000,83868.01000000,11.18775000,1790862959999999,938819.09296870,5023,5.53637000,464625.85029860,0
1790862960000000,83868.01000000,83868.01000000,83798.00000000,83836.01000000,9.37482000,1790863019999999,785927.29953660,3762,2.84435000,238425.19722990,0
1790863020000000,83836.01000000,83886.01000000,83836.00000000,83874.00000000,6.23849000,1790863079999999,523228.90020460,2546,3.34066000,280163.34854950,0
1790863080000000,83874.01000000,83914.01000000,83872.00000000,83912.00000000,8.29548000,1790863139999999,695973.91445610,1776,6.60067000,553792.16925740,0
1790863140000000,83912.01000000,83958.01000000,83892.79000000,83939.67000000,16.91743000,1790863199999999,1419741.24416130,2633,12.69933000,1065756.80063920,0
1790863200000000,83938.60000000,83958.01000000,83776.01000000,83776.01000000,25.92792000,1790863259999999,2173806.81100840,7456,7.78190000,652399.91543800,0
1790863260000000,83776.00000000,83776.00000000,83694.77000000,83722.01000000,23.49840000,1790863319999999,1967590.75086970,7257,11.96290000,1001723.83521420,0
1790863320000000,83722.01000000,83756.44000000,83613.80000000,83728.01000000,32.09126000,1790863379999999,2686122.04069560,8478,10.49998000,878880.47303830,0
1790863380000000,83728.00000000,83826.01000000,83716.00000000,83725.92000000,20.46981000,1790863439999999,1714942.31606400,7642,13.02771000,1091473.32508600,0
1790863440000000,83725.93000000,83778.01000000,83656.00000000,83658.00000000,15.97076000,1790863499999999,1337134.76526440,8679,8.05002000,674045.10643360,0
1790863500000000,83658.01000000,83674.01000000,83552.66000000,83674.01000000,19.36355000,1790863559999999,1619040.26142980,7986,8.05429000,673459.87334700,0
1790863560000000,83674.01000000,83770.01000000,83662.00000000,83750.01000000,17.90366000,1790863619999999,1498708.70400560,7769,8.53187000,714234.06275700,0
1790863620000000,83750.01000000,83866.01000000,83750.01000000,83828.00000000,18.18959000,1790863679999999,1524610.39700090,7060,11.65766000,977114.89848910,0
1790863680000000,83828.01000000,83985.00000000,83828.01000000,83910.60000000,33.44675000,1790863739999999,2806702.43053270,7881,25.75742000,2161486.64511330,0
1790863740000000,83909.10000000,84041.13000000,83880.00000000,84040.00000000,24.97479000,1790863799999999,2097227.72184460,5255,20.89586000,1754774.23871640,0
1790863800000000,84040.01000000,84040.01000000,83940.00000000,83960.00000000,9.74699000,1790863859999999,818609.52018520,4229,2.97852000,250126.70236160,0
1790863860000000,83960.00000000,83960.01000000,83835.46000000,83845.80000000,12.76561000,1790863919999999,1071083.10137630,4926,5.85680000,491462.93798400,0
1790863920000000,83845.79000000,83880.01000000,83796.82000000,83797.24000000,17.62119000,1790863979999999,1477449.82642200,4988,3.81485000,319868.78135940,0
1790863980000000,83797.23000000,83840.01000000,83750.50000000,83778.02000000,18.85217000,1790864039999999,1579726.84066940,5368,9.03482000,757038.69701390,0
1790864040000000,83778.02000000,83800.00000000,83708.29000000,83800.00000000,13.07498000,1790864099999999,1095002.04749530,3845,7.50762000,628792.86138160,0
1790864100000000,83800.00000000,83862.85000000,83791.52000000,83846.07000000,17.69419000,1790864159999999,1483451.20620150,3582,13.31958000,1116729.24098090,0
1790864160000000,83846.07000000,83908.95000000,83818.00000000,83879.80000000,15.73009000,1790864219999999,1319206.24707100,5057,12.17129000,1020750.53831330,0
1790864220000000,83879.80000000,84028.01000000,83860.00000000,84028.01000000,18.04505000,1790864279999999,1515088.93788750,7074,15.15292000,1272347.64197620,0
1790864280000000,84028.01000000,84036.01000000,83970.00000000,83978.00000000,19.07443000,1790864339999999,1602348.30864770,4953,9.81308000,824403.44659050,0
1790864340000000,83978.00000000,84040.00000000,83890.00000000,83972.78000000,25.10938000,1790864399999999,2108972.44092860,6810,9.33085000,783521.62734880,0
1790864400000000,83972.77000000,83992.01000000,83930.00000000,83960.00000000,11.50091000,1790864459999999,965648.42074980,5029,5.81546000,488287.80443150,0
1790864460000000,83960.00000000,84025.27000000,83914.00000000,83914.00000000,11.50206000,1790864519999999,965979.08015620,5034,4.59174000,385649.27987110,0
1790864520000000,83914.01000000,83972.01000000,83849.70000000,83849.71000000,11.79988000,1790864579999999,990175.78762490,5227,4.36912000,366675.68280100,0
1790864580000000,83849.70000000,83927.14000000,83816.48000000,83922.01000000,11.66443000,1790864639999999,978323.57945230,5063,7.41542000,621977.63051860,0
1790864640000000,83922.00000000,84041.22000000,83916.00000000,84033.17000000,30.47047000,1790864699999999,2559300.93029760,5218,27.56069000,2315011.77828450,0
1790864700000000,84033.17000000,84070.00000000,84020.01000000,84020.01000000,24.67487000,1790864759999999,2073824.26904730,4731,14.33566000,1204793.66769300,0
1790864760000000,84020.01000000,84186.38000000,83992.00000000,84186.37000000,44.80037000,1790864819999999,3766627.68749570,10283,33.22235000,2793573.09651340,0
1790864820000000,84186.37000000,84221.72000000,84144.05000000,84166.00000000,23.79485000,1790864879999999,2003208.46549800,6332,12.10356000,1018959.91682360,0
1790864880000000,84166.00000000,84166.01000000,84032.09000000,84118.00000000,25.87923000,1790864939999999,2176064.83257710,5954,6.94473000,583921.77152610,0
1790864940000000,84118.00000000,84152.01000000,84110.00000000,84120.00000000,9.39787000,1790864999999999,790696.75582730,4056,3.07818000,258974.31618140,0
1790865000000000,84120.00000000,84182.37000000,84098.27000000,84169.36000000,23.08444000,1790865059999999,1942371.10764180,7735,13.85918000,1166097.28381450,0
1790865060000000,84169.35000000,84208.39000000,84060.63000000,84068.68000000,30.11874000,1790865119999999,2533938.16857790,7338,14.41345000,1212668.19936450,0
1790865120000000,84068.68000000,84200.00000000,84068.67000000,84132.01000000,28.02036000,1790865179999999,2357698.49957040,7745,16.25126000,1367439.80629410,0
1790865180000000,84132.00000000,84216.86000000,84124.00000000,84124.01000000,15.41582000,1790865239999999,1297538.84067500,4350,5.81382000,489396.17659410,0
1790865240000000,84124.00000000,84196.01000000,84072.00000000,84196.01000000,17.27723000,1790865299999999,1453215.46970950,6536,8.18909000,688871.27885260,0
1790865300000000,84196.01000000,84227.35000000,84174.90000000,84214.00000000,16.85556000,1790865359999999,1419302.40169670,4157,7.91198000,666251.78484360,0
1790865360000000,84213.99000000,84309.82000000,84194.00000000,84281.25000000,28.12931000,1790865419999999,2370277.05956190,5123,23.40925000,1972586.00276530,0
1790865420000000,84281.25000000,84332.01000000,84228.91000000,84228.91000000,16.70140000,1790865479999999,1407994.63202970,4257,6.11071000,515180.31067360,0
1790865480000000,84228.92000000,84240.01000000,84174.98000000,84216.01000000,16.16841000,1790865539999999,1361608.53699790,4130,5.99545000,504854.61951880,0
1790865540000000,84216.00000000,84234.00000000,84188.16000000,84188.16000000,19.73382000,1790865599999999,1662002.37238620,3815,10.98563000,925244.69723200,0
1790865600000000,84188.00000000,84194.00000000,84094.00000000,84094.00000000,22.40097000,1790865659999999,1884465.42890910,4729,4.20157000,353406.79591770,0
1790865660000000,84094.00000000,84094.00000000,83995.98000000,84014.00000000,17.38862000,1790865719999999,1461286.49249140,7346,6.84876000,575523.78478940,0
1790865720000000,84014.00000000,84068.38000000,84002.00000000,84032.01000000,10.91714000,1790865779999999,917389.71039900,3807,5.71122000,479936.50850400,0
1790865780000000,84032.00000000,84068.14000000,83998.00000000,84060.01000000,12.67541000,1790865839999999,1065191.11709890,4434,6.88505000,578571.39893590,0
1790865840000000,84060.00000000,84060.01000000,83994.00000000,84020.01000000,7.50012000,1790865899999999,630172.06748180,3445,2.76570000,232343.75731560,0
1790865900000000,84020.00000000,84062.01000000,84012.00000000,84062.01000000,7.02117000,1790865959999999,590020.13524030,2591,5.53173000,464855.91356340,0
1790865960000000,84062.01000000,84070.01000000,83940.00000000,83964.00000000,15.79465000,1790866019999999,1326672.98237570,5243,3.15090000,264649.96092330,0
1790866020000000,83964.00000000,83970.01000000,83900.00000000,83900.01000000,7.46604000,1790866079999999,626675.08654280,3906,3.30427000,277355.41391370,0
1790866080000000,83900.01000000,83900.01000000,83840.01000000,83840.01000000,10.67076000,1790866139999999,894949.45245790,3608,3.88285000,325612.02499740,0
1790866140000000,83840.00000000,83940.01000000,83780.28000000,83915.31000000,31.68800000,1790866199999999,2656962.91026560,6799,18.03797000,1512205.66474710,0
1790866200000000,83915.30000000,83931.90000000,83812.62000000,83864.00000000,13.10136000,1790866259999999,1098959.94394020,5257,6.29953000,528383.00682620,0
1790866260000000,83864.01000000,83916.01000000,83826.00000000,83826.01000000,9.43512000,1790866319999999,791286.70577680,4780,3.60471000,302332.22061620,0
1790866320000000,83826.00000000,83826.01000000,83773.56000000,83782.01000000,6.46400000,1790866379999999,541635.43195960,1725,2.42740000,203403.12885420,0
1790866380000000,83782.00000000,83892.01000000,83782.00000000,83876.00000000,19.62499000,1790866439999999,1645430.19615160,3599,14.36541000,1204481.91180250,0
1790866440000000,83876.00000000,83920.01000000,83870.01000000,83920.01000000,14.51466000,1790866499999999,1217917.78451070,3650,5.73286000,480997.37789950,0
1790866500000000,83920.00000000,83967.78000000,83883.52000000,83928.01000000,61.11609000,1790866559999999,5128389.01984050,4282,28.75291000,2412680.54387360,0
1790866560000000,83928.00000000,83960.01000000,83894.11000000,83944.22000000,9.25090000,1790866619999999,776424.41265890,2712,6.10240000,512169.14822090,0
1790866620000000,83944.21000000,83984.01000000,83910.01000000,83984.00000000,6.92268000,1790866679999999,581142.45360500,3169,5.10098000,428219.67766840,0
1790866680000000,83984.01000000,84091.65000000,83968.00000000,83968.01000000,21.67897000,1790866739999999,1821674.37781650,3739,17.01886000,1430084.97075570,0
1790866740000000,83968.00000000,84052.01000000,83960.00000000,84050.65000000,21.26295000,1790866799999999,1785900.09105940,3684,14.97618000,1257878.50288130,0
1790866800000000,84050.65000000,84092.45000000,84018.00000000,84021.11000000,12.84627000,1790866859999999,1079853.20379250,4789,6.06078000,509483.89726090,0
1790866860000000,84021.12000000,84052.01000000,83986.00000000,84001.99000000,10.28746000,1790866919999999,864377.78830910,2762,4.48901000,377190.97235500,0
1790866920000000,84002.00000000,84060.01000000,84001.99000000,84020.18000000,10.16090000,1790866979999999,853796.51644800,2668,5.42543000,455884.25431440,0
1790866980000000,84020.19000000,84152.43000000,84020.18000000,84113.22000000,118.08906000,1790867039999999,9931214.42592450,3551,114.62710000,9640181.07173050,0
1790867040000000,84113.22000000,84567.00000000,84108.00000000,84156.01000000,432.47436000,1790867099999999,36438162.99756800,14508,351.65079000,29629487.85370020,0
1790867100000000,84156.00000000,84744.00000000,84156.00000000,84192.00000000,508.40830000,1790867159999999,42900574.57094600,27278,403.43373000,34048221.84298830,0
1790867160000000,84192.00000000,84192.00000000,84073.18000000,84073.19000000,22.68426000,1790867219999999,1908258.60964050,4260,5.46447000,459680.78807220,0
1790867220000000,84073.18000000,84111.35000000,84042.00000000,84042.01000000,28.38464000,1790867279999999,2386254.33875660,5979,16.15850000,1358436.89952790,0
1790867280000000,84042.01000000,84042.01000000,84018.01000000,84024.00000000,46.52558000,1790867339999999,3909014.57694520,2233,6.56318000,551431.27862610,0
1790867340000000,84024.00000000,84024.01000000,83890.29000000,83890.29000000,301.19660000,1790867399999999,25304529.94376890,7468,15.52088000,1303652.33376000,0
1790867400000000,83890.29000000,83964.00000000,83850.00000000,83964.00000000,31.39238000,1790867459999999,2633383.34110320,5827,21.72381000,1822459.54239100,0
1790867460000000,83964.00000000,84010.01000000,83922.20000000,83984.01000000,21.10862000,1790867519999999,1772508.74040000,6051,14.30093000,1200922.36442000,0
1790867520000000,83984.01000000,83984.59000000,83924.00000000,83934.01000000,17.87361000,1790867579999999,1500457.25300720,7021,9.67186000,811927.75667310,0
1790867580000000,83934.01000000,84006.55000000,83934.01000000,84006.54000000,12.47122000,1790867639999999,1047190.15142540,2876,10.46355000,878605.04960560,0
1790867640000000,84006.55000000,84092.80000000,84006.54000000,84092.80000000,24.81111000,1790867699999999,2085107.78104410,4385,22.20491000,1866070.02996600,0
1790867700000000,84092.79000000,84116.49000000,84063.18000000,84093.98000000,13.78900000,1790867759999999,1159510.46463720,5525,9.49809000,798668.76835830,0
1790867760000000,84093.99000000,84127.72000000,84071.10000000,84127.72000000,13.63758000,1790867819999999,1146916.96663090,5610,9.95826000,837493.65779010,0
1790867820000000,84127.73000000,84189.92000000,84116.00000000,84189.92000000,19.44253000,1790867879999999,1636074.75697070,5986,15.24112000,1282500.09772670,0
1790867880000000,84189.92000000,84228.44000000,84180.76000000,84190.68000000,16.30852000,1790867939999999,1373251.53070920,4310,10.55065000,888381.96285330,0
1790867940000000,84190.68000000,84245.12000000,84182.20000000,84234.72000000,12.92998000,1790867999999999,1088977.53888560,3457,8.45233000,711824.90757060,0
1790868000000000,84234.72000000,84248.50000000,84227.57000000,84246.96000000,15.11581000,1790868059999999,1273383.32711450,2089,5.80892000,489354.33111940,0
1790868060000000,84246.96000000,84248.86000000,84222.09000000,84229.26000000,11.71876000,1790868119999999,987132.74278300,1419,7.69399000,648097.63939850,0
1790868120000000,84229.26000000,84229.26000000,84190.34000000,84206.13000000,13.52981000,1790868179999999,1139377.32262110,2801,5.61278000,472641.90403890,0
1790868180000000,84206.13000000,84220.79000000,84178.00000000,84179.35000000,7.12084000,1790868239999999,599574.51569530,1547,4.18631000,352483.85850340,0
1790868240000000,84179.35000000,84197.18000000,84154.00000000,84154.00000000,6.80274000,1790868299999999,572698.57375300,1734,2.03490000,171311.56441680,0
1790868300000000,84154.01000000,84167.13000000,84122.63000000,84132.61000000,9.89588000,1790868359999999,832669.42565170,2295,6.43848000,541737.75887340,0
1790868360000000,84132.60000000,84160.89000000,84120.47000000,84160.89000000,6.35564000,1790868419999999,534727.00651500,1960,2.92897000,246426.68999110,0
1790868420000000,84160.89000000,84168.97000000,84160.89000000,84166.17000000,4.91423000,1790868479999999,413612.83760390,683,2.28993000,192732.65624630,0
1790868480000000,84166.18000000,84173.14000000,84123.92000000,84130.01000000,6.10189000,1790868539999999,513449.73914660,1748,3.07292000,258567.87638980,0
1790868540000000,84130.00000000,84132.08000000,84094.26000000,84094.26000000,4.56336000,1790868599999999,383859.49373300,1702,1.29647000,109057.26895660,0
1790868600000000,84094.27000000,84094.27000000,84000.00000000,84000.00000000,33.32138000,1790868659999999,2799246.67102040,3839,2.20301000,185085.64563700,0
1790868660000000,84000.01000000,84000.01000000,83851.52000000,83855.79000000,35.08220000,1790868719999999,2943834.01149930,6995,9.75808000,818651.59985770,0
1790868720000000,83855.78000000,83956.01000000,83836.01000000,83937.61000000,18.18097000,1790868779999999,1525196.73134570,6643,9.45789000,793413.00727570,0
1790868780000000,83937.61000000,83981.11000000,83880.05000000,83930.75000000,15.28563000,1790868839999999,1283093.48776640,5844,10.52267000,883289.58828640,0
1790868840000000,83930.74000000,83930.75000000,83831.99000000,83860.56000000,11.90326000,1790868899999999,998343.49845820,5084,4.03722000,338601.03433740,0
1790868900000000,83860.56000000,83872.00000000,83846.00000000,83858.01000000,5.47759000,1790868959999999,459335.88082450,3099,1.74553000,146372.14420190,0
1790868960000000,83858.00000000,83897.70000000,83857.16000000,83869.64000000,13.41399000,1790869019999999,1125149.39590110,5073,4.71083000,395095.80627430,0
1790869020000000,83869.63000000,83908.86000000,83848.62000000,83908.85000000,6.78381000,1790869079999999,569000.77954250,3055,3.49718000,293326.59329810,0
1790869080000000,83908.85000000,83967.72000000,83908.00000000,83958.64000000,3.53396000,1790869139999999,296627.62316430,1957,2.50597000,210342.77561340,0
1790869140000000,83958.64000000,84010.76000000,83955.87000000,83955.87000000,9.37207000,1790869199999999,787112.81127180,3807,6.80912000,571880.03932610,0
1790869200000000,83955.87000000,83989.23000000,83942.91000000,83957.93000000,6.62091000,1790869259999999,555951.26273890,2594,3.97301000,333596.01434800,0
1790869260000000,83957.93000000,83969.15000000,83912.39000000,83912.39000000,3.46230000,1790869319999999,290676.12838300,1926,1.53634000,128986.67072180,0
1790869320000000,83912.39000000,83941.32000000,83912.39000000,83929.95000000,5.87547000,1790869379999999,493095.68297420,1378,4.34547000,364672.14811720,0
1790869380000000,83929.94000000,83936.01000000,83852.48000000,83852.49000000,7.39980000,1790869439999999,620890.93272110,3041,1.42161000,119294.19567550,0
1790869440000000,83852.49000000,83889.44000000,83838.00000000,83889.44000000,20.53375000,1790869499999999,1721735.13641380,2411,17.14794000,1437843.34570380,0
1790869500000000,83889.44000000,83956.00000000,83889.02000000,83956.00000000,9.63210000,1790869559999999,808214.25285300,2024,6.79376000,570083.19259820,0
1790869560000000,83956.01000000,84000.80000000,83928.57000000,83945.25000000,16.18834000,1790869619999999,1359269.12732260,3151,10.09447000,847585.21857100,0
1790869620000000,83945.25000000,84070.01000000,83930.26000000,84063.53000000,23.31116000,1790869679999999,1957768.86973190,3510,17.63327000,1481050.26840540,0
1790869680000000,84063.54000000,84249.69000000,84063.54000000,84249.69000000,37.21673000,1790869739999999,3132263.97089140,8756,31.39437000,2642270.83404680,0
1790869740000000,84249.84000000,84308.92000000,84196.48000000,84257.67000000,52.29483000,1790869799999999,4406561.72141670,8560,21.28900000,1793830.97059220,0
1790869800000000,84257.68000000,84285.54000000,84188.00000000,84188.01000000,36.33192000,1790869859999999,3060604.53204260,6238,20.03299000,1687513.32259020,0
1790869860000000,84188.00000000,84216.01000000,84140.69000000,84158.01000000,16.32998000,1790869919999999,1374556.47250470,6146,8.61949000,725536.26191090,0
1790869920000000,84158.00000000,84172.01000000,84116.99000000,84152.01000000,15.45281000,1790869979999999,1300287.79955140,4338,7.36553000,619705.09602820,0
1790869980000000,84152.01000000,84152.01000000,84103.14000000,84106.00000000,9.29080000,1790870039999999,781529.25070630,3444,3.21357000,270301.69533110,0
1790870040000000,84106.00000000,84137.50000000,84106.00000000,84126.01000000,3.91035000,1790870099999999,328970.36016860,2573,2.51837000,211860.06229970,0
1790870100000000,84126.00000000,84134.80000000,84107.72000000,84126.00000000,6.69466000,1790870159999999,563152.28158650,2123,5.44945000,458405.51751230,0
1790870160000000,84126.00000000,84212.01000000,84108.00000000,84146.01000000,35.83661000,1790870219999999,3015940.59961190,6418,24.17544000,2034638.77144060,0
1790870220000000,84146.01000000,84196.01000000,84133.98000000,84180.01000000,4.97064000,1790870279999999,418341.90278240,2873,2.92491000,246163.82315870,0
1790870280000000,84180.01000000,84180.01000000,84106.00000000,84106.01000000,4.66938000,1790870339999999,392897.75206790,2035,0.65318000,54957.12291520,0
1790870340000000,84106.00000000,84162.66000000,84106.00000000,84162.65000000,6.61382000,1790870399999999,556399.84648680,2159,5.20538000,437921.43443540,0
1790870400000000,84162.66000000,84196.00000000,84145.26000000,84195.99000000,7.66419000,1790870459999999,645112.64318250,2875,4.83036000,406621.29834170,0
1790870460000000,84195.99000000,84202.01000000,84162.00000000,84202.01000000,8.78444000,1790870519999999,739537.36565660,2239,3.59374000,302512.30897840,0
1790870520000000,84202.01000000,84236.92000000,84202.00000000,84236.91000000,5.45310000,1790870579999999,459262.83379340,1420,5.19781000,437760.59565450,0
1790870580000000,84236.91000000,84252.22000000,84232.04000000,84252.21000000,5.75677000,1790870639999999,484959.70884310,1011,3.87980000,326845.79328740,0
1790870640000000,84252.22000000,84258.01000000,84220.72000000,84230.01000000,7.56329000,1790870699999999,637111.61720370,2389,3.04825000,256767.72994720,0
1790870700000000,84230.01000000,84230.02000000,84216.00000000,84222.73000000,3.07360000,1790870759999999,258878.24554970,1593,1.69526000,142785.68931890,0
1790870760000000,84222.73000000,84293.56000000,84216.64000000,84293.55000000,7.32513000,1790870819999999,617234.89788540,3089,5.46167000,460222.48954610,0
1790870820000000,84293.56000000,84295.37000000,84246.00000000,84246.01000000,4.82318000,1790870879999999,406518.78855690,1903,1.48943000,125542.24321640,0
1790870880000000,84246.00000000,84286.01000000,84222.00000000,84227.34000000,11.38523000,1790870939999999,959276.79352440,3680,3.89016000,327711.37427270,0
1790870940000000,84227.35000000,84227.35000000,84152.00000000,84176.01000000,7.86491000,1790870999999999,662073.50011850,3068,4.45552000,375047.00615140,0
1790871000000000,84176.01000000,84232.01000000,84170.00000000,84170.00000000,8.46413000,1790871059999999,712684.41443000,4322,4.72150000,397540.87740300,0
1790871060000000,84170.00000000,84170.00000000,84146.00000000,84146.00000000,4.67314000,1790871119999999,393279.49788680,1049,1.07222000,90234.34748840,0
1790871120000000,84146.00000000,84254.01000000,84139.24000000,84254.00000000,29.47931000,1790871179999999,2481747.78033050,4488,21.55897000,1815073.95899340,0
1790871180000000,84254.00000000,84302.10000000,84232.00000000,84232.01000000,22.74458000,1790871239999999,1916721.51735370,4544,11.36172000,957567.80618530,0
1790871240000000,84232.00000000,84317.29000000,84224.01000000,84317.29000000,48.45960000,1790871299999999,4082549.58874310,4116,30.64988000,2582146.31743540,0
1790871300000000,84317.29000000,84426.24000000,84317.28000000,84360.00000000,46.55713000,1790871359999999,3928680.24870820,6403,32.00874000,2700893.28186980,0
1790871360000000,84359.99000000,84382.84000000,84332.00000000,84332.01000000,19.20595000,1790871419999999,1620182.69634990,7240,9.60325000,810087.90441960,0
1790871420000000,84332.01000000,84382.01000000,84306.01000000,84369.99000000,10.14547000,1790871479999999,855725.23286890,4750,6.88252000,580495.13398000,0
1790871480000000,84369.98000000,84369.99000000,84310.01000000,84322.01000000,13.52727000,1790871539999999,1140833.99575250,4067,5.86415000,494520.49002260,0
1790871540000000,84322.01000000,84386.01000000,84294.00000000,84356.00000000,12.84418000,1790871599999999,1083409.96032390,3943,7.71107000,650435.73400890,0
1790871600000000,84356.01000000,84356.01000000,84324.00000000,84340.01000000,6.98581000,1790871659999999,589161.13937190,2851,3.44683000,290686.62647900,0
1790871660000000,84340.01000000,84346.01000000,84312.00000000,84312.01000000,5.16978000,1790871719999999,435984.75364740,2112,0.99877000,84233.08549030,0
1790871720000000,84312.00000000,84341.08000000,84308.00000000,84328.01000000,7.92192000,1790871779999999,668045.90945020,3103,5.27206000,444575.63956190,0
1790871780000000,84328.00000000,84328.00000000,84268.00000000,84302.72000000,8.31668000,1790871839999999,700995.34490620,2976,3.25681000,274484.30903090,0
1790871840000000,84302.72000000,84356.90000000,84302.72000000,84340.02000000,11.27613000,1790871899999999,951014.56122200,4039,8.52745000,719172.62418980,0
1790871900000000,84340.02000000,84353.00000000,84338.00000000,84353.00000000,5.33555000,1790871959999999,450035.60306650,1615,4.32508000,364809.49744030,0
1790871960000000,84352.99000000,84371.50000000,84317.01000000,84317.91000000,11.98648000,1790872019999999,1011121.78846590,2398,6.79371000,573083.59976580,0
1790872020000000,84317.90000000,84317.91000000,84283.82000000,84283.83000000,8.42120000,1790872079999999,709882.56208750,1796,2.84467000,239800.73251140,0
1790872080000000,84283.82000000,84283.83000000,84265.82000000,84270.61000000,10.30274000,1790872139999999,868212.33791430,1033,3.90250000,328849.39625310,0
1790872140000000,84270.61000000,84305.50000000,84269.93000000,84305.49000000,11.79076000,1790872199999999,993832.05359410,1666,11.17966000,942320.14111340,0
1790872200000000,84305.49000000,84350.01000000,84305.49000000,84334.01000000,5.31893000,1790872259999999,448564.16398530,2140,1.77052000,149304.04586430,0
1790872260000000,84334.01000000,84382.75000000,84334.00000000,84382.75000000,6.89697000,1790872319999999,581814.60222380,1518,4.97772000,419903.55681600,0
1790872320000000,84382.74000000,84418.00000000,84382.74000000,84418.00000000,7.98002000,1790872379999999,673532.19260360,3272,5.30079000,447396.32666530,0
1790872380000000,84417.99000000,84481.27000000,84417.99000000,84481.26000000,13.26541000,1790872439999999,1120251.34777230,2896,8.78666000,742066.38153170,0
1790872440000000,84481.26000000,84501.00000000,84448.00000000,84491.40000000,30.97946000,1790872499999999,2617370.38093000,6122,18.91724000,1598292.96308390,0
1790872500000000,84491.39000000,84625.98000000,84491.39000000,84623.89000000,29.87021000,1790872559999999,2525816.21938450,5245,23.62918000,1998020.94443350,0
1790872560000000,84623.88000000,84623.89000000,84510.01000000,84510.02000000,25.18808000,1790872619999999,2130245.99706210,5299,13.38256000,1131936.10402840,0
1790872620000000,84510.01000000,84510.01000000,84328.61000000,84338.01000000,16.97936000,1790872679999999,1433191.65270050,5786,5.54772000,468269.46400250,0
1790872680000000,84338.00000000,84338.01000000,84225.14000000,84240.01000000,36.37559000,1790872739999999,3064955.25245460,8609,14.77855000,1245157.52265630,0
1790872740000000,84240.00000000,84280.01000000,84208.00000000,84218.00000000,15.93002000,1790872799999999,1341991.52465820,5916,6.76734000,570125.45770560,0
1790872800000000,84218.01000000,84276.01000000,84211.56000000,84226.00000000,8.63529000,1790872859999999,727555.53737880,4507,3.37967000,284738.51063310,0
1790872860000000,84226.00000000,84260.01000000,84218.34000000,84232.25000000,15.03412000,1790872919999999,1266464.56342800,4572,4.37488000,368531.10880920,0
1790872920000000,84232.25000000,84246.01000000,84196.00000000,84242.00000000,10.09576000,1790872979999999,850234.93249230,3521,5.64126000,475086.77896750,0
1790872980000000,84242.00000000,84330.01000000,84240.65000000,84316.00000000,9.63570000,1790873039999999,812321.00001990,3527,6.46024000,544595.01387700,0
1790873040000000,84316.01000000,84329.82000000,84304.00000000,84329.81000000,4.11660000,1790873099999999,347098.74986960,1389,1.89057000,159411.23623000,0
1790873100000000,84329.82000000,84412.01000000,84329.81000000,84403.18000000,11.52478000,1790873159999999,972411.78841370,3101,7.78925000,657225.56147640,0
1790873160000000,84403.18000000,84403.18000000,84345.91000000,84358.00000000,10.49500000,1790873219999999,885399.68315260,2469,2.36335000,199358.60323440,0
1790873220000000,84358.01000000,84362.01000000,84338.38000000,84347.99000000,3.06540000,1790873279999999,258546.46278880,985,0.58210000,49098.34818430,0
1790873280000000,84347.99000000,84402.31000000,84276.14000000,84276.15000000,20.49410000,1790873339999999,1728614.29930040,3876,11.51488000,971381.07155670,0
1790873340000000,84276.14000000,84300.00000000,84245.95000000,84266.19000000,9.96806000,1790873399999999,840133.76919600,2553,4.11671000,346955.98681590,0
1790873400000000,84266.19000000,84266.20000000,84214.42000000,84219.09000000,11.45203000,1790873459999999,964677.42590750,4111,3.24219000,273101.18312560,0
1790873460000000,84219.08000000,84219.09000000,84173.43000000,84196.19000000,15.80465000,1790873519999999,1330657.97533400,3189,10.66444000,897828.23488070,0
1790873520000000,84196.19000000,84236.01000000,84176.00000000,84236.01000000,5.90919000,1790873579999999,497560.99255990,2548,4.25557000,358336.87451710,0
1790873580000000,84236.00000000,84254.01000000,84211.16000000,84218.67000000,6.98405000,1790873639999999,588284.09886810,2586,2.36492000,199196.24844560,0
1790873640000000,84218.67000000,84218.67000000,84186.68000000,84186.68000000,3.80651000,1790873699999999,320503.06050330,1448,0.58354000,49129.98732210,0
1790873700000000,84186.67000000,84186.68000000,84146.81000000,84146.81000000,6.17196000,1790873759999999,519488.91080200,2103,2.28600000,192411.53800780,0
1790873760000000,84146.81000000,84146.82000000,84064.00000000,84102.00000000,18.16042000,1790873819999999,1527418.01455800,5131,6.22158000,523277.87648140,0
1790873820000000,84102.01000000,84122.01000000,84102.00000000,84122.00000000,2.69038000,1790873879999999,226297.85432110,1668,1.86360000,156751.55181060,0
1790873880000000,84122.00000000,84174.01000000,84122.00000000,84146.01000000,11.91516000,1790873939999999,1002713.23482630,3100,8.31879000,700027.98964620,0
1790873940000000,84146.00000000,84202.01000000,84146.00000000,84202.01000000,3.69338000,1790873999999999,310889.66180630,1391,3.47851000,292799.17458630,0
1790874000000000,84202.00000000,84220.01000000,84198.00000000,84220.01000000,2.17606000,1790874059999999,183241.97091850,1897,1.19791000,100875.32859540,0
1790874060000000,84220.01000000,84260.00000000,84208.01000000,84260.00000000,6.76786000,1790874119999999,570039.11313090,3441,5.28687000,445299.27739850,0
1790874120000000,84260.01000000,84439.94000000,84260.01000000,84402.00000000,24.51111000,1790874179999999,2068072.45061160,7174,13.72782000,1158062.83442630,0
1790874180000000,84402.01000000,84468.01000000,84402.00000000,84462.01000000,9.45412000,1790874239999999,798290.49348200,4519,5.54224000,467976.47573840,0
1790874240000000,84462.00000000,84484.01000000,84415.91000000,84443.70000000,11.50875000,1790874299999999,971916.47832650,4812,3.74418000,316199.91941600,0
1790874300000000,84443.70000000,84450.01000000,84410.00000000,84436.01000000,9.98066000,1790874359999999,842650.01965040,2661,4.02883000,340129.13719280,0
1790874360000000,84436.01000000,84486.01000000,84436.01000000,84472.96000000,10.89725000,1790874419999999,920450.39454370,2743,7.46759000,630742.41438310,0
1790874420000000,84472.96000000,84474.01000000,84428.00000000,84428.01000000,8.72640000,1790874479999999,736972.88564160,2340,2.09112000,176586.95211020,0
1790874480000000,84428.00000000,84438.01000000,84408.00000000,84412.54000000,8.55580000,1790874539999999,722298.20511620,2697,2.32117000,195952.73139430,0
1790874540000000,84412.54000000,84412.54000000,84394.00000000,84394.01000000,2.36579000,1790874599999999,199670.38881660,1492,0.91229000,76995.49723380,0
1790874600000000,84394.00000000,84434.01000000,84394.00000000,84426.00000000,5.82593000,1790874659999999,491780.58453630,1870,4.56474000,385301.14079830,0
1790874660000000,84426.01000000,84460.01000000,84407.12000000,84460.00000000,5.47121000,1790874719999999,461943.14732550,2538,3.47019000,292996.26707630,0
1790874720000000,84460.01000000,84470.01000000,84371.50000000,84430.02000000,35.83211000,1790874779999999,3024760.18133840,5581,14.38171000,1213964.96795350,0
1790874780000000,84430.02000000,84444.43000000,84418.00000000,84444.05000000,16.38449000,1790874839999999,1383487.34262790,3445,6.38146000,538844.29233150,0
1790874840000000,84444.04000000,84472.01000000,84426.01000000,84432.89000000,14.12653000,1790874899999999,1192977.27694180,3718,5.08144000,429095.84897230,0
1790874900000000,84432.90000000,84496.34000000,84432.90000000,84489.87000000,11.70842000,1790874959999999,989086.05822570,3638,9.21254000,778217.34664840,0
1790874960000000,84489.87000000,84545.00000000,84474.00000000,84545.00000000,26.90391000,1790875019999999,2273874.28245910,4219,10.82006000,914347.63687530,0
1790875020000000,84544.99000000,84733.99000000,84544.99000000,84700.20000000,55.48540000,1790875079999999,4697744.97087330,9306,33.75353000,2857418.96020760,0
1790875080000000,84700.19000000,84728.55000000,84618.84000000,84629.85000000,25.27154000,1790875139999999,2139792.46391080,6059,9.74722000,825386.42507920,0
1790875140000000,84629.86000000,84761.82000000,84629.85000000,84756.60000000,21.40393000,1790875199999999,1812551.26220770,4221,16.27918000,1378496.92026630,0
1790875200000000,84756.56000000,84793.00000000,84738.95000000,84768.29000000,11.80131000,1790875259999999,1000432.81480560,3823,7.03655000,596503.40348540,0
1790875260000000,84768.30000000,84789.88000000,84721.95000000,84785.09000000,10.46568000,1790875319999999,886969.79202890,2687,4.33685000,367495.85013210,0
1790875320000000,84785.08000000,84801.90000000,84738.34000000,84748.68000000,23.77895000,1790875379999999,2015724.82847410,3621,7.94909000,673900.24518780,0
1790875380000000,84748.69000000,84756.91000000,84697.15000000,84718.46000000,8.07374000,1790875439999999,684032.35729460,3396,3.40018000,288053.53057100,0
1790875440000000,84718.46000000,84781.04000000,84678.01000000,84776.96000000,7.48118000,1790875499999999,633831.19133430,3415,3.16275000,268000.65520740,0
1790875500000000,84776.96000000,84792.70000000,84750.72000000,84778.89000000,8.36713000,1790875559999999,709286.16940180,3048,1.50216000,127344.07517590,0
1790875560000000,84778.90000000,84840.01000000,84770.27000000,84781.99000000,8.12716000,1790875619999999,689262.65634270,3139,4.45295000,377632.77560750,0
1790875620000000,84781.99000000,84838.54000000,84767.56000000,84838.53000000,5.61392000,1790875679999999,476078.94287750,2071,3.29206000,279166.26550040,0
1790875680000000,84838.53000000,84920.00000000,84804.85000000,84912.88000000,27.40462000,1790875739999999,2325518.07864860,4737,20.34267000,1726139.59234780,0
1790875740000000,84912.88000000,84919.19000000,84863.15000000,84919.19000000,16.82554000,1790875799999999,1428299.00197420,3276,4.23346000,359343.03579010,0
1790875800000000,84919.18000000,85028.50000000,84904.16000000,84978.00000000,95.70598000,1790875859999999,8133724.94172520,11080,67.73661000,5756676.37807550,0
1790875860000000,84977.99000000,84988.33000000,84876.72000000,84935.20000000,19.84678000,1790875919999999,1685636.10782380,5566,8.91815000,757346.10172110,0
1790875920000000,84934.56000000,84934.56000000,84823.87000000,84868.42000000,16.67510000,1790875979999999,1415324.74080070,4907,6.44853000,547357.07089860,0
1790875980000000,84868.42000000,84888.03000000,84821.52000000,84850.53000000,10.22370000,1790876039999999,867605.26732310,3478,3.96050000,336085.76880010,0
1790876040000000,84850.53000000,84862.66000000,84772.38000000,84792.69000000,18.11210000,1790876099999999,1535896.40485380,3726,5.30032000,449476.07783370,0
1790876100000000,84792.70000000,84843.14000000,84792.69000000,84793.30000000,10.26483000,1790876159999999,870688.44654420,2786,2.86512000,243021.80902770,0
1790876160000000,84793.29000000,84873.35000000,84780.27000000,84868.19000000,41.81823000,1790876219999999,3546330.03643430,4308,32.52995000,2758507.24426060,0
1790876220000000,84868.16000000,84947.13000000,84824.15000000,84947.13000000,13.85875000,1790876279999999,1176273.39123570,3490,5.04118000,427954.03679040,0
1790876280000000,84947.83000000,85020.80000000,84919.23000000,85020.80000000,19.17020000,1790876339999999,1628787.77106600,3072,12.24083000,1040172.34806980,0
1790876340000000,85020.80000000,85033.00000000,84960.29000000,84965.33000000,36.23309000,1790876399999999,3080398.20723230,2589,23.17070000,1969918.53601480,0
1790876400000000,84965.34000000,85037.86000000,84965.33000000,85000.68000000,22.49792000,1790876459999999,1912528.60532280,3403,9.85192000,837434.29811870,0
1790876460000000,85000.68000000,85046.21000000,84997.38000000,85046.20000000,9.25162000,1790876519999999,786595.81209140,1697,4.86225000,413407.51077320,0
1790876520000000,85046.20000000,85046.21000000,84992.97000000,84992.97000000,16.61570000,1790876579999999,1412711.61916920,2492,4.44100000,377567.88208530,0
1790876580000000,84992.98000000,85024.67000000,84992.97000000,85011.43000000,13.09782000,1790876639999999,1113482.90100390,2006,5.12137000,435335.47177520,0
1790876640000000,85011.43000000,85055.00000000,85000.00000000,85054.99000000,15.96170000,1790876699999999,1357146.95896920,2093,11.61343000,987431.82181410,0
1790876700000000,85054.99000000,85055.00000000,85026.58000000,85032.00000000,14.85236000,1790876759999999,1263073.48676060,1743,2.38911000,203161.21423300,0
1790876760000000,85032.00000000,85078.85000000,85012.41000000,85074.02000000,14.26357000,1790876819999999,1213104.09230730,2824,5.53425000,470662.46888010,0
1790876820000000,85074.02000000,85074.02000000,85016.98000000,85043.45000000,24.85800000,1790876879999999,2114033.83537870,2510,7.35352000,625344.89290780,0
1790876880000000,85043.44000000,85048.94000000,85003.33000000,85042.53000000,16.55898000,1790876939999999,1407968.29954360,2785,6.65808000,566055.50726590,0
1790876940000000,85042.52000000,85045.60000000,84998.19000000,85013.99000000,15.73112000,1790876999999999,1337429.00985880,3301,5.54942000,471774.36704780,0
1790877000000000,85013.99000000,85024.08000000,84991.32000000,85021.40000000,34.51413000,1790877059999999,2934061.41083750,4344,21.04696000,1789192.51635780,0
1790877060000000,85021.40000000,85037.18000000,85016.15000000,85037.18000000,10.30672000,1790877119999999,876315.78087500,1626,4.62333000,393100.35850240,0
1790877120000000,85037.18000000,85041.26000000,85037.17000000,85037.18000000,4.48414000,1790877179999999,381319.73099430,655,2.82756000,240448.04013390,0
1790877180000000,85037.17000000,85049.00000000,85018.18000000,85049.00000000,26.97652000,1790877239999999,2294099.57449530,2458,18.40147000,1564905.29695830,0
1790877240000000,85049.00000000,85049.00000000,84863.38000000,84863.38000000,30.33767000,1790877299999999,2577153.58461730,7493,3.09742000,263082.50065850,0
1790877300000000,84863.38000000,84915.78000000,84862.00000000,84914.00000000,18.66782000,1790877359999999,1584546.83109970,4535,9.63189000,817587.21549570,0
1790877360000000,84914.01000000,84945.27000000,84870.00000000,84896.01000000,90.07683000,1790877419999999,7649295.11797800,6173,73.39065000,6232375.84566890,0
1790877420000000,84896.00000000,84896.00000000,84792.70000000,84851.65000000,28.24327000,1790877479999999,2396104.30308730,5991,6.34307000,538051.65159230,0
1790877480000000,84851.66000000,84851.66000000,84812.82000000,84812.82000000,12.82369000,1790877539999999,1087818.27532470,2430,4.79184000,406485.29087710,0
1790877540000000,84812.83000000,84908.01000000,84812.82000000,84908.01000000,17.81750000,1790877599999999,1512048.77373610,2783,14.77125000,1253563.38328780,0
1790877600000000,84908.00000000,84908.01000000,84779.99000000,84808.01000000,22.65218000,1790877659999999,1921837.09094400,6342,6.60309000,560065.24245320,0
1790877660000000,84808.00000000,84847.00000000,84781.67000000,84846.98000000,24.59578000,1790877719999999,2085681.88427330,4120,15.76411000,1336809.46765740,0
1790877720000000,84846.99000000,84862.01000000,84783.82000000,84783.82000000,14.26580000,1790877779999999,1210075.85949360,2756,4.97160000,421708.36433350,0
1790877780000000,84783.82000000,84783.83000000,84720.00000000,84720.01000000,7.70206000,1790877839999999,652754.80963580,2796,1.72586000,146265.86987700,0
1790877840000000,84720.01000000,84744.27000000,84714.61000000,84720.01000000,12.70611000,1790877899999999,1076600.73114750,1971,7.42643000,629253.00692790,0
1790877900000000,84720.00000000,84736.11000000,84700.94000000,84734.08000000,13.42326000,1790877959999999,1137191.52935300,1898,9.42864000,798755.70675820,0
1790877960000000,84734.07000000,84734.07000000,84700.00000000,84700.05000000,7.72982000,1790878019999999,654849.75073620,2298,1.71111000,144953.38099220,0
1790878020000000,84700.06000000,84765.99000000,84692.35000000,84765.99000000,9.84793000,1790878079999999,834328.04712920,3059,4.73529000,401181.57264200,0
1790878080000000,84765.98000000,84801.90000000,84748.43000000,84765.40000000,17.46599000,1790878139999999,1480592.51458360,4381,9.00569000,763398.92459710,0
1790878140000000,84765.40000000,84883.27000000,84765.40000000,84883.26000000,14.30788000,1790878199999999,1213774.48723790,3234,10.15718000,861692.11177400,0
1790878200000000,84883.27000000,84916.44000000,84849.87000000,84857.37000000,15.67877000,1790878259999999,1330818.03756160,3266,6.44664000,547199.69858340,0
1790878260000000,84857.37000000,84934.01000000,84857.37000000,84934.00000000,6.83643000,1790878319999999,580344.85029230,2135,4.65515000,395174.59788040,0
1790878320000000,84934.01000000,84967.64000000,84934.00000000,84953.90000000,10.29046000,1790878379999999,874218.62631420,2626,6.00550000,510184.97077190,0
1790878380000000,84953.90000000,84989.29000000,84913.71000000,84948.00000000,18.39135000,1790878439999999,1562400.90596760,3210,8.59934000,730560.42888510,0
1790878440000000,84948.01000000,84953.38000000,84881.46000000,84881.46000000,8.59619000,1790878499999999,729988.25078180,2168,2.92728000,248641.37982570,0
1790878500000000,84881.47000000,84904.81000000,84850.00000000,84850.01000000,11.19280000,1790878559999999,950160.38715610,2272,3.52774000,299480.69976760,0
1790878560000000,84850.01000000,84850.01000000,84818.00000000,84834.03000000,9.82506000,1790878619999999,833568.46174730,1865,2.80372000,237863.90874510,0
1790878620000000,84834.03000000,84868.53000000,84834.02000000,84840.83000000,9.32475000,1790878679999999,791223.42101690,1787,6.19162000,525355.12301520,0
1790878680000000,84840.83000000,84882.42000000,84840.82000000,84871.52000000,5.62863000,1790878739999999,477684.52800980,1198,4.11746000,349414.96187620,0
1790878740000000,84871.51000000,84871.52000000,84808.05000000,84816.53000000,12.00279000,1790878799999999,1018154.05297290,2034,3.38802000,287360.48117160,0
1790878800000000,84816.54000000,84823.46000000,84816.53000000,84823.35000000,2.79477000,1790878859999999,237056.85481920,933,0.93698000,79474.55022990,0
1790878860000000,84823.35000000,84855.28000000,84823.35000000,84840.16000000,5.85289000,1790878919999999,496540.43348250,1502,3.85175000,326746.73919320,0
1790878920000000,84840.16000000,84840.16000000,84802.51000000,84833.81000000,7.11246000,1790878979999999,603284.62537610,1937,2.69380000,228482.21871820,0
1790878980000000,84833.81000000,84934.01000000,84827.97000000,84934.00000000,16.46864000,1790879039999999,1397856.55481150,4247,12.55417000,1065622.78986620,0
1790879040000000,84934.01000000,84947.28000000,84894.18000000,84894.19000000,5.13229000,1790879099999999,435848.05557960,1283,2.20382000,187149.23988130,0
1790879100000000,84894.18000000,84898.00000000,84870.00000000,84897.99000000,4.47079000,1790879159999999,379489.64716750,1222,2.54982000,216433.33548000,0
1790879160000000,84897.99000000,84898.00000000,84874.00000000,84874.00000000,3.32232000,1790879219999999,282021.40661540,723,1.30115000,110446.30214950,0
1790879220000000,84874.00000000,84880.93000000,84838.00000000,84839.71000000,12.39637000,1790879279999999,1051915.86025430,1426,3.98973000,338551.64376890,0
1790879280000000,84839.70000000,84860.47000000,84828.48000000,84829.84000000,7.75294000,1790879339999999,657819.03141330,1303,3.87469000,328759.58793200,0
1790879340000000,84829.85000000,84842.00000000,84802.95000000,84802.95000000,4.74279000,1790879399999999,402272.25103400,1210,2.19890000,186500.18393320,0
1790879400000000,84802.95000000,84830.01000000,84793.44000000,84830.01000000,5.56067000,1790879459999999,471581.99877660,2128,2.57806000,218636.76666230,0
1790879460000000,84830.00000000,84860.06000000,84820.00000000,84856.00000000,3.70958000,1790879519999999,314697.69747920,1122,2.20893000,187392.30870980,0
1790879520000000,84856.00000000,84878.01000000,84844.21000000,84870.63000000,5.20342000,1790879579999999,441583.62241410,1413,2.54083000,215615.22522820,0
1790879580000000,84870.63000000,84870.63000000,84846.05000000,84866.00000000,5.81761000,1790879639999999,493640.27345450,1349,3.59287000,304860.35838110,0
1790879640000000,84866.01000000,84958.04000000,84866.00000000,84958.04000000,12.98284000,1790879699999999,1102290.46347900,2814,8.97963000,762486.43592710,0
1790879700000000,84958.04000000,85066.01000000,84934.00000000,85066.00000000,35.98143000,1790879759999999,3058606.44937780,4931,29.00348000,2465407.87353480,0
1790879760000000,85066.00000000,85066.01000000,85010.37000000,85026.00000000,12.39350000,1790879819999999,1053768.88256070,3462,8.14015000,692091.55367460,0
1790879820000000,85026.00000000,85095.67000000,84998.84000000,85095.66000000,21.16860000,1790879879999999,1800247.25452900,3402,17.65364000,1501381.49326230,0
1790879880000000,85095.66000000,85260.00000000,85095.66000000,85231.72000000,94.93891000,1790879939999999,8087635.43950710,8538,74.23591000,6323496.89889940,0
1790879940000000,85231.71000000,85273.65000000,85171.23000000,85178.43000000,53.31575000,1790879999999999,4543737.49361600,5773,36.34477000,3097317.46059100,0
1790880000000000,85178.44000000,85178.44000000,85019.16000000,85019.17000000,30.54155000,1790880059999999,2598712.40923060,3055,9.46431000,805395.88918860,0
1790880060000000,85019.16000000,85062.30000000,84988.93000000,85034.00000000,18.09711000,1790880119999999,1538874.04681330,3640,11.93115000,1014560.22163060,0
1790880120000000,85034.01000000,85085.56000000,84988.94000000,84995.15000000,19.03292000,1790880179999999,1618605.62675330,5384,9.96205000,847152.56178590,0
1790880180000000,84995.14000000,84995.15000000,84908.02000000,84916.66000000,20.59081000,1790880239999999,1749339.07536250,3402,9.98699000,848485.58728480,0
1790880240000000,84916.66000000,84972.74000000,84916.65000000,84972.00000000,13.32838000,1790880299999999,1132155.34477190,3524,10.21570000,867734.89565350,0
1790880300000000,84972.01000000,84972.01000000,84948.00000000,84960.97000000,3.30986000,1790880359999999,281191.57131590,1443,1.59330000,135355.71300950,0
1790880360000000,84960.96000000,84960.97000000,84940.00000000,84942.01000000,4.30486000,1790880419999999,365685.35296890,1081,1.33834000,113682.23293690,0
1790880420000000,84942.00000000,84942.65000000,84856.00000000,84856.38000000,8.05080000,1790880479999999,683404.56915740,2342,1.76494000,149801.11823590,0
1790880480000000,84856.38000000,84862.83000000,84765.00000000,84773.88000000,46.67637000,1790880539999999,3959226.92308130,5579,21.59182000,1831493.38485580,0
1790880540000000,84773.87000000,84773.87000000,84725.56000000,84740.93000000,15.30990000,1790880599999999,1297475.34350810,3985,5.90892000,500751.92816290,0
1790880600000000,84740.94000000,84742.01000000,84719.90000000,84734.01000000,9.43761000,1790880659999999,799681.73258270,1839,3.72807000,315883.00372330,0
1790880660000000,84734.00000000,84734.83000000,84728.00000000,84734.83000000,3.72659000,1790880719999999,315759.33489310,677,2.44140000,206861.14396500,0
1790880720000000,84734.82000000,84734.83000000,84671.01000000,84692.01000000,15.49032000,1790880779999999,1311977.87486900,3001,3.44611000,291870.63165730,0
1790880780000000,84692.00000000,84759.45000000,84692.00000000,84759.45000000,10.20572000,1790880839999999,864833.90315280,2929,6.01066000,509314.89335770,0
1790880840000000,84759.44000000,84784.01000000,84759.44000000,84784.00000000,4.38192000,1790880899999999,371429.94248150,964,3.21819000,272791.84907430,0
1790880900000000,84784.00000000,84792.70000000,84780.00000000,84785.34000000,2.59446000,1790880959999999,219971.26059900,840,1.33790000,113431.58302670,0
1790880960000000,84785.33000000,84794.20000000,84785.33000000,84792.69000000,4.50103000,1790881019999999,381649.30826800,1066,2.78662000,236282.88803320,0
1790881020000000,84792.70000000,84820.61000000,84792.69000000,84820.61000000,5.07962000,1790881079999999,430752.80966160,1553,4.28934000,363740.38736440,0
1790881080000000,84820.61000000,84822.01000000,84810.46000000,84813.19000000,4.93874000,1790881139999999,418868.31060090,879,0.57402000,48683.62700190,0
1790881140000000,84813.18000000,84820.65000000,84802.01000000,84802.02000000,9.97397000,1790881199999999,845907.04628570,1063,2.14415000,181844.89316880,0
1790881200000000,84802.02000000,84819.99000000,84794.03000000,84819.98000000,3.65031000,1790881259999999,309559.43187520,1780,2.68710000,227874.40354670,0
1790881260000000,84819.98000000,84819.99000000,84740.91000000,84740.92000000,16.70560000,1790881319999999,1416140.26766630,3918,2.69077000,228065.93338110,0
1790881320000000,84740.92000000,84748.93000000,84740.91000000,84748.92000000,8.73123000,1790881379999999,739946.63661860,1231,5.50521000,466550.31774560,0
1790881380000000,84748.92000000,84765.87000000,84733.52000000,84765.87000000,7.64037000,1790881439999999,647513.00317210,2094,4.65545000,394559.66687980,0
1790881440000000,84766.01000000,84806.01000000,84766.00000000,84806.01000000,10.04912000,1790881499999999,852105.46197470,2366,7.76988000,658841.99389540,0
1790881500000000,84806.01000000,84806.02000000,84799.99000000,84800.00000000,1.74433000,1790881559999999,147924.72801130,512,0.26521000,22490.01625560,0
1790881560000000,84799.99000000,84818.82000000,84787.00000000,84818.81000000,4.37475000,1790881619999999,370994.55415610,1636,3.32493000,281973.30911680,0
1790881620000000,84818.81000000,84859.43000000,84802.08000000,84824.00000000,8.37706000,1790881679999999,710656.98893500,3333,2.65813000,225502.15754960,0
1790881680000000,84824.01000000,84854.01000000,84798.00000000,84854.00000000,5.44963000,1790881739999999,462246.22934170,2168,3.06162000,259708.22915240,0
1790881740000000,84854.00000000,84884.01000000,84854.00000000,84874.69000000,4.41932000,1790881799999999,375096.58211490,1458,2.63307000,223482.43721950,0
1790881800000000,84874.69000000,84892.01000000,84874.69000000,84876.94000000,3.95578000,1790881859999999,335793.29221770,1201,1.63998000,139206.87149810,0
1790881860000000,84876.94000000,84876.94000000,84812.81000000,84814.03000000,6.17521000,1790881919999999,523892.90771550,2331,1.98982000,168801.22491550,0
1790881920000000,84814.02000000,84814.03000000,84785.56000000,84785.56000000,2.29662000,1790881979999999,194754.00714770,1017,0.32545000,27598.11506670,0
1790881980000000,84785.56000000,84812.01000000,84785.56000000,84812.00000000,2.59590000,1790882039999999,220124.49580310,944,1.35207000,114647.52957180,0
1790882040000000,84812.00000000,84812.01000000,84792.00000000,84800.19000000,6.02520000,1790882099999999,510975.75231920,1330,2.01776000,171116.43618500,0
1790882100000000,84800.18000000,84820.00000000,84787.13000000,84819.99000000,4.02994000,1790882159999999,341736.41482170,1305,2.75806000,233879.51838190,0
1790882160000000,84819.99000000,84820.00000000,84812.84000000,84812.84000000,1.35377000,1790882219999999,114824.19038660,450,0.40124000,34031.81373100,0
1790882220000000,84812.84000000,84820.00000000,84780.00000000,84780.01000000,3.54884000,1790882279999999,300969.15526060,1436,1.33147000,112924.83149440,0
1790882280000000,84780.00000000,84787.65000000,84757.06000000,84787.65000000,8.17908000,1790882339999999,693377.64838450,1798,2.30905000,195728.34621150,0
1790882340000000,84787.65000000,84802.22000000,84787.64000000,84796.03000000,2.13488000,1790882399999999,181029.96601020,900,1.18616000,100579.70362470,0
1790882400000000,84796.02000000,84796.02000000,84746.91000000,84746.91000000,5.62399000,1790882459999999,476736.53554340,1611,0.33193000,28137.48185560,0
1790882460000000,84746.91000000,84756.01000000,84717.68000000,84741.28000000,18.86962000,1790882519999999,1598980.55155730,2395,4.29924000,364283.98345500,0
1790882520000000,84741.27000000,84741.27000000,84654.86000000,84663.29000000,20.80149000,1790882579999999,1761602.98714290,3320,3.67169000,310932.74523150,0
1790882580000000,84663.29000000,84663.30000000,84620.93000000,84633.18000000,17.09264000,1790882639999999,1446648.42908980,2495,5.66931000,479799.18809520,0
1790882640000000,84633.18000000,84633.18000000,84610.00000000,84615.44000000,5.49841000,1790882699999999,465261.66004700,1262,1.54263000,130526.76130190,0
1790882700000000,84615.68000000,84697.20000000,84615.67000000,84679.61000000,19.24978000,1790882759999999,1629508.53932400,3227,15.46510000,1308986.81215800,0
1790882760000000,84679.60000000,84697.19000000,84679.60000000,84682.19000000,4.99855000,1790882819999999,423325.76126860,1495,2.23000000,188853.50261950,0
1790882820000000,84682.19000000,84682.20000000,84601.00000000,84601.00000000,8.10707000,1790882879999999,686248.76555140,2913,0.39564000,33492.67642630,0
1790882880000000,84601.01000000,84632.01000000,84601.00000000,84632.00000000,2.47410000,1790882939999999,209342.71026370,967,1.97412000,167030.43154670,0
1790882940000000,84632.00000000,84640.01000000,84605.23000000,84612.01000000,3.77529000,1790882999999999,319480.30225370,1571,1.62833000,137789.16067390,0
1790883000000000,84612.00000000,84641.47000000,84601.00000000,84641.47000000,9.16208000,1790883059999999,775264.76450690,2594,6.85750000,580265.33875710,0
1790883060000000,84642.00000000,84724.02000000,84642.00000000,84724.01000000,6.02067000,1790883119999999,509851.79485370,2285,5.07134000,429467.68745500,0
1790883120000000,84724.01000000,84753.81000000,84718.86000000,84753.81000000,2.95865000,1790883179999999,250689.84020920,1444,1.89198000,160315.91968490,0
1790883180000000,84753.80000000,84766.00000000,84746.77000000,84746.78000000,9.08306000,1790883239999999,769869.44062870,1667,1.75964000,149140.77907060,0
1790883240000000,84746.78000000,84762.00000000,84713.62000000,84742.01000000,7.04601000,1790883299999999,597083.19299310,2889,3.50621000,297106.64023250,0
1790883300000000,84742.00000000,84742.01000000,84701.26000000,84714.78000000,5.37453000,1790883359999999,455352.73912730,2331,1.49828000,126932.85741880,0
1790883360000000,84714.78000000,84721.89000000,84652.59000000,84652.59000000,8.56136000,1790883419999999,725071.60298720,2433,0.83352000,70593.87559050,0
1790883420000000,84652.60000000,84652.60000000,84632.00000000,84632.00000000,5.08250000,1790883479999999,430177.73425350,1655,1.88723000,159728.47130030,0
1790883480000000,84632.00000000,84650.01000000,84626.03000000,84642.00000000,3.98611000,1790883539999999,337372.23176620,1228,1.90607000,161317.06514700,0
1790883540000000,84642.00000000,84656.01000000,84641.71000000,84650.10000000,4.72539000,1790883599999999,399990.17904660,1006,1.13171000,95795.25949310,0
1790883600000000,84650.11000000,84668.01000000,84631.08000000,84668.01000000,16.17238000,1790883659999999,1369022.26551840,1998,4.93122000,417410.52461190,0
1790883660000000,84668.00000000,84702.01000000,84668.00000000,84688.61000000,14.73732000,1790883719999999,1248169.40760410,1810,5.21787000,441902.87655240,0
1790883720000000,84688.61000000,84688.61000000,84649.31000000,84649.31000000,4.00516000,1790883779999999,339113.58516040,1528,0.42960000,36375.21919560,0
1790883780000000,84649.30000000,84653.19000000,84647.79000000,84653.18000000,11.31094000,1790883839999999,957498.74835150,515,1.34179000,113580.68229990,0
1790883840000000,84653.18000000,84663.24000000,84646.00000000,84648.48000000,5.09616000,1790883899999999,431394.28049970,1835,2.07686000,175806.06707510,0
1790883900000000,84648.48000000,84648.48000000,84641.03000000,84644.02000000,1.36389000,1790883959999999,115444.91816060,565,0.68198000,57724.60496250,0
1790883960000000,84644.01000000,84652.01000000,84638.65000000,84652.01000000,2.85488000,1790884019999999,241657.38611120,874,1.50201000,127141.22238140,0
1790884020000000,84652.01000000,84652.01000000,84644.01000000,84644.01000000,4.57366000,1790884079999999,387166.61613620,571,1.53969000,130337.27472100,0
1790884080000000,84644.02000000,84644.02000000,84585.83000000,84585.84000000,16.20762000,1790884139999999,1371355.72315410,2310,1.07582000,91022.55741260,0
1790884140000000,84585.83000000,84625.65000000,84585.83000000,84590.44000000,8.57572000,1790884199999999,725539.79311220,2564,5.11418000,432664.45011150,0
1790884200000000,84590.43000000,84670.48000000,84590.43000000,84670.48000000,17.57663000,1790884259999999,1487630.34718070,2476,9.19724000,778352.04794790,0
1790884260000000,84670.47000000,84698.01000000,84670.47000000,84698.00000000,2.47080000,1790884319999999,209246.99798390,779,2.21229000,187352.43191120,0
1790884320000000,84698.00000000,84698.00000000,84660.01000000,84696.00000000,7.52446000,1790884379999999,637164.35732340,2549,3.42147000,289700.73328150,0
1790884380000000,84696.00000000,84696.01000000,84664.68000000,84672.37000000,7.63012000,1790884439999999,646085.57329460,2070,2.26433000,191716.88568470,0
1790884440000000,84672.37000000,84690.97000000,84644.00000000,84648.00000000,9.17691000,1790884499999999,776996.38234570,2921,3.64819000,308867.08919050,0
1790884500000000,84648.00000000,84648.01000000,84585.81000000,84592.01000000,9.38734000,1790884559999999,794279.05439270,2709,2.74396000,232155.28762000,0
1790884560000000,84592.00000000,84616.01000000,84592.00000000,84616.01000000,13.31507000,1790884619999999,1126424.58206670,1189,7.32311000,619539.81688200,0
1790884620000000,84616.01000000,84650.00000000,84616.00000000,84646.02000000,6.19939000,1790884679999999,524720.10880400,1069,3.21015000,271689.94911140,0
1790884680000000,84646.01000000,84687.40000000,84646.00000000,84687.39000000,8.12813000,1790884739999999,688128.69521850,809,3.17378000,268678.65826020,0
1790884740000000,84687.39000000,84687.40000000,84646.00000000,84675.36000000,21.21202000,1790884799999999,1795891.29296050,3935,11.19677000,947894.39001300,0
1790884800000000,84675.36000000,84756.01000000,84675.35000000,84756.00000000,34.18370000,1790884859999999,2895435.09560300,2549,10.50914000,890306.67341960,0
1790884860000000,84756.01000000,84777.18000000,84747.84000000,84777.18000000,6.72998000,1790884919999999,570411.59193840,1580,3.68687000,312495.24906510,0
1790884920000000,84777.19000000,84791.03000000,84776.45000000,84776.46000000,4.12878000,1790884979999999,350059.75530590,1327,1.35439000,114830.75213700,0
1790884980000000,84776.45000000,84792.70000000,84766.69000000,84782.00000000,5.09974000,1790885039999999,432371.83195080,1672,1.29196000,109532.67999770,0
1790885040000000,84782.00000000,84855.87000000,84782.00000000,84853.51000000,7.44699000,1790885099999999,631731.07744630,2205,4.34046000,368170.64299000,0
1790885100000000,84853.50000000,84860.05000000,84815.28000000,84815.28000000,12.72087000,1790885159999999,1079253.82547630,2412,4.23077000,358942.97557030,0
1790885160000000,84815.28000000,84836.01000000,84793.53000000,84836.00000000,7.03962000,1790885219999999,596994.63325410,1643,2.58091000,218876.81445760,0
1790885220000000,84836.01000000,84844.01000000,84790.08000000,84798.01000000,11.92779000,1790885279999999,1011590.46277530,1918,3.14931000,267051.74678260,0
1790885280000000,84798.00000000,84800.01000000,84796.67000000,84796.67000000,3.76639000,1790885339999999,319381.39809300,1001,2.05276000,174068.66441110,0
1790885340000000,84796.67000000,84806.01000000,84789.15000000,84806.00000000,2.67791000,1790885399999999,227086.62657690,873,1.02786000,87157.35017650,0
1790885400000000,84806.00000000,84806.00000000,84755.11000000,84767.42000000,5.83426000,1790885459999999,494638.37026860,1922,1.24931000,105900.81008210,0
1790885460000000,84767.41000000,84792.70000000,84767.41000000,84775.67000000,10.04225000,1790885519999999,851398.80298640,1892,2.97445000,252164.40968260,0
1790885520000000,84775.67000000,84780.27000000,84772.00000000,84772.00000000,1.99838000,1790885579999999,169415.28649960,709,0.87120000,73857.14606800,0
1790885580000000,84772.00000000,84800.00000000,84772.00000000,84798.96000000,3.97538000,1790885639999999,337069.42005070,923,2.36862000,200826.39851050,0
1790885640000000,84798.95000000,84800.00000000,84786.00000000,84786.01000000,6.84950000,1790885699999999,580815.35750640,833,1.19980000,101740.41406870,0
1790885700000000,84786.00000000,84792.70000000,84786.00000000,84790.00000000,2.98689000,1790885759999999,253250.99511710,793,1.23603000,104799.54280900,0
1790885760000000,84790.00000000,84845.05000000,84776.10000000,84776.11000000,43.59972000,1790885819999999,3697527.23349430,3035,29.73857000,2521872.98684410,0
1790885820000000,84776.10000000,84780.01000000,84776.10000000,84780.01000000,1.20660000,1790885879999999,102292.86266900,402,0.90234000,76497.76035800,0
1790885880000000,84780.00000000,84792.70000000,84777.92000000,84792.70000000,5.27855000,1790885939999999,447555.50068030,775,4.56604000,387143.89247380,0
1790885940000000,84792.70000000,84813.88000000,84792.69000000,84800.92000000,5.57884000,1790885999999999,473116.91314180,1705,3.13582000,265932.99986600,0
1790886000000000,84800.91000000,84819.58000000,84800.91000000,84819.58000000,2.86585000,1790886059999999,243050.99235660,867,1.89492000,160707.94383090,0
1790886060000000,84819.58000000,84828.01000000,84819.58000000,84821.40000000,11.10665000,1790886119999999,942138.86263860,1140,5.85066000,496292.90300870,0
1790886120000000,84821.39000000,84824.14000000,84814.09000000,84824.13000000,3.16686000,1790886179999999,268610.42216070,1018,1.75900000,149198.75788910,0
1790886180000000,84824.14000000,84832.01000000,84818.01000000,84830.00000000,4.20654000,1790886239999999,356821.84122740,1346,1.72885000,146650.81075750,0
1790886240000000,84830.00000000,84832.01000000,84824.14000000,84825.40000000,2.88143000,1790886299999999,244427.75935330,807,0.54922000,46589.48295420,0
1790886300000000,84825.40000000,84825.40000000,84825.39000000,84825.39000000,2.78684000,1790886359999999,236394.80071280,132,1.08452000,91994.84280800,0
1790886360000000,84825.40000000,84825.40000000,84784.00000000,84784.01000000,8.74666000,1790886419999999,741818.62559380,2021,0.48558000,41176.94367630,0
1790886420000000,84784.01000000,84792.70000000,84784.00000000,84792.70000000,1.83601000,1790886479999999,155666.01453880,390,1.74893000,148282.86878920,0
1790886480000000,84792.70000000,84792.84000000,84790.63000000,84790.63000000,2.43149000,1790886539999999,206171.89717810,606,0.95135000,80667.61904020,0
1790886540000000,84790.63000000,84790.63000000,84766.65000000,84766.65000000,9.44529000,1790886599999999,800750.32091520,1623,0.87468000,74152.96222120,0
1790886600000000,84766.66000000,84768.01000000,84766.65000000,84768.00000000,1.79815000,1790886659999999,152423.80222610,341,0.79086000,67038.68670480,0
1790886660000000,84768.01000000,84768.01000000,84758.11000000,84758.12000000,3.56434000,1790886719999999,302122.39871770,921,0.26388000,22366.81510290,0
1790886720000000,84758.11000000,84758.12000000,84745.55000000,84745.55000000,4.71981000,1790886779999999,400023.58106760,759,0.32958000,27932.09494100,0
1790886780000000,84745.55000000,84749.66000000,84738.16000000,84749.65000000,3.86108000,1790886839999999,327190.38023560,810,2.48308000,210415.89973880,0
1790886840000000,84749.65000000,84749.66000000,84749.65000000,84749.66000000,0.74352000,1790886899999999,63013.06333830,177,0.35703000,30258.17110980,0
1790886900000000,84749.65000000,84749.66000000,84749.65000000,84749.65000000,0.69602000,1790886959999999,58987.45262070,195,0.12277000,10404.71575820,0
1790886960000000,84749.66000000,84749.66000000,84737.70000000,84744.24000000,3.95155000,1790887019999999,334864.46083010,1225,1.90903000,161770.49627490,0
1790887020000000,84744.25000000,84744.25000000,84703.61000000,84718.08000000,6.37095000,1790887079999999,539757.15131490,2443,2.21513000,187645.22719600,0
1790887080000000,84718.08000000,84720.00000000,84716.14000000,84716.15000000,2.69763000,1790887139999999,228540.83164130,573,1.87702000,159019.93575880,0
1790887140000000,84716.14000000,84716.14000000,84687.40000000,84687.40000000,8.75314000,1790887199999999,741370.30936220,1681,2.71889000,230275.47358600,0
1790887200000000,84687.40000000,84687.41000000,84664.00000000,84671.09000000,6.08696000,1790887259999999,515435.59162790,1091,0.67897000,57487.39294590,0
1790887260000000,84671.10000000,84671.10000000,84633.01000000,84633.01000000,5.17520000,1790887319999999,438108.25598650,1673,0.78664000,66595.45174440,0
1790887320000000,84633.02000000,84633.02000000,84603.43000000,84605.90000000,15.63283000,1790887379999999,1322725.95605320,2173,2.42684000,205326.02323400,0
1790887380000000,84605.90000000,84610.00000000,84605.90000000,84610.00000000,2.84410000,1790887439999999,240630.22290790,517,1.94447000,164515.91095560,0
1790887440000000,84610.00000000,84610.00000000,84609.99000000,84609.99000000,0.56588000,1790887499999999,47879.10299750,162,0.18563000,15706.15430000,0
1790887500000000,84609.99000000,84610.00000000,84563.54000000,84563.54000000,14.11094000,1790887559999999,1193614.24811380,2301,0.64455000,54509.44072840,0
1790887560000000,84563.55000000,84610.00000000,84563.54000000,84610.00000000,5.58820000,1790887619999999,472658.60734740,1421,4.94658000,418391.86373310,0
1790887620000000,84609.99000000,84624.01000000,84609.99000000,84624.01000000,3.16311000,1790887679999999,267639.88744680,599,2.94616000,249282.48969090,0
1790887680000000,84624.01000000,84624.01000000,84618.02000000,84618.02000000,3.90399000,1790887739999999,330368.75768140,539,0.87507000,74051.38950650,0
1790887740000000,84618.02000000,84633.93000000,84598.52000000,84598.52000000,21.60788000,1790887799999999,1828539.58285140,1705,1.18647000,100399.52851450,0
1790887800000000,84598.53000000,84643.71000000,84598.52000000,84643.70000000,3.91523000,1790887859999999,331295.01666450,1767,3.68711000,311991.98172320,0
1790887860000000,84643.70000000,84665.31000000,84634.22000000,84634.22000000,5.79783000,1790887919999999,490809.98876150,1675,1.57332000,133179.83137490,0
1790887920000000,84634.23000000,84634.23000000,84634.22000000,84634.22000000,1.94652000,1790887979999999,164742.20372070,213,0.18063000,15287.48096490,0
1790887980000000,84634.23000000,84634.23000000,84634.22000000,84634.22000000,0.57387000,1790888039999999,48569.04221270,133,0.23813000,20153.94918990,0
1790888040000000,84634.23000000,84647.83000000,84618.00000000,84645.42000000,18.36177000,1790888099999999,1554104.81699870,1120,15.87465000,1343620.43802650,0
1790888100000000,84645.42000000,84658.00000000,84645.42000000,84657.99000000,1.71226000,1790888159999999,144945.65934730,518,0.75260000,63711.00488190,0
1790888160000000,84657.99000000,84658.00000000,84646.17000000,84646.18000000,8.43314000,1790888219999999,713862.68495150,822,5.07335000,429442.05905960,0
1790888220000000,84646.18000000,84646.18000000,84646.17000000,84646.18000000,1.56668000,1790888279999999,132613.46481110,198,0.31955000,27048.68681900,0
1790888280000000,84646.17000000,84646.18000000,84634.00000000,84634.00000000,2.95509000,1790888339999999,250123.12391990,598,0.49909000,42243.09480850,0
1790888340000000,84634.00000000,84634.01000000,84634.00000000,84634.00000000,0.72012000,1790888399999999,60946.63845740,129,0.23774000,20120.88953740,0
1790888400000000,84634.01000000,84634.01000000,84634.00000000,84634.01000000,1.66508000,1790888459999999,140922.39256390,208,1.18439000,100239.67510390,0
1790888460000000,84634.00000000,84634.01000000,84634.00000000,84634.01000000,1.28902000,1790888519999999,109094.92837360,154,0.96936000,82040.82393360,0
1790888520000000,84634.01000000,84643.44000000,84634.00000000,84639.29000000,2.21786000,1790888579999999,187717.13083990,736,0.96657000,81808.99837510,0
1790888580000000,84639.29000000,84639.30000000,84622.10000000,84622.10000000,3.53205000,1790888639999999,298921.74104170,789,0.36052000,30508.54471560,0
1790888640000000,84622.10000000,84622.11000000,84620.85000000,84620.85000000,1.66943000,1790888699999999,141270.61195390,276,0.29466000,24934.74653260,0
1790888700000000,84620.86000000,84620.86000000,84620.85000000,84620.85000000,1.17949000,1790888759999999,99809.44931640,217,0.29499000,24962.30749140,0
1790888760000000,84620.86000000,84658.01000000,84620.86000000,84658.01000000,4.12583000,1790888819999999,349176.02575690,2071,3.74813000,317203.76370610,0
1790888820000000,84658.00000000,84658.01000000,84648.48000000,84648.48000000,3.18351000,1790888879999999,269492.75238730,1085,0.47114000,39882.13187810,0
1790888880000000,84648.48000000,84648.49000000,84646.06000000,84646.06000000,2.32188000,1790888939999999,196542.28122860,338,0.33231000,28129.24287470,0
1790888940000000,84646.06000000,84646.07000000,84632.80000000,84632.81000000,4.36555000,1790888999999999,369514.73249360,549,0.83782000,70915.47368120,0
1790889000000000,84632.81000000,84632.81000000,84632.80000000,84632.81000000,1.13859000,1790889059999999,96362.06677750,155,0.70255000,59458.78066550,0
1790889060000000,84632.80000000,84634.01000000,84632.80000000,84634.00000000,1.21105000,1790889119999999,102495.32161810,287,0.87636000,74169.16829010,0
1790889120000000,84634.00000000,84634.38000000,84634.00000000,84634.38000000,0.63822000,1790889179999999,54015.16834770,193,0.53036000,44886.53287920,0
1790889180000000,84634.38000000,84646.01000000,84634.38000000,84642.92000000,5.76520000,1790889239999999,487985.98735320,831,1.65311000,139915.13196990,0
1790889240000000,84642.92000000,84642.93000000,84619.55000000,84619.56000000,8.24388000,1790889299999999,697747.31451830,1355,0.40501000,34279.31094170,0
1790889300000000,84619.55000000,84619.56000000,84584.50000000,84584.50000000,9.70605000,1790889359999999,821235.08107580,1279,5.42447000,459008.46040360,0
1790889360000000,84584.51000000,84589.27000000,84566.02000000,84589.27000000,3.91582000,1790889419999999,331179.83680370,1533,2.23766000,189249.19844930,0
1790889420000000,84589.74000000,84624.01000000,84589.74000000,84624.01000000,5.84918000,1790889479999999,494899.86741920,1107,4.66842000,394985.85045470,0
1790889480000000,84624.01000000,84624.01000000,84604.83000000,84604.84000000,9.71795000,1790889539999999,822229.44184580,1538,4.54480000,384514.46132710,0
1790889540000000,84604.84000000,84622.01000000,84602.00000000,84622.01000000,4.66659000,1790889599999999,394821.22482060,1107,1.54821000,130991.04350230,0
1790889600000000,84622.01000000,84687.40000000,84622.01000000,84675.10000000,14.04358000,1790889659999999,1189040.08531150,4067,7.56110000,640090.24822220,0
1790889660000000,84675.10000000,84675.10000000,84657.99000000,84657.99000000,8.94434000,1790889719999999,757308.87971050,892,0.19045000,16125.03149730,0
1790889720000000,84657.99000000,84658.00000000,84633.63000000,84640.01000000,4.83135000,1790889779999999,408944.15947110,730,1.05542000,89326.45861770,0
1790889780000000,84640.00000000,84640.01000000,84640.00000000,84640.00000000,2.82187000,1790889839999999,238843.08033680,218,0.35368000,29935.47873680,0
1790889840000000,84640.00000000,84640.01000000,84616.92000000,84616.92000000,5.63914000,1790889899999999,477216.06982490,846,0.33935000,28715.21740140,0
1790889900000000,84616.93000000,84616.93000000,84598.51000000,84598.52000000,4.01301000,1790889959999999,339523.48961930,893,0.51211000,43324.69754560,0
1790889960000000,84598.51000000,84605.14000000,84598.51000000,84605.14000000,3.11464000,1790890019999999,263495.17826000,500,1.91093000,161662.68118110,0
1790890020000000,84605.13000000,84608.01000000,84603.71000000,84608.01000000,7.68285000,1790890079999999,650006.01957950,502,5.46367000,462252.33629760,0
1790890080000000,84608.01000000,84608.01000000,84598.51000000,84598.52000000,4.42847000,1790890139999999,374668.62243810,612,0.26726000,22611.06673510,0
1790890140000000,84598.52000000,84598.52000000,84591.34000000,84591.35000000,4.01857000,1790890199999999,339961.82947920,542,0.28428000,24049.20487500,0
1790890200000000,84591.34000000,84591.35000000,84571.54000000,84571.55000000,5.67539000,1790890259999999,480011.24525630,1075,0.61358000,51892.49788820,0
1790890260000000,84571.54000000,84571.95000000,84564.32000000,84571.95000000,4.37990000,1790890319999999,370390.65542660,625,2.62488000,221972.09016610,0
1790890320000000,84571.94000000,84614.01000000,84571.94000000,84609.95000000,6.63267000,1790890379999999,561079.67853120,1591,4.68483000,396285.50836640,0
1790890380000000,84609.95000000,84609.95000000,84557.15000000,84557.15000000,9.92415000,1790890439999999,839441.30155690,2214,0.34955000,29565.19948100,0
1790890440000000,84557.15000000,84557.16000000,84546.84000000,84548.20000000,5.12149000,1790890499999999,433025.53088740,704,1.15751000,97865.57843570,0
1790890500000000,84548.21000000,84560.01000000,84544.27000000,84560.00000000,6.61049000,1790890559999999,558926.43653290,1082,2.18898000,185073.38855260,0
1790890560000000,84560.01000000,84560.01000000,84560.00000000,84560.01000000,1.35424000,1790890619999999,114514.53747950,145,0.30795000,26040.25507950,0
1790890620000000,84560.00000000,84560.01000000,84530.90000000,84530.90000000,8.54627000,1790890679999999,722609.62966360,1628,0.41616000,35184.39264940,0
1790890680000000,84530.90000000,84535.99000000,84517.72000000,84534.00000000,7.67162000,1790890739999999,648438.44556760,1579,2.94373000,248812.94954780,0
1790890740000000,84534.00000000,84534.01000000,84511.47000000,84533.12000000,6.86146000,1790890799999999,579910.57136260,1445,4.45353000,376384.11767250,0
1790890800000000,84533.12000000,84533.12000000,84507.64000000,84507.64000000,5.38942000,1790890859999999,455484.19931460,1272,0.68837000,58175.29039540,0
1790890860000000,84507.64000000,84520.00000000,84497.86000000,84520.00000000,9.52923000,1790890919999999,805251.56247340,1379,6.08493000,514195.26118670,0
1790890920000000,84519.99000000,84520.00000000,84502.63000000,84502.63000000,2.52195000,1790890979999999,213128.71472760,898,0.32944000,27840.04983610,0
1790890980000000,84502.64000000,84502.64000000,84493.35000000,84502.16000000,4.44398000,1790891039999999,375500.21592890,1175,1.36041000,114948.37624510,0
1790891040000000,84502.16000000,84502.64000000,84494.07000000,84494.07000000,2.01994000,1790891099999999,170688.96842480,657,0.29730000,25122.61346750,0
1790891100000000,84494.06000000,84498.28000000,84494.06000000,84498.28000000,2.01593000,1790891159999999,170337.19673000,705,0.97788000,82627.04019330,0
1790891160000000,84498.27000000,84517.56000000,84498.27000000,84514.01000000,2.40686000,1790891219999999,203407.15274310,1175,0.88846000,75081.66735150,0
1790891220000000,84514.02000000,84568.56000000,84514.01000000,84568.56000000,6.19895000,1790891279999999,524104.57306610,3301,4.69868000,397249.40087890,0
1790891280000000,84568.56000000,84568.56000000,84560.03000000,84560.04000000,8.81155000,1790891339999999,745152.73171180,589,4.18281000,353720.17909530,0
1790891340000000,84560.03000000,84572.00000000,84560.03000000,84572.00000000,7.50781000,1790891399999999,634907.61220410,607,6.93527000,586491.06990330,0
1790891400000000,84571.99000000,84572.00000000,84543.38000000,84543.39000000,9.52619000,1790891459999999,805455.41978370,1770,4.03310000,340977.06255230,0
1790891460000000,84543.38000000,84543.39000000,84530.42000000,84530.43000000,4.66224000,1790891519999999,394153.24555750,687,1.41185000,119361.21809820,0
1790891520000000,84530.43000000,84530.43000000,84520.26000000,84520.28000000,3.96567000,1790891579999999,335203.02262120,739,0.50335000,42545.11969650,0
1790891580000000,84520.28000000,84535.19000000,84520.27000000,84535.18000000,4.99800000,1790891639999999,422455.57083100,1167,4.39264000,371287.03106860,0
1790891640000000,84535.19000000,84550.27000000,84535.18000000,84549.35000000,3.56585000,1790891699999999,301472.62853170,737,1.47565000,124751.12843460,0
1790891700000000,84549.35000000,84549.36000000,84549.35000000,84549.35000000,2.21956000,1790891759999999,187662.35791480,254,0.26288000,22226.33575680,0
1790891760000000,84549.36000000,84562.01000000,84549.35000000,84562.01000000,7.90007000,1790891819999999,667963.77517900,1015,7.16185000,605546.44211050,0
1790891820000000,84562.00000000,84562.01000000,84524.00000000,84539.78000000,6.49291000,1790891879999999,548986.81363170,1319,0.81756000,69109.51588630,0
1790891880000000,84539.79000000,84552.01000000,84539.78000000,84552.01000000,1.33982000,1790891939999999,113271.70939640,949,0.80877000,68375.96535130,0
1790891940000000,84552.00000000,84568.00000000,84544.98000000,84544.99000000,8.43767000,1790891999999999,713483.72873010,1699,0.86407000,73065.37198400,0
1790892000000000,84544.99000000,84603.96000000,84537.12000000,84603.96000000,7.35243000,1790892059999999,621773.39578660,3996,4.55847000,385528.81432870,0
1790892060000000,84603.97000000,84648.01000000,84603.97000000,84648.01000000,2.42363000,1790892119999999,205117.50263370,1290,1.94031000,164206.50985970,0
1790892120000000,84648.00000000,84719.51000000,84648.00000000,84708.16000000,10.04734000,1790892179999999,850989.22715960,4250,6.82030000,577652.90680920,0
1790892180000000,84708.15000000,84719.82000000,84699.99000000,84702.03000000,9.47387000,1790892239999999,802510.94454600,1813,3.04307000,257770.42970690,0
1790892240000000,84702.02000000,84732.43000000,84675.72000000,84732.43000000,11.05484000,1790892299999999,936332.69802710,2706,3.90245000,330563.09234820,0
1790892300000000,84732.42000000,84780.00000000,84732.42000000,84758.10000000,7.31762000,1790892359999999,620268.16571780,2369,4.50411000,381755.86807940,0
1790892360000000,84758.10000000,84762.69000000,84742.99000000,84756.01000000,8.35029000,1790892419999999,707730.78007530,1640,2.35531000,199615.38195270,0
1790892420000000,84756.01000000,84781.15000000,84752.61000000,84752.61000000,4.31017000,1790892479999999,365359.57092860,1733,0.91688000,77724.53763300,0
1790892480000000,84752.61000000,84752.62000000,84719.81000000,84719.82000000,5.16573000,1790892539999999,437720.48941490,1391,0.39373000,33359.58390110,0
1790892540000000,84719.82000000,84723.37000000,84693.19000000,84693.20000000,12.23348000,1790892599999999,1036370.53597220,1290,8.49373000,719572.23516560,0
1790892600000000,84693.20000000,84788.01000000,84693.19000000,84788.00000000,6.39836000,1790892659999999,542142.63447990,2694,6.13469000,519796.16775690,0
1790892660000000,84788.00000000,84788.01000000,84763.33000000,84770.38000000,4.71621000,1790892719999999,399832.71486680,1887,0.53033000,44956.34227590,0
1790892720000000,84770.01000000,84782.01000000,84752.00000000,84769.87000000,4.44407000,1790892779999999,376727.21953460,2323,1.73807000,147335.35784690,0
1790892780000000,84769.87000000,84769.88000000,84754.00000000,84754.01000000,4.98836000,1790892839999999,422834.08072450,692,0.73549000,62346.00588710,0
1790892840000000,84754.01000000,84762.01000000,84748.59000000,84748.60000000,2.65843000,1790892899999999,225322.76815610,875,1.18981000,100843.83085000,0
1790892900000000,84748.59000000,84748.60000000,84722.92000000,84726.00000000,8.08313000,1790892959999999,684932.48141260,1253,1.36624000,115755.25204930,0
1790892960000000,84726.01000000,84737.38000000,84725.71000000,84725.72000000,3.52366000,1790893019999999,298566.63413500,1024,1.12151000,95025.38925500,0
1790893020000000,84725.72000000,84769.74000000,84725.71000000,84769.74000000,2.29319000,1790893079999999,194346.70538190,1427,2.02635000,171730.47839850,0
1790893080000000,84769.74000000,84769.74000000,84733.63000000,84733.64000000,6.70374000,1790893139999999,568159.35166250,1300,0.19142000,16222.91178170,0
1790893140000000,84733.63000000,84743.56000000,84728.74000000,84734.79000000,4.91956000,1790893199999999,416858.48098420,1247,2.30222000,195072.68866650,0
1790893200000000,84734.79000000,84736.77000000,84709.18000000,84709.19000000,5.64011000,1790893259999999,477851.36688710,1070,0.98148000,83160.31462350,0
1790893260000000,84709.19000000,84750.00000000,84709.18000000,84750.00000000,4.03190000,1790893319999999,341598.75904300,1766,3.92184000,332272.77947280,0
1790893320000000,84749.99000000,84751.76000000,84749.99000000,84751.76000000,0.46519000,1790893379999999,39425.10806850,249,0.36808000,31194.99230810,0
1790893380000000,84751.75000000,84751.76000000,84711.23000000,84718.60000000,5.65762000,1790893439999999,479378.54886720,1965,1.18449000,100347.10736370,0
1790893440000000,84718.60000000,84733.53000000,84718.60000000,84733.52000000,3.07217000,1790893499999999,260287.45280140,785,2.44942000,207523.20847310,0
1790893500000000,84733.53000000,84736.01000000,84728.01000000,84728.02000000,2.30065000,1790893559999999,194945.30296240,547,0.20938000,17741.03713100,0
1790893560000000,84728.02000000,84737.56000000,84728.01000000,84737.56000000,1.56257000,1790893619999999,132400.51806820,383,1.40279000,118861.28736820,0
1790893620000000,84737.55000000,84737.56000000,84717.59000000,84717.59000000,4.41546000,1790893679999999,374126.82961020,730,0.30713000,26023.34911520,0
1790893680000000,84717.59000000,84717.61000000,84717.59000000,84717.61000000,1.85627000,1790893739999999,157258.72967780,128,0.37287000,31588.65446430,0
1790893740000000,84717.61000000,84717.61000000,84702.34000000,84702.34000000,4.28251000,1790893799999999,362781.61840790,589,0.31728000,26878.52732820,0
1790893800000000,84702.34000000,84702.35000000,84686.40000000,84695.50000000,12.80406000,1790893859999999,1084390.93265070,1275,7.92278000,670976.51791010,0
1790893860000000,84695.49000000,84710.01000000,84695.49000000,84710.01000000,2.42987000,1790893919999999,205815.03011240,547,1.95852000,165890.72398800,0
1790893920000000,84710.00000000,84714.01000000,84705.36000000,84705.37000000,3.16179000,1790893979999999,267833.40853110,733,0.35495000,30067.72073920,0
1790893980000000,84705.36000000,84708.01000000,84659.46000000,84659.47000000,6.71651000,1790894039999999,568776.11055700,2228,1.61116000,136442.59930300,0
1790894040000000,84659.47000000,84668.40000000,84659.47000000,84668.39000000,1.96424000,1790894099999999,166298.53415620,570,1.74916000,148089.06507110,0
1790894100000000,84668.39000000,84736.01000000,84668.39000000,84736.00000000,5.48718000,1790894159999999,464782.06886590,1478,3.52031000,298183.30809030,0
1790894160000000,84736.00000000,84743.61000000,84734.40000000,84734.40000000,2.13614000,1790894219999999,181014.52472800,704,0.72099000,61094.82408250,0
1790894220000000,84734.41000000,84758.28000000,84734.41000000,84758.27000000,2.73345000,1790894279999999,231638.74700170,1191,1.97674000,167516.66595210,0
1790894280000000,84758.28000000,84785.07000000,84758.27000000,84785.06000000,3.90723000,1790894339999999,331224.47026710,970,3.73990000,317038.65646430,0
1790894340000000,84785.06000000,84785.07000000,84767.40000000,84767.40000000,3.42054000,1790894399999999,289983.11412970,914,0.37178000,31515.96692310,0
1790894400000000,84767.40000000,84767.41000000,84754.00000000,84754.00000000,2.26211000,1790894459999999,191738.41631580,636,0.49948000,42337.90756120,0
1790894460000000,84754.00000000,84756.01000000,84754.00000000,84756.01000000,1.78315000,1790894519999999,151130.15567730,323,1.27407000,107982.69805250,0
1790894520000000,84756.00000000,84756.01000000,84740.26000000,84740.26000000,5.51279000,1790894579999999,467202.52740230,1052,0.11218000,9507.36757520,0
1790894580000000,84740.26000000,84740.26000000,84672.74000000,84684.35000000,180.57842000,1790894639999999,15295524.69367020,3217,78.27249000,6629646.02452290,0
1790894640000000,84684.36000000,84697.24000000,84678.18000000,84678.18000000,4.57299000,1790894699999999,387275.11325480,1276,1.77410000,150244.29720860,0
1790894700000000,84678.18000000,84678.19000000,84656.00000000,84656.01000000,5.36785000,1790894759999999,454479.33361850,1249,0.65417000,55387.62623820,0
1790894760000000,84656.00000000,84668.01000000,84653.74000000,84653.75000000,2.39368000,1790894819999999,202649.39332170,1242,0.70911000,60032.70096050,0
1790894820000000,84653.75000000,84653.75000000,84642.66000000,84642.67000000,2.66455000,1790894879999999,225550.34595600,923,0.50384000,42648.60125040,0
1790894880000000,84642.67000000,84643.25000000,84642.66000000,84643.25000000,1.57265000,1790894939999999,133114.09947290,441,0.96092000,81335.37655430,0
1790894940000000,84643.24000000,84643.25000000,84643.22000000,84643.23000000,3.22415000,1790894999999999,272902.49394610,325,0.81161000,68697.29885220,0
1790895000000000,84643.23000000,84643.23000000,84637.59000000,84637.59000000,1.94768000,1790895059999999,164853.75345460,749,0.84495000,71517.54061390,0
1790895060000000,84637.59000000,84637.59000000,84622.88000000,84622.88000000,5.22200000,1790895119999999,441932.01347290,1059,1.49063000,126143.88402660,0
1790895120000000,84622.89000000,84686.36000000,84622.88000000,84686.35000000,5.07593000,1790895179999999,429651.17347110,2425,4.67290000,395532.71017080,0
1790895180000000,84686.36000000,84711.77000000,84686.36000000,84711.76000000,4.02637000,1790895239999999,341029.68326540,1388,3.78859000,320888.70287380,0
1790895240000000,84711.76000000,84753.46000000,84711.76000000,84753.46000000,2.17445000,1790895299999999,184260.41142620,1569,1.84483000,156327.70959650,0
1790895300000000,84753.45000000,84780.01000000,84753.45000000,84767.01000000,6.38386000,1790895359999999,541166.48373320,1616,2.77501000,235229.72768260,0
1790895360000000,84767.00000000,84767.01000000,84754.68000000,84754.68000000,4.58794000,1790895419999999,388900.66748720,629,2.67767000,226977.63074910,0
1790895420000000,84754.67000000,84754.68000000,84734.62000000,84736.00000000,5.22030000,1790895479999999,442384.19311880,845,1.24730000,105693.34404510,0
1790895480000000,84736.00000000,84737.60000000,84736.00000000,84737.60000000,2.55075000,1790895539999999,216140.96660830,625,2.00376000,169791.00227130,0
1790895540000000,84737.59000000,84749.74000000,84737.59000000,84749.73000000,2.34250000,1790895599999999,198517.10615800,505,2.01978000,171167.15246830,0
1790895600000000,84749.74000000,84749.74000000,84682.00000000,84682.01000000,12.10288000,1790895659999999,1025257.00951130,3090,2.05788000,174307.43878870,0
1790895660000000,84682.01000000,84692.01000000,84678.00000000,84692.01000000,3.83748000,1790895719999999,324965.43592870,1685,2.61350000,221317.10030130,0
1790895720000000,84692.01000000,84704.62000000,84692.00000000,84701.57000000,4.76106000,1790895779999999,403263.61366640,1405,2.52702000,214037.35194310,0
1790895780000000,84701.57000000,84736.01000000,84701.56000000,84736.01000000,2.36583000,1790895839999999,200433.90667050,903,1.97384000,167222.85715580,0
1790895840000000,84736.00000000,84736.01000000,84727.01000000,84727.01000000,3.13798000,1790895899999999,265885.86837990,735,0.79686000,67519.60829770,0
1790895900000000,84727.01000000,84727.02000000,84691.81000000,84691.81000000,5.52441000,1790895959999999,467987.47998010,1385,0.94919000,80406.25479630,0
1790895960000000,84691.81000000,84700.01000000,84691.81000000,84695.72000000,3.49634000,1790896019999999,296128.57888260,673,1.22515000,103765.28641050,0
1790896020000000,84695.72000000,84713.61000000,84695.71000000,84696.38000000,5.48071000,1790896079999999,464242.93905930,1379,2.65962000,225279.81560960,0
1790896080000000,84696.38000000,84698.01000000,84693.22000000,84693.87000000,2.29092000,1790896139999999,194032.63441320,828,0.89763000,76025.74856230,0
1790896140000000,84693.86000000,84693.87000000,84690.14000000,84692.03000000,1.85732000,1790896199999999,157299.33062630,385,1.28237000,108605.11227170,0
1790896200000000,84692.04000000,84692.06000000,84692.03000000,84692.03000000,3.49528000,1790896259999999,296022.40258950,386,1.49039000,126224.17181960,0
1790896260000000,84692.03000000,84692.04000000,84682.74000000,84682.75000000,2.60718000,1790896319999999,220790.69289550,556,1.04854000,88793.26065830,0
1790896320000000,84682.74000000,84682.75000000,84679.35000000,84679.36000000,2.33892000,1790896379999999,198062.89261690,375,0.82372000,69754.13208820,0
1790896380000000,84679.36000000,84679.36000000,84674.00000000,84674.01000000,1.53971000,1790896439999999,130378.85177440,378,0.93180000,78902.14122730,0
1790896440000000,84674.01000000,84674.01000000,84668.12000000,84668.13000000,2.44711000,1790896499999999,207196.70879950,490,0.91968000,77868.92780680,0
1790896500000000,84668.13000000,84668.13000000,84644.69000000,84644.70000000,10.75731000,1790896559999999,910672.70703220,691,1.61038000,136333.65704280,0
1790896560000000,84644.69000000,84682.01000000,84644.69000000,84682.00000000,4.80555000,1790896619999999,406840.37217380,1420,3.00689000,254565.63386710,0
1790896620000000,84682.01000000,84695.18000000,84682.00000000,84695.18000000,2.77194000,1790896679999999,234757.76356310,764,2.31112000,195731.55462230,0
1790896680000000,84695.17000000,84736.01000000,84695.17000000,84736.01000000,2.59853000,1790896739999999,220135.91254570,1125,2.20188000,186528.17805460,0
1790896740000000,84736.00000000,84763.59000000,84736.00000000,84763.59000000,5.81547000,1790896799999999,492873.38044540,1338,4.70073000,398400.53917720,0
1790896800000000,84763.58000000,84763.59000000,84738.00000000,84739.12000000,5.37423000,1790896859999999,455484.67176920,907,0.39253000,33264.62888700,0
1790896860000000,84739.12000000,84739.12000000,84733.23000000,84733.23000000,1.40975000,1790896919999999,119457.55498900,348,0.52459000,44451.89058160,0
1790896920000000,84733.23000000,84755.17000000,84733.23000000,84755.17000000,1.75352000,1790896979999999,148600.70908120,753,1.50957000,127925.33610990,0
1790896980000000,84755.16000000,84755.17000000,84755.16000000,84755.16000000,0.56619000,1790897039999999,47987.52629050,144,0.22501000,19070.76080170,0
1790897040000000,84755.17000000,84755.17000000,84755.16000000,84755.16000000,0.43032000,1790897099999999,36471.84176350,145,0.13123000,11122.42095910,0
1790897100000000,84755.16000000,84755.17000000,84755.16000000,84755.16000000,0.62342000,1790897159999999,52838.06528580,141,0.34386000,29143.91275620,0
1790897160000000,84755.16000000,84755.17000000,84755.16000000,84755.17000000,1.48444000,1790897219999999,125813.95118940,180,0.14790000,12535.28964300,0
1790897220000000,84755.16000000,84760.00000000,84754.00000000,84760.00000000,2.94384000,1790897279999999,249506.09911080,912,1.73529000,147075.92529150,0
1790897280000000,84760.00000000,84760.00000000,84739.74000000,84739.99000000,13.58351000,1790897339999999,1151199.55865080,557,0.87079000,73793.78443670,0
1790897340000000,84740.00000000,84769.00000000,84729.98000000,84729.98000000,47.72294000,1790897399999999,4044420.92988110,1263,15.55382000,1318056.45447550,0
1790897400000000,84729.99000000,84729.99000000,84713.91000000,84713.92000000,2.54278000,1790897459999999,215430.25444790,658,0.40226000,34080.49968380,0
1790897460000000,84713.91000000,84745.71000000,84703.48000000,84745.70000000,10.37029000,1790897519999999,878500.26799200,1535,3.10885000,263377.52582050,0
1790897520000000,84745.71000000,84780.00000000,84745.70000000,84778.05000000,1.99844000,1790897579999999,169407.86306160,1024,1.00324000,85035.33552990,0
1790897580000000,84778.04000000,84794.01000000,84778.04000000,84794.01000000,6.17601000,1790897639999999,523637.92617530,702,4.04342000,342810.10833610,0
1790897640000000,84794.01000000,84807.48000000,84794.00000000,84799.37000000,3.99988000,1790897699999999,339195.41123980,1328,2.10705000,178677.35935210,0
1790897700000000,84799.36000000,84841.06000000,84799.36000000,84828.46000000,8.03911000,1790897759999999,681953.24313890,1979,3.65681000,310185.08011640,0
1790897760000000,84828.46000000,84828.46000000,84823.83000000,84823.83000000,3.45011000,1790897819999999,292658.09336570,465,0.28932000,24541.29407270,0
1790897820000000,84823.83000000,84823.84000000,84796.00000000,84796.00000000,3.69159000,1790897879999999,313089.62952640,1045,0.17991000,15257.74881680,0
1790897880000000,84796.01000000,84825.54000000,84796.00000000,84825.53000000,31.26796000,1790897939999999,2651711.31299720,1375,30.76432000,2608999.23786750,0
1790897940000000,84825.54000000,84832.01000000,84825.54000000,84830.65000000,3.68395000,1790897999999999,312510.13669030,549,1.15620000,98076.56431200,0
1790898000000000,84830.65000000,84830.65000000,84816.95000000,84816.96000000,4.07374000,1790898059999999,345557.05048070,658,0.54731000,46421.22272940,0
1790898060000000,84816.95000000,84816.96000000,84810.34000000,84810.34000000,1.59841000,1790898119999999,135565.22137940,414,0.15698000,13313.83285520,0
1790898120000000,84810.34000000,84823.73000000,84803.90000000,84823.73000000,3.21576000,1790898179999999,272724.49545140,1222,1.80652000,153208.29572530,0
1790898180000000,84823.73000000,84847.89000000,84823.72000000,84847.89000000,3.42441000,1790898239999999,290501.36861280,863,2.84840000,241638.39496020,0
1790898240000000,84847.89000000,84858.57000000,84838.01000000,84838.01000000,3.11509000,1790898299999999,264321.58661180,1366,0.98385000,83483.48546750,0
1790898300000000,84838.00000000,84838.01000000,84796.00000000,84796.00000000,9.05417000,1790898359999999,767911.84651430,1560,1.55399000,131799.06171760,0
1790898360000000,84796.01000000,84796.01000000,84793.22000000,84796.00000000,1.72568000,1790898419999999,146329.32988830,428,1.10433000,93641.98060700,0
1790898420000000,84796.01000000,84796.01000000,84790.00000000,84790.01000000,2.20108000,1790898479999999,186637.47055590,363,0.95587000,81050.56733870,0
1790898480000000,84790.00000000,84790.01000000,84790.00000000,84790.00000000,0.93341000,1790898539999999,79143.84197860,246,0.80786000,68498.45747860,0
1790898540000000,84790.01000000,84836.94000000,84790.00000000,84836.94000000,5.47067000,1790898599999999,463923.09158220,2017,4.97521000,421904.33218480,0
1790898600000000,84836.93000000,84842.83000000,84833.42000000,84842.83000000,2.37316000,1790898659999999,201331.01936780,777,1.42883000,121215.37420290,0
1790898660000000,84842.82000000,84849.11000000,84810.35000000,84849.10000000,5.18085000,1790898719999999,439480.07926910,1615,2.32282000,197035.27326690,0
1790898720000000,84849.11000000,84849.11000000,84808.00000000,84812.01000000,8.12712000,1790898779999999,689457.80373760,1801,1.87791000,159297.14108600,0
1790898780000000,84812.01000000,84845.64000000,84812.00000000,84845.63000000,2.39068000,1790898839999999,202801.97700100,1075,2.21787000,188142.97835930,0
1790898840000000,84845.63000000,84845.63000000,84807.22000000,84837.25000000,21.98217000,1790898899999999,1864670.80142700,1784,15.92570000,1350912.68268260,0
1790898900000000,84837.24000000,84841.67000000,84837.24000000,84841.67000000,1.22737000,1790898959999999,104129.30402650,352,1.03535000,87838.11125920,0
1790898960000000,84841.67000000,84849.11000000,84841.66000000,84849.10000000,0.79309000,1790899019999999,67290.74552830,373,0.69445000,58921.31125150,0
1790899020000000,84849.11000000,84858.03000000,84849.10000000,84858.02000000,3.74215000,1790899079999999,317532.83292170,340,3.57623000,303453.50681410,0
1790899080000000,84858.03000000,84893.86000000,84858.03000000,84882.01000000,5.33876000,1790899139999999,453171.79177780,1745,2.61649000,222075.20420980,0
1790899140000000,84882.00000000,84900.00000000,84880.04000000,84880.05000000,13.15485000,1790899199999999,1116739.19535910,1553,10.87841000,923484.99730910,0
