1791244800000000,85766.87000000,85794.32000000,85766.87000000,85794.32000000,3.41428000,1791244859999999,292857.32802160,1308,2.00782000,172226.31377540,0
1791244860000000,85794.32000000,85804.93000000,85794.32000000,85804.92000000,2.86010000,1791244919999999,245401.46163860,526,1.15044000,98709.47703780,0
1791244920000000,85804.92000000,85826.86000000,85801.17000000,85826.85000000,3.24337000,1791244979999999,278333.04288040,1531,2.52646000,216818.14770170,0
1791244980000000,85826.86000000,85886.97000000,85826.85000000,85850.34000000,7.76647000,1791245039999999,666869.49345250,3073,5.62596000,483073.02058310,0
1791245040000000,85850.34000000,85850.35000000,85802.56000000,85802.57000000,4.38726000,1791245099999999,376564.30845210,2267,0.22351000,19184.86692100,0
1791245100000000,85802.57000000,85802.57000000,85781.87000000,85796.00000000,6.27426000,1791245159999999,538275.60342120,1524,1.97704000,169608.34889570,0
1791245160000000,85796.01000000,85796.01000000,85772.83000000,85790.08000000,3.19415000,1791245219999999,273999.50757250,1924,1.58185000,135689.60002290,0
1791245220000000,85790.08000000,85811.20000000,85790.08000000,85811.20000000,1.30738000,1791245279999999,112167.94491710,660,1.17927000,101175.66701390,0
1791245280000000,85811.19000000,85834.01000000,85811.19000000,85830.00000000,3.27304000,1791245339999999,280897.38168700,1035,1.45554000,124919.45201700,0
1791245340000000,85830.00000000,85848.01000000,85830.00000000,85845.99000000,2.06519000,1791245399999999,177271.16136130,823,1.71569000,147268.46882190,0
1791245400000000,85845.98000000,85858.01000000,85836.00000000,85858.01000000,1.84744000,1791245459999999,158595.34802190,1414,0.96113000,82510.60544480,0
1791245460000000,85858.01000000,85883.19000000,85858.01000000,85883.18000000,1.33667000,1791245519999999,114781.75622820,857,1.10194000,94624.77111420,0
1791245520000000,85883.18000000,85890.01000000,85872.00000000,85872.00000000,2.61307000,1791245579999999,224416.40944650,1755,0.75120000,64515.58950450,0
1791245580000000,85872.00000000,85872.00000000,85859.12000000,85859.13000000,3.24539000,1791245639999999,278654.80650260,903,1.17667000,101031.02285310,0
1791245640000000,85859.13000000,85859.13000000,85822.71000000,85822.72000000,2.31333000,1791245699999999,198591.96575920,1881,0.22555000,19364.52570330,0
1791245700000000,85822.71000000,85876.01000000,85822.71000000,85876.01000000,3.29607000,1791245759999999,282969.15945950,1207,3.17865000,272889.06236880,0
1791245760000000,85876.01000000,85898.01000000,85876.01000000,85898.01000000,2.70826000,1791245819999999,232612.61974510,538,1.56493000,134413.38313350,0
1791245820000000,85898.01000000,85912.01000000,85883.18000000,85902.00000000,3.50753000,1791245879999999,301285.72847430,2323,1.83481000,157601.19903920,0
1791245880000000,85902.00000000,85902.01000000,85868.33000000,85868.33000000,2.73042000,1791245939999999,234511.79874820,2064,0.15617000,13413.80714570,0
1791245940000000,85868.34000000,85880.01000000,85868.33000000,85880.01000000,3.56977000,1791245999999999,306554.85373900,839,1.17288000,100720.31684070,0
1791246000000000,85880.00000000,85880.01000000,85854.94000000,85880.01000000,3.50583000,1791246059999999,301036.11745930,1517,1.23584000,106115.69111510,0
1791246060000000,85880.01000000,85928.00000000,85880.01000000,85928.00000000,2.33057000,1791246119999999,200194.31712490,1251,2.15973000,185518.74902970,0
1791246120000000,85928.00000000,85948.31000000,85926.00000000,85948.31000000,2.05415000,1791246179999999,176524.13426490,839,1.52391000,130960.14517770,0
1791246180000000,85948.31000000,85964.01000000,85948.31000000,85964.01000000,1.66905000,1791246239999999,143457.84010500,535,1.55878000,133979.64868500,0
1791246240000000,85964.00000000,85968.01000000,85954.00000000,85954.00000000,2.63290000,1791246299999999,226336.90857000,994,0.91843000,78952.36425060,0
1791246300000000,85954.00000000,85954.00000000,85900.01000000,85900.01000000,4.62326000,1791246359999999,397263.31184930,2321,0.57813000,49670.39053440,0
1791246360000000,85900.02000000,85900.02000000,85876.00000000,85884.01000000,2.06818000,1791246419999999,177626.41124670,1456,0.55151000,47363.68905950,0
1791246420000000,85884.01000000,85917.87000000,85884.00000000,85917.87000000,20.39977000,1791246479999999,1752127.69910030,966,17.42654000,1496774.14978740,0
1791246480000000,85917.87000000,85917.87000000,85829.96000000,85830.00000000,127.26014000,1791246539999999,10925167.43544930,3534,29.71844000,2550867.87367980,0
1791246540000000,85830.00000000,85842.00000000,85819.99000000,85821.63000000,92.06792000,1791246599999999,7902223.12995620,3349,8.71999000,748404.69806770,0
1791246600000000,85821.62000000,85873.07000000,85787.23000000,85854.83000000,96.10410000,1791246659999999,8249874.78769180,5941,89.53084000,7685601.75939690,0
1791246660000000,85854.82000000,85876.01000000,85851.39000000,85876.00000000,1.91996000,1791246719999999,164850.37264130,1600,1.25053000,107374.02504520,0
1791246720000000,85876.01000000,85888.46000000,85875.42000000,85888.45000000,2.13558000,1791246779999999,183406.74309960,1020,1.77903000,152787.25046060,0
1791246780000000,85888.46000000,85898.01000000,85866.30000000,85866.31000000,8.05401000,1791246839999999,691666.87911050,1199,0.41480000,35626.13817950,0
1791246840000000,85866.30000000,85866.30000000,85832.00000000,85837.39000000,3.53161000,1791246899999999,303179.28427430,1494,0.42118000,36154.59379110,0
1791246900000000,85837.39000000,85848.01000000,85820.75000000,85833.50000000,3.24180000,1791246959999999,278263.39514260,1765,1.16279000,99803.09530570,0
1791246960000000,85833.50000000,85833.50000000,85798.09000000,85798.10000000,3.29117000,1791247019999999,282428.92761120,2094,0.54270000,46570.08946200,0
1791247020000000,85798.10000000,85798.10000000,85788.00000000,85788.01000000,2.45910000,1791247079999999,210976.01895880,787,0.19820000,17003.85796570,0
1791247080000000,85788.01000000,85819.25000000,85778.64000000,85818.93000000,3.78912000,1791247139999999,325105.08844110,2269,2.30087000,197415.10544590,0
1791247140000000,85818.93000000,85818.93000000,85792.04000000,85792.05000000,2.03487000,1791247199999999,174606.67160320,1361,0.19184000,16460.93744440,0
1791247200000000,85792.05000000,85823.69000000,85792.04000000,85812.00000000,3.78932000,1791247259999999,325128.82321530,1144,3.12351000,267991.04339810,0
1791247260000000,85812.00000000,85812.01000000,85784.00000000,85784.00000000,2.22444000,1791247319999999,190851.80595720,1259,0.20643000,17710.54288490,0
1791247320000000,85784.00000000,85795.65000000,85777.57000000,85795.65000000,2.64809000,1791247379999999,227160.74141960,919,1.34341000,115241.11505510,0
1791247380000000,85795.65000000,85808.57000000,85795.64000000,85808.56000000,6.01134000,1791247439999999,515773.00022410,390,5.96509000,511804.74878620,0
1791247440000000,85808.56000000,85808.57000000,85790.62000000,85790.63000000,3.16564000,1791247499999999,271611.51800660,1109,1.27539000,109423.41926640,0
1791247500000000,85790.63000000,85806.00000000,85772.09000000,85772.09000000,3.21244000,1791247559999999,275606.60179990,2222,0.77603000,66578.69510780,0
1791247560000000,85772.09000000,85827.61000000,85772.08000000,85827.61000000,2.53127000,1791247619999999,217170.37284060,1410,2.43957000,209302.71419140,0
1791247620000000,85827.60000000,85836.94000000,85813.61000000,85813.61000000,2.11055000,1791247679999999,181141.26055000,1325,0.32849000,28194.65650080,0
1791247680000000,85813.60000000,85813.61000000,85810.00000000,85810.01000000,1.63335000,1791247739999999,140162.16272750,266,0.45348000,38914.62971880,0
1791247740000000,85810.01000000,85824.00000000,85810.01000000,85824.00000000,1.40663000,1791247799999999,120710.37700590,525,0.87252000,74877.52187630,0
1791247800000000,85823.99000000,85866.01000000,85823.99000000,85860.99000000,22.93406000,1791247859999999,1968676.87126390,1565,22.29070000,1913436.25212790,0
1791247860000000,85860.99000000,85860.99000000,85834.23000000,85834.25000000,2.26953000,1791247919999999,194838.99835430,1512,0.52735000,45276.70773460,0
1791247920000000,85834.24000000,85843.12000000,85832.00000000,85834.01000000,1.43976000,1791247979999999,123586.43959170,662,0.90162000,77393.59983480,0
1791247980000000,85834.00000000,85834.01000000,85830.38000000,85830.38000000,0.51149000,1791248039999999,43901.85326700,344,0.17890000,15355.08728760,0
1791248040000000,85830.39000000,85839.93000000,85830.39000000,85839.93000000,1.94513000,1791248099999999,166960.77400260,733,1.83580000,157576.52972910,0
1791248100000000,85839.92000000,85839.93000000,85839.92000000,85839.93000000,2.68040000,1791248159999999,230085.34701640,168,2.54484000,218448.88746120,0
1791248160000000,85839.92000000,85839.93000000,85839.92000000,85839.92000000,0.85819000,1791248219999999,73666.96730000,143,0.63552000,54552.99231360,0
1791248220000000,85839.92000000,85860.64000000,85839.92000000,85856.00000000,2.84157000,1791248279999999,243957.21540680,1141,1.47944000,127008.56672700,0
1791248280000000,85856.01000000,85858.58000000,85856.01000000,85858.02000000,0.59298000,1791248339999999,50912.02735350,493,0.29040000,24933.01684350,0
1791248340000000,85858.02000000,85902.01000000,85858.01000000,85902.01000000,45.87520000,1791248399999999,3939748.09030780,1151,43.45040000,3731511.98596930,0
1791248400000000,85902.01000000,85989.34000000,85902.01000000,85989.34000000,11.31972000,1791248459999999,973022.37535850,2041,9.53270000,819426.45553860,0
1791248460000000,85989.34000000,86114.27000000,85986.46000000,86114.27000000,23.97063000,1791248519999999,2062909.95737830,4030,21.42783000,1844018.61439330,0
1791248520000000,86114.26000000,86117.54000000,86040.58000000,86044.00000000,10.54662000,1791248579999999,907894.85847690,4690,5.07326000,436699.21763600,0
1791248580000000,86044.00000000,86100.01000000,86014.00000000,86014.00000000,11.56831000,1791248639999999,995644.47330900,4682,6.25961000,538738.19440500,0
1791248640000000,86014.00000000,86071.46000000,86004.82000000,86065.22000000,24.18750000,1791248699999999,2081582.53246280,3073,19.14205000,1647385.04873360,0
1791248700000000,86065.22000000,86120.01000000,86065.21000000,86112.00000000,6.18282000,1791248759999999,532373.72100330,2438,2.77417000,238856.93506950,0
1791248760000000,86112.01000000,86130.45000000,86096.00000000,86110.01000000,9.42138000,1791248819999999,811284.33558180,3304,6.61083000,569252.18799950,0
1791248820000000,86110.00000000,86110.00000000,86060.00000000,86060.01000000,5.55786000,1791248879999999,478473.27992160,2350,1.47705000,127137.76051670,0
1791248880000000,86060.01000000,86064.01000000,86058.65000000,86058.65000000,0.76392000,1791248939999999,65743.73473790,670,0.47448000,40834.25165670,0
1791248940000000,86058.66000000,86058.66000000,86008.00000000,86016.00000000,5.24648000,1791248999999999,451382.13296140,2476,1.02629000,88285.79651310,0
1791249000000000,86016.01000000,86058.01000000,86008.00000000,86044.01000000,4.56943000,1791249059999999,393092.06675750,2219,2.07452000,178473.16706430,0
1791249060000000,86044.01000000,86048.01000000,86022.50000000,86028.00000000,3.21317000,1791249119999999,276452.41216410,1063,0.53506000,46034.14935500,0
1791249120000000,86028.00000000,86037.27000000,86018.71000000,86024.01000000,3.86530000,1791249179999999,332511.15151620,1350,2.74238000,235909.69110650,0
1791249180000000,86024.01000000,86028.01000000,86018.00000000,86028.00000000,1.72015000,1791249239999999,147972.12290990,643,0.80053000,68864.69453710,0
1791249240000000,86028.00000000,86068.01000000,86028.00000000,86067.89000000,5.63568000,1791249299999999,484923.00846660,1010,3.88776000,334519.86697190,0
1791249300000000,86067.89000000,86067.89000000,86022.00000000,86040.01000000,4.56070000,1791249359999999,392412.57064750,2214,1.96349000,168929.72490120,0
1791249360000000,86040.00000000,86040.01000000,85996.00000000,85996.01000000,3.19865000,1791249419999999,275127.67245620,1373,0.15868000,13649.58010070,0
1791249420000000,85996.01000000,85996.01000000,85927.96000000,85927.96000000,8.00348000,1791249479999999,688023.55945910,3090,1.40579000,120841.68477780,0
1791249480000000,85927.97000000,85927.97000000,85868.00000000,85885.43000000,7.32209000,1791249539999999,628877.18968400,2997,2.06792000,177574.63698750,0
1791249540000000,85885.44000000,85885.44000000,85852.33000000,85874.00000000,5.28224000,1791249599999999,453589.28957900,2157,1.27836000,109766.35545070,0
1791249600000000,85874.01000000,85877.98000000,85874.01000000,85877.97000000,1.26128000,1791249659999999,108315.83736060,292,0.63999000,54960.71337930,0
1791249660000000,85877.98000000,85922.01000000,85870.02000000,85922.01000000,3.77002000,1791249719999999,323793.60936390,1996,2.15207000,184851.66529780,0
1791249720000000,85922.01000000,85934.01000000,85906.58000000,85934.00000000,8.26621000,1791249779999999,710235.38127890,2935,2.48008000,213079.27339800,0
1791249780000000,85934.01000000,85970.01000000,85934.00000000,85970.01000000,3.29273000,1791249839999999,283029.03764770,1525,2.39891000,206194.85036020,0
1791249840000000,85970.00000000,85978.01000000,85955.27000000,85955.28000000,3.87090000,1791249899999999,332772.53858450,1366,1.56223000,134304.15417420,0
1791249900000000,85955.28000000,85963.60000000,85926.00000000,85963.60000000,5.09197000,1791249959999999,437638.77565760,2056,2.50155000,215003.68924000,0
1791249960000000,85963.59000000,85963.59000000,85926.00000000,85934.01000000,3.44464000,1791250019999999,296035.31456930,2012,0.98134000,84330.45128790,0
1791250020000000,85934.00000000,85934.01000000,85904.79000000,85911.43000000,3.57264000,1791250079999999,306953.19327400,1603,1.20939000,103905.21211130,0
1791250080000000,85911.43000000,85974.33000000,85911.43000000,85974.01000000,6.89446000,1791250139999999,592547.62772530,1667,6.79555000,584047.81928970,0
1791250140000000,85974.01000000,85974.01000000,85974.00000000,85974.00000000,0.89085000,1791250199999999,76589.94596920,122,0.80692000,69374.14814920,0
1791250200000000,85974.00000000,85980.00000000,85942.00000000,85942.00000000,4.24394000,1791250259999999,364827.53362290,1815,0.31112000,26745.30887460,0
1791250260000000,85942.00000000,85946.01000000,85918.00000000,85946.01000000,3.06949000,1791250319999999,263772.69941780,1648,1.35433000,116381.19279190,0
1791250320000000,85946.01000000,85968.01000000,85942.00000000,85943.39000000,5.40369000,1791250379999999,464496.52068170,1653,1.01239000,87016.76790930,0
1791250380000000,85943.39000000,85943.39000000,85876.67000000,85876.68000000,5.10315000,1791250439999999,438417.86951280,2109,0.33473000,28752.63800680,0
1791250440000000,85876.67000000,85876.68000000,85790.00000000,85790.00000000,12.54117000,1791250499999999,1076441.95038810,2672,0.60718000,52118.77629200,0
1791250500000000,85790.00000000,85790.00000000,85727.79000000,85727.79000000,15.02856000,1791250559999999,1288902.64161520,4336,2.14840000,184259.66494290,0
1791250560000000,85727.80000000,85781.48000000,85727.79000000,85754.00000000,13.80309000,1791250619999999,1183871.73766920,3722,4.92358000,422253.77396480,0
1791250620000000,85754.00000000,85790.01000000,85732.00000000,85790.01000000,8.08170000,1791250679999999,693084.86565720,1976,3.82261000,327863.57972480,0
1791250680000000,85790.01000000,85820.00000000,85790.01000000,85816.01000000,5.00105000,1791250739999999,429136.44642540,1506,2.81097000,241194.78318370,0
1791250740000000,85816.00000000,85816.01000000,85784.00000000,85784.00000000,3.06553000,1791250799999999,263034.05984410,1376,0.65219000,55963.32580750,0
1791250800000000,85784.01000000,85784.01000000,85704.21000000,85704.21000000,8.93263000,1791250859999999,766001.31138860,3492,1.45067000,124407.84884860,0
1791250860000000,85704.22000000,85712.01000000,85681.10000000,85712.01000000,8.06798000,1791250919999999,691426.50395580,2215,3.45271000,295892.77610490,0
1791250920000000,85712.00000000,85718.01000000,85686.00000000,85686.01000000,4.62084000,1791250979999999,396019.88350720,1886,0.75105000,64367.03786860,0
1791250980000000,85686.01000000,85724.01000000,85664.69000000,85664.70000000,19.11160000,1791251039999999,1637710.70105580,3778,4.17878000,358122.99666270,0
1791251040000000,85664.69000000,85686.76000000,85654.00000000,85664.40000000,8.18633000,1791251099999999,701336.50428110,2570,2.51566000,215513.16711120,0
1791251100000000,85664.41000000,85698.01000000,85664.00000000,85684.00000000,5.11704000,1791251159999999,438396.55344850,1996,2.09837000,179782.44128950,0
1791251160000000,85684.01000000,85684.01000000,85643.06000000,85680.00000000,10.86329000,1791251219999999,930501.41061390,2438,1.81709000,155656.73761220,0
1791251220000000,85679.99000000,85726.01000000,85679.99000000,85722.01000000,4.99721000,1791251279999999,428278.83748150,2058,3.06256000,262458.14998080,0
1791251280000000,85722.00000000,85733.13000000,85702.71000000,85702.71000000,7.12489000,1791251339999999,610781.90854000,1829,4.42026000,378940.60456480,0
1791251340000000,85702.72000000,85702.72000000,85684.00000000,85684.00000000,5.95097000,1791251399999999,509967.81583600,1531,1.75257000,150184.00485200,0
1791251400000000,85684.01000000,85684.01000000,85652.00000000,85668.01000000,5.90878000,1791251459999999,506196.67812790,2458,2.21458000,189709.85455810,0
1791251460000000,85668.00000000,85668.01000000,85622.86000000,85630.00000000,22.22321000,1791251519999999,1903166.95942770,3295,1.99970000,171244.03066360,0
1791251520000000,85630.00000000,85630.01000000,85600.01000000,85605.27000000,11.16459000,1791251579999999,955811.00890120,2000,1.33242000,114061.30155570,0
1791251580000000,85605.27000000,85648.01000000,85605.27000000,85638.00000000,4.75145000,1791251639999999,406828.00770660,1507,3.12762000,267785.37746070,0
1791251640000000,85638.00000000,85648.01000000,85626.00000000,85648.00000000,6.79256000,1791251699999999,581672.80889490,1288,2.14271000,183484.03737260,0
1791251700000000,85648.01000000,85656.01000000,85642.00000000,85642.01000000,2.02276000,1791251759999999,173247.98162090,1137,0.77008000,65956.72674560,0
1791251760000000,85642.01000000,85642.01000000,85630.90000000,85634.01000000,4.02936000,1791251819999999,345056.88084810,860,0.76156000,65217.19130830,0
1791251820000000,85634.00000000,85638.01000000,85616.00000000,85616.01000000,3.10812000,1791251879999999,266123.46451780,994,1.04142000,89166.82468770,0
1791251880000000,85616.01000000,85638.01000000,85616.00000000,85638.01000000,2.10264000,1791251939999999,180037.23645640,701,1.64262000,140646.33108620,0
1791251940000000,85638.00000000,85668.92000000,85623.39000000,85668.92000000,36.02335000,1791251999999999,3085038.01269840,1903,33.02146000,2827949.06620080,0
1791252000000000,85668.92000000,85668.92000000,85616.00000000,85616.01000000,9.88271000,1791252059999999,846281.46034230,1775,0.30394000,26027.51029450,0
1791252060000000,85616.01000000,85616.01000000,85600.00000000,85600.01000000,10.35817000,1791252119999999,886745.81816170,968,0.18054000,15455.08740540,0
1791252120000000,85600.00000000,85600.00000000,85563.74000000,85583.28000000,16.51482000,1791252179999999,1413360.81166490,4427,4.80661000,411364.42982490,0
1791252180000000,85583.28000000,85600.01000000,85583.28000000,85600.01000000,7.53390000,1791252239999999,644869.13735840,1876,6.37358000,545553.46715640,0
1791252240000000,85600.01000000,85604.01000000,85568.03000000,85570.00000000,21.36618000,1791252299999999,1828425.43095240,2406,7.27670000,622702.16304220,0
1791252300000000,85570.00000000,85590.01000000,85569.99000000,85590.00000000,5.17850000,1791252359999999,443133.28670440,664,4.98639000,426691.43238730,0
1791252360000000,85590.01000000,85600.00000000,85555.00000000,85570.97000000,10.19692000,1791252419999999,872661.60588900,2106,5.61375000,480431.43683470,0
1791252420000000,85570.97000000,85570.97000000,85527.11000000,85530.01000000,8.30781000,1791252479999999,710675.76426950,1907,1.20824000,103344.37309950,0
1791252480000000,85530.01000000,85530.01000000,85522.27000000,85529.99000000,4.13593000,1791252539999999,353722.15753270,1269,1.05821000,90502.19529140,0
1791252540000000,85529.99000000,85530.01000000,85484.03000000,85484.05000000,15.08840000,1791252599999999,1290108.79800550,2639,0.92881000,79415.62439770,0
1791252600000000,85484.04000000,85520.01000000,85482.00000000,85520.01000000,9.71638000,1791252659999999,830680.09484670,2058,5.67066000,484805.75551610,0
1791252660000000,85520.00000000,85529.98000000,85520.00000000,85529.97000000,1.85914000,1791252719999999,159007.80971280,606,0.95724000,81868.34970980,0
1791252720000000,85529.97000000,85529.98000000,85499.75000000,85499.75000000,2.40975000,1791252779999999,206069.97952460,1605,0.55542000,47492.86325210,0
1791252780000000,85499.76000000,85499.76000000,85481.38000000,85481.39000000,3.30243000,1791252839999999,282329.89619190,1587,1.47149000,125802.82615050,0
1791252840000000,85481.38000000,85482.01000000,85461.53000000,85461.53000000,8.85128000,1791252899999999,756535.14962810,1563,0.30395000,25980.26093690,0
1791252900000000,85461.54000000,85482.87000000,85454.67000000,85482.86000000,4.61294000,1791252959999999,394262.21805680,1208,3.68453000,314914.74544250,0
1791252960000000,85482.87000000,85532.01000000,85482.87000000,85531.07000000,4.89078000,1791253019999999,418217.85046000,1513,4.11980000,352278.73491160,0
1791253020000000,85531.06000000,85531.07000000,85503.35000000,85503.36000000,4.41888000,1791253079999999,377926.99272390,1229,2.22178000,190026.54898810,0
1791253080000000,85503.35000000,85508.01000000,85503.35000000,85508.00000000,1.83786000,1791253139999999,157147.40584040,468,1.59169000,136097.95127940,0
1791253140000000,85508.00000000,85546.01000000,85508.00000000,85543.26000000,3.64744000,1791253199999999,311926.70304700,1110,3.31088000,283137.65908670,0
1791253200000000,85543.26000000,85564.75000000,85542.00000000,85564.75000000,4.70691000,1791253259999999,402670.56663010,1075,3.56951000,305368.72868450,0
1791253260000000,85564.75000000,85583.71000000,85550.00000000,85583.71000000,5.11543000,1791253319999999,437717.70931720,1580,3.78313000,323725.35122620,0
1791253320000000,85583.71000000,85606.01000000,85583.70000000,85606.01000000,2.16098000,1791253379999999,184965.36051680,1020,1.96815000,168461.28865900,0
1791253380000000,85606.00000000,85742.16000000,85602.11000000,85742.15000000,14.95993000,1791253439999999,1281360.86154820,3053,11.40473000,976949.84999960,0
1791253440000000,85742.15000000,85744.01000000,85700.00000000,85726.01000000,9.24573000,1791253499999999,792531.01324500,4461,5.99461000,513820.87943090,0
1791253500000000,85726.00000000,85748.01000000,85726.00000000,85744.00000000,3.93184000,1791253559999999,337104.12129060,2284,2.38406000,204396.95498490,0
1791253560000000,85744.01000000,85754.01000000,85692.00000000,85722.01000000,4.50997000,1791253619999999,386593.43574680,3608,1.87038000,160325.69919800,0
1791253620000000,85722.00000000,85722.01000000,85698.48000000,85698.49000000,2.75964000,1791253679999999,236531.11058060,1620,0.20388000,17473.56811180,0
1791253680000000,85698.49000000,85698.49000000,85626.46000000,85644.01000000,5.20679000,1791253739999999,445966.72830080,3190,1.89622000,162386.47745240,0
1791253740000000,85644.00000000,85658.01000000,85618.00000000,85630.01000000,3.76807000,1791253799999999,322689.12625820,2109,1.92439000,164798.78370390,0
1791253800000000,85630.01000000,85632.01000000,85612.00000000,85618.90000000,3.06168000,1791253859999999,262139.77019050,1752,1.55334000,132993.45937530,0
1791253860000000,85618.91000000,85688.01000000,85612.00000000,85671.48000000,5.08964000,1791253919999999,435893.58820970,2439,3.54737000,303798.54482410,0
1791253920000000,85671.47000000,85671.47000000,85643.09000000,85646.01000000,7.15661000,1791253979999999,613006.10035820,1826,5.55330000,475672.32670860,0
1791253980000000,85646.00000000,85646.01000000,85616.00000000,85616.00000000,2.86014000,1791254039999999,244912.85613550,1828,1.12441000,96278.90386130,0
1791254040000000,85616.01000000,85616.01000000,85570.00000000,85573.94000000,5.35766000,1791254099999999,458549.28300730,2566,1.01792000,87130.84855990,0
1791254100000000,85572.88000000,85594.01000000,85496.00000000,85594.00000000,11.19919000,1791254159999999,958028.65744550,5168,3.30382000,282638.25727870,0
1791254160000000,85594.01000000,85609.51000000,85578.00000000,85609.50000000,3.84049000,1791254219999999,328705.23504750,2730,1.58107000,135324.72792940,0
1791254220000000,85609.50000000,85617.90000000,85592.00000000,85614.01000000,4.12544000,1791254279999999,353163.60215390,2064,2.08667000,178633.04359520,0
1791254280000000,85614.00000000,85644.01000000,85614.00000000,85636.92000000,3.11538000,1791254339999999,266774.35877010,1438,1.40766000,120536.54239440,0
1791254340000000,85636.92000000,85653.98000000,85636.91000000,85653.97000000,1.80946000,1791254399999999,154973.75001400,1019,0.96155000,82353.48105740,0
1791254400000000,85653.97000000,85662.01000000,85648.01000000,85662.01000000,3.35205000,1791254459999999,287111.54411510,1424,2.17128000,185974.47918320,0
1791254460000000,85662.01000000,85662.01000000,85645.50000000,85650.20000000,2.18664000,1791254519999999,187294.49762800,1355,0.56909000,48744.51499810,0
1791254520000000,85650.20000000,85650.20000000,85622.59000000,85622.59000000,3.64004000,1791254579999999,311716.47070180,1420,0.15329000,13127.76324350,0
1791254580000000,85622.60000000,85634.01000000,85622.59000000,85626.00000000,3.87010000,1791254639999999,331398.38383360,747,1.91710000,164161.72742260,0
1791254640000000,85626.00000000,85630.01000000,85592.00000000,85592.01000000,4.30369000,1791254699999999,368455.96153440,1575,1.41838000,121439.28340150,0
1791254700000000,85592.00000000,85592.00000000,85544.01000000,85544.01000000,3.71674000,1791254759999999,318045.31650910,2652,1.03896000,88912.51321590,0
1791254760000000,85544.00000000,85546.01000000,85524.76000000,85546.00000000,3.70963000,1791254819999999,317305.78251810,1952,2.16935000,185555.73576820,0
1791254820000000,85546.01000000,85556.01000000,85536.00000000,85536.01000000,2.46790000,1791254879999999,211126.19970050,1097,0.48555000,41538.27737830,0
1791254880000000,85536.01000000,85564.01000000,85536.00000000,85564.00000000,3.16052000,1791254939999999,270401.48663530,1217,1.51711000,129787.25921720,0
1791254940000000,85564.01000000,85586.01000000,85560.00000000,85586.01000000,3.16151000,1791254999999999,270523.06366580,1207,1.19048000,101868.49483650,0
1791255000000000,85586.00000000,85586.01000000,85562.00000000,85564.01000000,2.02483000,1791255059999999,173267.91749530,1146,0.26215000,22431.23565030,0
1791255060000000,85564.01000000,85585.39000000,85564.00000000,85564.00000000,4.63830000,1791255119999999,396922.69667680,1488,3.29416000,281899.00006610,0
1791255120000000,85564.01000000,85564.01000000,85556.00000000,85562.01000000,2.89019000,1791255179999999,247281.79357840,768,1.04731000,89604.38127040,0
1791255180000000,85562.00000000,85562.01000000,85556.00000000,85556.01000000,6.73581000,1791255239999999,576326.56495140,516,2.13691000,182838.04136380,0
1791255240000000,85556.00000000,85556.00000000,85540.00000000,85540.00000000,4.51474000,1791255299999999,386235.83585260,803,1.12751000,96460.85372940,0
1791255300000000,85540.00000000,85560.00000000,85540.00000000,85546.41000000,4.54225000,1791255359999999,388580.23406230,1541,3.73909000,319869.98306320,0
1791255360000000,85546.40000000,85546.41000000,85539.99000000,85539.99000000,5.51283000,1791255419999999,471596.08980090,563,3.14799000,269297.88510280,0
1791255420000000,85539.99000000,85540.00000000,85513.77000000,85513.77000000,2.77433000,1791255479999999,237298.25460520,1223,0.74416000,63653.84023470,0
1791255480000000,85513.77000000,85513.78000000,85508.13000000,85513.78000000,2.47059000,1791255539999999,211266.94713490,616,1.77812000,152051.51090930,0
1791255540000000,85513.78000000,85537.94000000,85513.77000000,85537.93000000,3.38228000,1791255599999999,289265.17706060,684,2.83053000,242075.03529530,0
1791255600000000,85537.94000000,85548.81000000,85534.00000000,85534.01000000,4.28996000,1791255659999999,366955.18834140,1076,2.77509000,237372.89029390,0
1791255660000000,85534.00000000,85534.01000000,85521.49000000,85534.01000000,4.61091000,1791255719999999,394342.15003130,953,4.05536000,346826.64287000,0
1791255720000000,85534.00000000,85588.01000000,85534.00000000,85588.01000000,7.30608000,1791255779999999,625134.99383630,1215,7.07251000,605152.84235170,0
1791255780000000,85588.00000000,85588.01000000,85576.00000000,85580.01000000,2.79477000,1791255839999999,239171.27760830,673,1.82355000,156053.85097130,0
1791255840000000,85580.01000000,85584.01000000,85574.00000000,85580.00000000,2.27715000,1791255899999999,194878.20692720,933,0.86024000,73618.46020400,0
1791255900000000,85580.00000000,85580.00000000,85528.45000000,85564.00000000,6.78699000,1791255959999999,580632.36780100,2169,2.30612000,197271.29695680,0
1791255960000000,85564.01000000,85584.01000000,85564.00000000,85576.01000000,2.84938000,1791256019999999,243839.76151410,886,1.58926000,135998.04692390,0
1791256020000000,85576.01000000,85576.01000000,85556.70000000,85556.71000000,2.01778000,1791256079999999,172648.67290770,843,0.51750000,44276.72307410,0
1791256080000000,85556.71000000,85557.83000000,85556.70000000,85557.83000000,2.11672000,1791256139999999,181100.53268090,274,1.54831000,132468.67673790,0
1791256140000000,85557.82000000,85557.82000000,85545.14000000,85556.00000000,1.49417000,1791256199999999,127827.01828300,810,0.80898000,69207.57507390,0
1791256200000000,85556.01000000,85556.01000000,85541.60000000,85544.01000000,2.49994000,1791256259999999,213869.41262560,698,0.44442000,38018.07571300,0
1791256260000000,85544.01000000,85554.01000000,85523.89000000,85523.89000000,3.13503000,1791256319999999,268182.54032970,1377,1.32344000,113216.31933970,0
1791256320000000,85523.90000000,85540.01000000,85517.12000000,85540.01000000,2.45035000,1791256379999999,209560.77962370,1138,1.81196000,154965.45814830,0
1791256380000000,85540.01000000,85544.01000000,85536.06000000,85536.06000000,1.19930000,1791256439999999,102587.42009150,396,0.62369000,53350.21460020,0
1791256440000000,85536.06000000,85536.07000000,85528.00000000,85528.01000000,4.27601000,1791256499999999,365729.23436120,479,0.48069000,41115.16881830,0
1791256500000000,85528.00000000,85536.01000000,85508.09000000,85536.00000000,5.90384000,1791256559999999,504903.73611110,1951,2.81014000,240329.81383510,0
1791256560000000,85536.00000000,85550.01000000,85536.00000000,85550.00000000,1.25315000,1791256619999999,107199.45752470,633,0.74443000,63681.12216630,0
1791256620000000,85550.01000000,85600.01000000,85550.00000000,85565.46000000,5.64103000,1791256679999999,482755.84028380,3013,2.90893000,248940.47623900,0
1791256680000000,85565.47000000,85578.01000000,85564.00000000,85564.01000000,4.92298000,1791256739999999,421247.04079220,1216,3.68245000,315089.88072980,0
1791256740000000,85564.01000000,85578.00000000,85562.01000000,85562.01000000,1.76284000,1791256799999999,150848.16665610,999,0.87097000,74530.19908460,0
1791256800000000,85562.00000000,85574.01000000,85541.53000000,85541.54000000,5.30792000,1791256859999999,454171.94570480,1403,2.11296000,180794.83823570,0
1791256860000000,85541.53000000,85558.01000000,85541.53000000,85558.01000000,1.53194000,1791256919999999,131054.32906180,675,1.04474000,89376.64934320,0
1791256920000000,85558.01000000,85566.01000000,85534.00000000,85534.00000000,2.75210000,1791256979999999,235439.53937370,1237,0.29853000,25541.10414780,0
1791256980000000,85534.01000000,85558.01000000,85534.01000000,85558.00000000,2.05488000,1791257039999999,175780.84113440,1070,1.62037000,138612.02138050,0
1791257040000000,85558.00000000,85558.01000000,85534.00000000,85534.00000000,4.50986000,1791257099999999,385812.96847260,1414,0.93344000,79856.56594520,0
1791257100000000,85534.00000000,85534.01000000,85520.00000000,85520.00000000,3.24885000,1791257159999999,277860.48022580,627,0.99588000,85169.21159880,0
1791257160000000,85520.00000000,85520.01000000,85514.23000000,85514.24000000,1.33995000,1791257219999999,114591.02795980,415,0.12819000,10962.65491020,0
1791257220000000,85514.23000000,85514.23000000,85498.00000000,85498.01000000,4.06774000,1791257279999999,347824.95623740,1081,0.36876000,31530.88034660,0
1791257280000000,85498.01000000,85498.01000000,85473.63000000,85473.64000000,2.82548000,1791257339999999,241528.15540650,1171,0.46627000,39856.49539480,0
1791257340000000,85473.63000000,85473.64000000,85467.01000000,85467.02000000,2.80079000,1791257399999999,239392.82287700,533,1.11647000,95428.73735440,0
1791257400000000,85467.01000000,85467.02000000,85379.99000000,85425.59000000,17.44531000,1791257459999999,1490105.35897760,5719,10.40927000,889055.90386890,0
1791257460000000,85425.59000000,85429.52000000,85410.15000000,85410.16000000,4.94428000,1791257519999999,422344.22411610,1531,1.81009000,154618.95845610,0
1791257520000000,85410.15000000,85410.15000000,85364.36000000,85364.37000000,7.75978000,1791257579999999,662550.87284210,2333,2.10912000,180083.13582000,0
1791257580000000,85364.36000000,85364.36000000,85323.28000000,85353.30000000,17.23312000,1791257639999999,1470678.67117080,3702,5.03160000,429357.77196870,0
1791257640000000,85353.30000000,85403.42000000,85353.30000000,85403.41000000,4.62241000,1791257699999999,394667.50624920,1414,4.32266000,369078.93082450,0
1791257700000000,85403.42000000,85412.83000000,85374.82000000,85412.83000000,4.48173000,1791257759999999,382706.61728420,1392,1.99301000,170180.74443570,0
1791257760000000,85412.82000000,85427.91000000,85390.94000000,85390.94000000,2.13987000,1791257819999999,182777.24471220,1779,0.45674000,39013.62569670,0
1791257820000000,85390.94000000,85448.27000000,85384.14000000,85448.26000000,2.26034000,1791257879999999,193057.79111590,1341,1.37727000,117630.68931760,0
1791257880000000,85448.27000000,85448.27000000,85399.99000000,85406.29000000,12.56919000,1791257939999999,1073573.31865670,1359,3.68206000,314458.16565140,0
1791257940000000,85406.29000000,85434.10000000,85403.15000000,85403.15000000,16.14660000,1791257999999999,1379072.19871760,1134,0.69475000,59340.55960250,0
1791258000000000,85403.16000000,85417.19000000,85385.35000000,85412.81000000,3.44217000,1791258059999999,293979.64009050,1536,1.37674000,117574.35496610,0
1791258060000000,85412.81000000,85431.64000000,85412.81000000,85421.62000000,1.85650000,1791258119999999,158582.41095130,718,1.12729000,96292.00592480,0
1791258120000000,85421.62000000,85428.83000000,85419.22000000,85428.83000000,1.33933000,1791258179999999,114407.65799850,764,0.71522000,61095.24538390,0
1791258180000000,85428.83000000,85470.01000000,85428.83000000,85470.00000000,12.44071000,1791258239999999,1063101.50866480,892,12.20897000,1043296.83315150,0
1791258240000000,85470.01000000,85480.01000000,85470.00000000,85474.16000000,1.37639000,1791258299999999,117648.61932380,793,0.47323000,40449.14668870,0
1791258300000000,85474.16000000,85474.28000000,85468.97000000,85474.28000000,3.36105000,1791258359999999,287268.39781190,611,1.88046000,160722.23812140,0
1791258360000000,85474.28000000,85498.01000000,85474.26000000,85498.01000000,16.91544000,1791258419999999,1445850.56816040,796,4.37037000,373566.58193580,0
1791258420000000,85498.00000000,85525.77000000,85498.00000000,85525.77000000,4.96456000,1791258479999999,424528.84010720,709,4.69757000,401699.39498830,0
1791258480000000,85525.76000000,85525.77000000,85525.59000000,85525.60000000,2.01291000,1791258539999999,172155.40248600,461,1.06173000,90805.09575720,0
1791258540000000,85525.59000000,85564.01000000,85525.59000000,85564.01000000,2.25510000,1791258599999999,192905.29552140,1021,1.56074000,133506.87392050,0
1791258600000000,85564.00000000,85580.89000000,85538.70000000,85538.71000000,6.09689000,1791258659999999,521679.17675910,2927,1.41815000,121345.29635340,0
1791258660000000,85538.71000000,85548.01000000,85527.07000000,85546.01000000,3.85773000,1791258719999999,329968.96650400,1446,1.92978000,165059.57835920,0
1791258720000000,85546.01000000,85546.01000000,85524.00000000,85524.00000000,2.71066000,1791258779999999,231849.00655230,1535,0.18064000,15450.14298330,0
1791258780000000,85524.01000000,85552.01000000,85517.84000000,85523.36000000,8.95295000,1791258839999999,765737.69712410,3559,4.95774000,424025.90582880,0
1791258840000000,85523.35000000,85533.78000000,85506.18000000,85516.01000000,2.86505000,1791258899999999,245012.32125830,1952,0.84199000,72004.44145610,0
1791258900000000,85516.01000000,85522.01000000,85516.00000000,85522.01000000,1.10057000,1791258959999999,94117.58291170,387,0.56430000,48257.24365170,0
1791258960000000,85522.00000000,85528.01000000,85522.00000000,85524.66000000,1.77735000,1791259019999999,152008.55357580,595,0.83757000,71633.16032460,0
1791259020000000,85524.65000000,85524.66000000,85510.57000000,85510.57000000,10.15282000,1791259079999999,868223.30041300,1037,8.36060000,714956.45863700,0
1791259080000000,85510.57000000,85510.58000000,85507.33000000,85507.33000000,2.48929000,1791259139999999,212855.37179430,332,0.22455000,19201.26699180,0
1791259140000000,85507.34000000,85516.27000000,85501.86000000,85516.27000000,15.54490000,1791259199999999,1329188.98914810,1096,13.81251000,1181062.57669780,0
1791259200000000,85516.27000000,85536.01000000,85514.39000000,85536.01000000,6.25266000,1791259259999999,534763.09469510,2424,4.59154000,392687.83266660,0
1791259260000000,85536.00000000,85550.00000000,85536.00000000,85548.10000000,2.76987000,1791259319999999,236945.06124710,774,2.09126000,178896.33561470,0
1791259320000000,85548.11000000,85590.01000000,85538.00000000,85590.01000000,5.54371000,1791259379999999,474288.54971410,2558,2.82391000,241602.73390750,0
1791259380000000,85590.01000000,85592.00000000,85564.96000000,85564.96000000,3.05972000,1791259439999999,261849.57545390,1616,0.62944000,53861.81785130,0
1791259440000000,85564.96000000,85564.97000000,85564.96000000,85564.96000000,1.14241000,1791259499999999,97750.27000210,390,0.40485000,34640.97810450,0
1791259500000000,85564.96000000,85574.01000000,85564.96000000,85574.01000000,1.01951000,1791259559999999,87240.97091500,576,0.48973000,41906.24919000,0
1791259560000000,85574.01000000,85600.00000000,85574.00000000,85590.94000000,2.32364000,1791259619999999,198869.89368620,1513,1.52629000,130626.02181810,0
1791259620000000,85590.94000000,85622.46000000,85581.45000000,85622.46000000,4.18005000,1791259679999999,357804.71082640,1812,3.26177000,279210.59611170,0
1791259680000000,85622.47000000,85626.01000000,85584.07000000,85584.08000000,6.18463000,1791259739999999,529478.37889220,2069,2.29135000,196188.24825590,0
1791259740000000,85584.08000000,85608.89000000,85584.01000000,85606.00000000,3.72987000,1791259799999999,319277.94640650,1240,2.83526000,242702.93179750,0
1791259800000000,85606.01000000,85606.01000000,85580.14000000,85584.01000000,3.23365000,1791259859999999,276771.03107740,1433,0.52668000,45074.98671820,0
1791259860000000,85584.01000000,85584.01000000,85582.02000000,85582.03000000,1.89997000,1791259919999999,162604.50479080,310,0.26624000,22785.54875720,0
1791259920000000,85582.03000000,85602.00000000,85582.02000000,85602.00000000,1.43043000,1791259979999999,122424.65000490,579,0.97233000,83219.45722410,0
1791259980000000,85602.00000000,85628.01000000,85602.00000000,85628.01000000,2.29167000,1791260039999999,196202.73482230,656,2.04892000,175417.53084230,0
1791260040000000,85628.01000000,85628.01000000,85628.00000000,85628.01000000,0.42357000,1791260099999999,36269.45309410,106,0.11341000,9711.07261410,0
1791260100000000,85628.00000000,85630.00000000,85617.14000000,85617.14000000,12.88643000,1791260159999999,1103454.24738110,1265,0.46455000,39777.48684290,0
1791260160000000,85617.14000000,85623.19000000,85613.74000000,85623.19000000,7.85071000,1791260219999999,672130.86189330,636,7.59405000,650157.07126350,0
1791260220000000,85623.19000000,85633.07000000,85611.25000000,85611.25000000,3.94807000,1791260279999999,338042.74564850,1460,0.94715000,81103.15784230,0
1791260280000000,85611.25000000,85611.26000000,85599.42000000,85604.05000000,2.71543000,1791260339999999,232452.14237220,987,0.62563000,53555.11776540,0
1791260340000000,85604.04000000,85604.05000000,85592.45000000,85592.46000000,2.79726000,1791260399999999,239446.27018290,731,0.45698000,39117.70787570,0
1791260400000000,85592.45000000,85610.01000000,85592.45000000,85610.01000000,6.38718000,1791260459999999,546789.27395120,619,1.02995000,88163.01959120,0
1791260460000000,85610.00000000,85610.01000000,85610.00000000,85610.01000000,5.46882000,1791260519999999,468185.72550370,186,4.53037000,387845.02100370,0
1791260520000000,85610.00000000,85624.72000000,85610.00000000,85624.72000000,1.30337000,1791260579999999,111596.77434860,668,0.94771000,81143.84664920,0
1791260580000000,85624.72000000,85624.72000000,85618.00000000,85618.01000000,1.59047000,1791260639999999,136178.76157470,581,0.25358000,21712.55480960,0
1791260640000000,85618.01000000,85618.01000000,85616.06000000,85616.07000000,0.72369000,1791260699999999,61960.28133750,504,0.24729000,21172.27826090,0
1791260700000000,85616.06000000,85616.07000000,85616.06000000,85616.07000000,1.65472000,1791260759999999,141670.62026690,154,1.34637000,115270.90816590,0
1791260760000000,85616.06000000,85616.07000000,85616.06000000,85616.06000000,1.90921000,1791260819999999,163459.05361330,162,1.57007000,134423.22302490,0
1791260820000000,85616.07000000,85620.00000000,85616.06000000,85619.74000000,6.55658000,1791260879999999,561372.51266180,452,0.96728000,82816.99948590,0
1791260880000000,85619.74000000,85619.74000000,85592.38000000,85592.38000000,2.41564000,1791260939999999,206795.11469690,1285,0.26174000,22406.44787810,0
1791260940000000,85592.38000000,85592.38000000,85587.96000000,85587.96000000,1.69607000,1791260999999999,145163.49427420,401,0.27591000,23614.58157380,0
1791261000000000,85587.97000000,85594.01000000,85582.02000000,85582.03000000,2.14102000,1791261059999999,183242.60368910,965,0.67276000,57581.12803030,0
1791261060000000,85582.02000000,85582.68000000,85571.44000000,85571.44000000,1.91834000,1791261119999999,164169.13839570,666,0.60007000,51353.25966370,0
1791261120000000,85571.44000000,85595.09000000,85563.69000000,85595.09000000,4.80169000,1791261179999999,410924.27523620,1083,3.85718000,330101.94124230,0
1791261180000000,85595.08000000,85595.09000000,85570.67000000,85579.14000000,32.40155000,1791261239999999,2773044.80569890,775,0.43717000,37419.60549530,0
1791261240000000,85579.14000000,85579.15000000,85570.98000000,85570.98000000,0.96843000,1791261299999999,82872.54447200,694,0.19270000,16489.82038150,0
1791261300000000,85570.98000000,85577.20000000,85564.05000000,85577.20000000,2.52472000,1791261359999999,216045.60792200,1010,1.79268000,153406.62158420,0
1791261360000000,85577.20000000,85630.01000000,85577.19000000,85630.00000000,21.80341000,1791261419999999,1866476.67432570,1562,20.69879000,1771912.26226950,0
1791261420000000,85630.01000000,85630.01000000,85630.00000000,85630.01000000,0.37668000,1791261479999999,32255.10981440,134,0.14144000,12111.50861440,0
1791261480000000,85630.00000000,85630.01000000,85601.09000000,85601.10000000,10.20867000,1791261539999999,874075.02258940,1405,0.57514000,49237.09399450,0
1791261540000000,85601.10000000,85636.01000000,85601.10000000,85628.00000000,2.20963000,1791261599999999,189189.50457980,1443,1.85673000,158970.42929850,0
1791261600000000,85628.01000000,85628.01000000,85607.57000000,85611.55000000,3.18251000,1791261659999999,272470.89042250,1079,0.77460000,66315.44339910,0
1791261660000000,85611.55000000,85626.00000000,85611.55000000,85622.00000000,2.75285000,1791261719999999,235704.93972850,1024,2.00721000,171859.70345030,0
1791261720000000,85622.00000000,85622.01000000,85602.00000000,85602.00000000,2.84631000,1791261779999999,243684.45403130,1197,1.25642000,107571.07761590,0
1791261780000000,85602.00000000,85602.01000000,85601.09000000,85601.10000000,1.24103000,1791261839999999,106233.96280830,198,0.81731000,69962.73366680,0
1791261840000000,85601.09000000,85601.10000000,85589.99000000,85590.00000000,9.88149000,1791261899999999,845825.43004420,484,0.26046000,22294.38911400,0
1791261900000000,85589.99000000,85601.87000000,85589.99000000,85601.87000000,3.42556000,1791261959999999,293226.82490020,636,1.12759000,96518.07419690,0
1791261960000000,85601.86000000,85601.87000000,85596.88000000,85596.88000000,2.63601000,1791262019999999,225641.56995350,575,2.21910000,189954.06614520,0
1791262020000000,85596.88000000,85596.89000000,85580.00000000,85580.01000000,2.10801000,1791262079999999,180425.62463450,874,0.12468000,10671.24493030,0
1791262080000000,85580.01000000,85580.01000000,85580.00000000,85580.00000000,1.07370000,1791262139999999,91887.24898570,162,0.29857000,25551.62358570,0
1791262140000000,85580.01000000,85580.01000000,85580.00000000,85580.01000000,0.78535000,1791262199999999,67210.25593500,225,0.29350000,25117.73293500,0
1791262200000000,85580.00000000,85584.01000000,85580.00000000,85584.00000000,0.88262000,1791262259999999,75535.99705300,349,0.66852000,57212.60865300,0
1791262260000000,85584.01000000,85595.82000000,85580.00000000,85580.00000000,4.74556000,1791262319999999,406163.44159880,1239,2.01635000,172581.03880020,0
1791262320000000,85580.01000000,85598.01000000,85572.01000000,85596.91000000,5.10009000,1791262379999999,436459.59410060,1239,4.18009000,357727.01513410,0
1791262380000000,85596.91000000,85600.00000000,85596.90000000,85598.01000000,1.04015000,1791262439999999,89035.16157710,541,0.55658000,47642.44717570,0
1791262440000000,85598.01000000,85603.43000000,85598.00000000,85603.42000000,2.04885000,1791262499999999,175378.20135440,415,1.42534000,122006.69456800,0
1791262500000000,85603.42000000,85603.43000000,85603.42000000,85603.42000000,1.17039000,1791262559999999,100189.38909590,263,0.23621000,20220.38620030,0
1791262560000000,85603.42000000,85603.43000000,85603.42000000,85603.42000000,4.47505000,1791262619999999,383079.62053850,395,3.58675000,307038.10255250,0
1791262620000000,85603.42000000,85603.43000000,85600.00000000,85600.01000000,2.36967000,1791262679999999,202846.64063250,454,0.66723000,57115.24946310,0
1791262680000000,85600.01000000,85600.01000000,85600.00000000,85600.01000000,0.91966000,1791262739999999,78722.89878750,181,0.27875000,23861.00278750,0
1791262740000000,85600.00000000,85624.01000000,85600.00000000,85624.01000000,21.07564000,1791262799999999,1804148.53269590,936,20.90031000,1789136.47093970,0
1791262800000000,85624.00000000,85628.32000000,85624.00000000,85628.32000000,0.94034000,1791262859999999,80517.40705830,383,0.56714000,48561.62619270,0
1791262860000000,85628.31000000,85635.86000000,85628.31000000,85634.00000000,2.73998000,1791262919999999,234635.77005730,639,2.11827000,181396.33466510,0
1791262920000000,85634.00000000,85634.00000000,85591.90000000,85591.91000000,5.71906000,1791262979999999,489635.74702890,1883,0.75050000,64241.36704960,0
1791262980000000,85591.90000000,85591.90000000,85584.07000000,85587.59000000,1.49872000,1791263039999999,128271.36744180,663,0.75271000,64421.99784030,0
1791263040000000,85587.60000000,85596.00000000,85587.59000000,85596.00000000,4.28858000,1791263099999999,367052.37542670,431,4.17963000,357726.96708380,0
1791263100000000,85595.99000000,85606.01000000,85595.99000000,85596.95000000,7.12549000,1791263159999999,609968.06988800,1141,1.53658000,131527.21539820,0
1791263160000000,85596.96000000,85620.00000000,85596.95000000,85620.00000000,2.94343000,1791263219999999,251985.78502450,768,2.20937000,189145.02396940,0
1791263220000000,85620.00000000,85707.57000000,85619.99000000,85707.57000000,16.35063000,1791263279999999,1400225.39872730,2720,14.96712000,1281735.21530160,0
1791263280000000,85707.92000000,85749.11000000,85707.91000000,85716.00000000,6.39238000,1791263339999999,548027.45476890,2461,3.41697000,292933.84237550,0
1791263340000000,85716.01000000,85730.01000000,85712.00000000,85714.00000000,2.79572000,1791263399999999,239657.09274880,1392,1.64987000,141432.70389580,0
1791263400000000,85714.01000000,85714.01000000,85701.46000000,85701.47000000,2.09428000,1791263459999999,179492.89822190,734,0.16127000,13821.89904190,0
1791263460000000,85701.47000000,85722.01000000,85696.00000000,85722.00000000,3.14593000,1791263519999999,269636.30306890,1030,2.42109000,207514.53706270,0
1791263520000000,85722.01000000,85730.01000000,85716.00000000,85722.01000000,3.47152000,1791263579999999,297587.61825400,1384,1.25092000,107231.98932220,0
1791263580000000,85722.01000000,85722.01000000,85722.00000000,85722.01000000,0.97271000,1791263639999999,83382.65319580,218,0.65758000,56369.07933580,0
1791263640000000,85722.00000000,85722.01000000,85709.86000000,85709.87000000,3.60454000,1791263699999999,308965.99103930,657,0.65159000,55849.77195120,0
1791263700000000,85709.87000000,85709.87000000,85683.19000000,85683.19000000,3.93247000,1791263759999999,337004.68168690,1058,1.45479000,124682.75387380,0
1791263760000000,85683.20000000,85716.01000000,85683.19000000,85716.01000000,4.02507000,1791263819999999,344963.56095260,1002,2.33933000,200469.27663890,0
1791263820000000,85716.01000000,85716.01000000,85700.44000000,85700.44000000,2.68985000,1791263879999999,230546.94526110,703,0.17778000,15237.53404620,0
1791263880000000,85700.44000000,85700.45000000,85676.75000000,85676.76000000,4.94565000,1791263939999999,423796.32040390,645,1.45747000,124888.04239350,0
1791263940000000,85676.75000000,85676.75000000,85674.79000000,85674.80000000,1.10689000,1791263999999999,94833.20994210,331,0.22361000,19157.74256480,0
1791264000000000,85674.80000000,85687.18000000,85672.62000000,85672.62000000,4.14593000,1791264059999999,355233.56335520,1238,1.99659000,171068.63279250,0
1791264060000000,85672.62000000,85672.63000000,85648.00000000,85658.86000000,3.42414000,1791264119999999,293320.11650860,1365,1.35317000,115910.94624880,0
1791264120000000,85658.86000000,85669.36000000,85655.09000000,85660.00000000,1.82388000,1791264179999999,156233.98290160,1103,1.04582000,89584.19866890,0
1791264180000000,85660.01000000,85672.63000000,85660.00000000,85672.62000000,1.12322000,1791264239999999,96219.58844010,456,0.92481000,79222.86023510,0
1791264240000000,85672.63000000,85672.63000000,85672.62000000,85672.63000000,1.01673000,1791264299999999,87105.92795870,148,0.50261000,43059.92056430,0
1791264300000000,85672.62000000,85710.00000000,85672.62000000,85692.01000000,5.72319000,1791264359999999,490476.10586250,1746,4.18167000,358363.23745570,0
1791264360000000,85692.00000000,85692.00000000,85665.55000000,85665.55000000,1.64730000,1791264419999999,141135.50256410,684,0.17357000,14869.70473680,0
1791264420000000,85665.56000000,85665.57000000,85662.00000000,85662.00000000,1.52477000,1791264479999999,130619.03787390,414,0.36228000,31034.80469370,0
1791264480000000,85662.00000000,85680.00000000,85648.53000000,85680.00000000,4.53683000,1791264539999999,388629.27743660,1230,3.12810000,267959.84115160,0
1791264540000000,85680.00000000,85680.00000000,85679.99000000,85679.99000000,1.28350000,1791264599999999,109970.26923790,86,0.20729000,17760.60720000,0
1791264600000000,85679.99000000,85700.01000000,85658.71000000,85658.72000000,6.57410000,1791264659999999,563280.41073550,2026,3.58217000,306925.94066840,0
1791264660000000,85658.71000000,85662.00000000,85656.00000000,85661.09000000,10.63626000,1791264719999999,911062.93250460,651,10.17894000,871889.63078370,0
1791264720000000,85661.10000000,85661.10000000,85648.31000000,85659.47000000,2.31019000,1791264779999999,197880.74393600,683,1.48305000,127031.01254090,0
1791264780000000,85660.01000000,85682.01000000,85660.01000000,85668.99000000,2.91858000,1791264839999999,250050.22528080,905,2.00743000,171986.53651200,0
1791264840000000,85668.99000000,85669.00000000,85660.00000000,85660.00000000,3.17566000,1791264899999999,272043.75492150,381,1.53975000,131907.95945320,0
1791264900000000,85660.00000000,85660.01000000,85660.00000000,85660.01000000,1.23329000,1791264959999999,105643.62908400,185,0.76840000,65821.15168400,0
1791264960000000,85660.00000000,85668.80000000,85660.00000000,85668.79000000,2.34441000,1791265019999999,200824.29561110,616,1.92019000,164485.13680320,0
1791265020000000,85668.80000000,85687.55000000,85668.79000000,85687.55000000,5.39986000,1791265079999999,462682.77922090,741,5.03266000,431219.81885660,0
1791265080000000,85687.55000000,85688.63000000,85682.00000000,85682.52000000,8.94709000,1791265139999999,766647.14005070,738,0.25726000,22043.44141370,0
1791265140000000,85682.52000000,85682.53000000,85652.33000000,85652.33000000,11.55317000,1791265199999999,989732.57446590,682,0.17293000,14816.43436390,0
1791265200000000,85652.34000000,85652.34000000,85602.00000000,85618.00000000,15.13425000,1791265259999999,1295742.08450590,1831,12.01904000,1029000.61364000,0
1791265260000000,85618.01000000,85622.01000000,85618.00000000,85618.05000000,2.19469000,1791265319999999,187906.39841200,386,1.47482000,126271.59020070,0
1791265320000000,85618.05000000,85618.05000000,85580.00000000,85580.01000000,3.87697000,1791265379999999,331905.53111010,956,1.42040000,121610.01716850,0
1791265380000000,85580.00000000,85590.01000000,85580.00000000,85590.01000000,2.26979000,1791265439999999,194268.26231390,451,0.72057000,61670.73783790,0
1791265440000000,85590.01000000,85594.01000000,85590.00000000,85594.00000000,1.04606000,1791265499999999,89534.81660620,510,0.42057000,35997.41185120,0
1791265500000000,85594.01000000,85594.01000000,85564.00000000,85564.00000000,4.14786000,1791265559999999,354953.91794300,1242,0.14307000,12243.07593340,0
1791265560000000,85564.00000000,85564.01000000,85531.34000000,85538.07000000,6.85499000,1791265619999999,586389.17108170,1943,2.83764000,242724.82550110,0
1791265620000000,85538.06000000,85558.01000000,85538.06000000,85558.01000000,1.01931000,1791265679999999,87201.70355220,760,0.77408000,66220.61931290,0
1791265680000000,85558.00000000,85558.95000000,85558.00000000,85558.95000000,0.63289000,1791265739999999,54149.03555260,270,0.17585000,15045.43622780,0
1791265740000000,85558.94000000,85572.36000000,85558.94000000,85570.00000000,3.01340000,1791265799999999,257852.69413120,758,0.81299000,69563.91609450,0
1791265800000000,85570.00000000,85570.01000000,85539.10000000,85539.11000000,4.01263000,1791265859999999,343307.15251300,1247,0.14496000,12401.79896320,0
1791265860000000,85539.11000000,85539.11000000,85530.83000000,85530.84000000,3.29505000,1791265919999999,281846.70515510,473,1.53989000,131720.28734450,0
1791265920000000,85530.84000000,85530.84000000,85524.00000000,85524.01000000,0.79114000,1791265979999999,67662.97143240,490,0.12709000,10869.26607870,0
1791265980000000,85524.00000000,85528.03000000,85512.00000000,85528.03000000,3.82903000,1791266039999999,327453.08830070,1370,1.91834000,164051.50183790,0
1791266040000000,85528.03000000,85544.01000000,85528.02000000,85544.00000000,1.47856000,1791266099999999,126470.08771680,569,1.27900000,109400.10851000,0
1791266100000000,85544.01000000,85544.45000000,85544.00000000,85544.45000000,2.35276000,1791266159999999,201264.58593730,208,1.29995000,111202.99909570,0
1791266160000000,85544.45000000,85556.01000000,85544.45000000,85556.01000000,2.28953000,1791266219999999,195879.79425490,452,2.13738000,182862.44885490,0
1791266220000000,85556.01000000,85556.01000000,85552.00000000,85552.01000000,1.08695000,1791266279999999,92991.88188400,368,0.41941000,35881.37671410,0
1791266280000000,85552.00000000,85552.01000000,85524.01000000,85524.01000000,20.25944000,1791266339999999,1732878.84486960,864,1.14742000,98137.25179380,0
1791266340000000,85524.01000000,85524.01000000,85518.35000000,85518.35000000,1.97477000,1791266399999999,168880.22989660,229,1.50158000,128412.96077530,0
1791266400000000,85518.36000000,85518.36000000,85462.32000000,85462.32000000,8.88759000,1791266459999999,759847.60413000,2817,1.87742000,160530.41529390,0
1791266460000000,85462.32000000,85462.33000000,85429.11000000,85437.36000000,13.82501000,1791266519999999,1181152.14630170,2721,7.57139000,646823.69061290,0
1791266520000000,85437.36000000,85444.39000000,85401.05000000,85435.54000000,15.49864000,1791266579999999,1324018.17028090,2012,1.67318000,142919.44845790,0
1791266580000000,85435.54000000,85435.54000000,85403.49000000,85403.49000000,2.43810000,1791266639999999,208263.50808040,1359,0.37012000,31617.00943730,0
1791266640000000,85403.50000000,85413.96000000,85360.26000000,85369.76000000,6.83880000,1791266699999999,583939.36244210,2372,2.14127000,182813.28977210,0
1791266700000000,85369.76000000,85386.64000000,85361.63000000,85361.63000000,3.83544000,1791266759999999,327455.46742220,1197,1.64422000,140381.01972270,0
1791266760000000,85361.63000000,85361.63000000,85313.71000000,85314.01000000,25.49721000,1791266819999999,2176008.28952550,2258,1.18156000,100818.83273370,0
1791266820000000,85314.00000000,85321.30000000,85308.39000000,85308.40000000,4.91816000,1791266879999999,419597.98548910,992,3.23519000,276011.77915970,0
1791266880000000,85308.40000000,85308.40000000,85294.25000000,85296.42000000,8.09239000,1791266939999999,690279.07277330,1320,1.34203000,114472.70485220,0
1791266940000000,85296.43000000,85355.77000000,85272.14000000,85355.77000000,22.42224000,1791266999999999,1912706.60188290,3075,12.13307000,1034988.07996070,0
1791267000000000,85355.76000000,85360.00000000,85281.00000000,85281.00000000,11.71040000,1791267059999999,999075.79618420,3422,3.09594000,264121.77545110,0
1791267060000000,85281.01000000,85281.01000000,85222.00000000,85269.35000000,17.38516000,1791267119999999,1482144.74116740,2971,3.45024000,294119.39462720,0
1791267120000000,85269.36000000,85287.09000000,85206.33000000,85221.28000000,10.76086000,1791267179999999,917346.27211160,4443,3.67402000,313181.86454370,0
1791267180000000,85221.29000000,85228.35000000,85200.00000000,85200.01000000,15.92667000,1791267239999999,1357038.15802570,2080,7.97965000,679902.97042360,0
1791267240000000,85200.00000000,85208.40000000,85150.00000000,85160.86000000,29.78893000,1791267299999999,2537166.42365430,4689,8.06270000,686723.67810370,0
1791267300000000,85160.86000000,85193.70000000,85141.11000000,85144.36000000,26.19158000,1791267359999999,2230548.65533220,5018,6.42337000,546973.18831660,0
1791267360000000,85144.37000000,85202.20000000,85136.11000000,85201.47000000,15.62477000,1791267419999999,1330587.02361010,3549,9.80150000,834703.45489330,0
1791267420000000,85201.47000000,85234.55000000,85201.47000000,85234.11000000,8.84864000,1791267479999999,754105.59428630,2046,6.71517000,572283.86333630,0
1791267480000000,85234.12000000,85276.69000000,85222.00000000,85276.68000000,9.19066000,1791267539999999,783485.92509580,2220,7.57484000,645737.59874040,0
1791267540000000,85276.69000000,85299.82000000,85276.68000000,85282.75000000,8.15443000,1791267599999999,695499.50106720,1501,2.70493000,230688.23066320,0
1791267600000000,85282.74000000,85290.81000000,85270.33000000,85270.33000000,4.74642000,1791267659999999,404780.38174970,1637,1.83039000,156092.33242760,0
1791267660000000,85270.33000000,85288.10000000,85270.32000000,85281.28000000,8.08499000,1791267719999999,689519.54729030,1159,6.96088000,593653.11373450,0
1791267720000000,85281.27000000,85281.28000000,85239.03000000,85250.60000000,9.24414000,1791267779999999,788142.14645620,2080,5.20615000,443861.63479170,0
1791267780000000,85250.60000000,85251.03000000,85228.01000000,85251.03000000,3.88350000,1791267839999999,331031.05553190,1463,1.89982000,161945.14767600,0
1791267840000000,85251.03000000,85266.18000000,85240.05000000,85261.64000000,4.71069000,1791267899999999,401584.58857100,2672,2.22981000,190078.11335130,0
1791267900000000,85261.64000000,85283.00000000,85261.64000000,85282.99000000,10.57871000,1791267959999999,901990.05589340,707,9.15279000,780391.65442640,0
1791267960000000,85282.99000000,85283.00000000,85268.75000000,85278.86000000,2.06038000,1791268019999999,175704.52677740,643,0.57491000,49025.05532760,0
1791268020000000,85278.86000000,85284.98000000,85278.85000000,85284.98000000,1.61707000,1791268079999999,137904.20912960,275,0.27859000,23758.30360440,0
1791268080000000,85284.98000000,85284.98000000,85267.49000000,85267.49000000,3.12780000,1791268139999999,266729.51589530,907,0.29487000,25145.99451100,0
1791268140000000,85267.50000000,85267.50000000,85237.71000000,85262.57000000,5.28958000,1791268199999999,450935.90063640,1863,2.36794000,201844.91301160,0
1791268200000000,85262.57000000,85267.06000000,85257.02000000,85267.06000000,1.88568000,1791268259999999,160773.28235950,776,0.75089000,64020.85988020,0
1791268260000000,85267.06000000,85274.57000000,85267.06000000,85274.11000000,4.91996000,1791268319999999,419529.81012040,1225,3.19355000,272314.66183810,0
1791268320000000,85274.11000000,85287.85000000,85272.93000000,85287.84000000,2.13574000,1791268379999999,182128.89489140,649,1.52056000,129668.78538960,0
1791268380000000,85287.84000000,85315.22000000,85287.84000000,85315.21000000,8.72753000,1791268439999999,744421.47561610,787,6.89127000,587797.09791520,0
1791268440000000,85315.22000000,85341.17000000,85315.21000000,85326.91000000,5.97735000,1791268499999999,510052.44644220,1674,3.62945000,309699.87916420,0
1791268500000000,85326.92000000,85335.81000000,85303.06000000,85303.06000000,12.01678000,1791268559999999,1025343.76251670,2004,4.10746000,350471.39764940,0
1791268560000000,85303.07000000,85305.26000000,85284.50000000,85305.26000000,7.85326000,1791268619999999,669810.48301210,1520,5.11690000,436408.35955630,0
1791268620000000,85305.25000000,85342.39000000,85296.72000000,85342.39000000,10.19450000,1791268679999999,869729.47477160,1329,9.33920000,796764.09710700,0
1791268680000000,85342.38000000,85350.01000000,85342.38000000,85348.01000000,3.15758000,1791268739999999,269493.69323100,662,2.16662000,184916.92650130,0
1791268740000000,85348.01000000,85358.00000000,85317.37000000,85317.38000000,4.73418000,1791268799999999,404047.36598720,1399,2.79654000,238681.88260920,0
1791268800000000,85317.37000000,85334.40000000,85317.37000000,85334.40000000,7.62864000,1791268859999999,650898.21746460,961,7.26640000,619991.15537720,0
1791268860000000,85334.39000000,85334.39000000,85302.34000000,85302.35000000,6.30320000,1791268919999999,537801.19380740,2107,1.86316000,158959.85395730,0
1791268920000000,85302.34000000,85315.48000000,85298.39000000,85315.48000000,6.48376000,1791268979999999,553100.47222180,1175,5.87802000,501427.70815680,0
1791268980000000,85315.48000000,85325.03000000,85315.48000000,85320.94000000,1.74805000,1791269039999999,149147.91282590,480,1.28794000,109889.84061470,0
1791269040000000,85320.93000000,85345.49000000,85320.93000000,85345.49000000,8.18158000,1791269099999999,698196.71972790,729,7.15806000,610862.94380050,0
1791269100000000,85345.49000000,85354.67000000,85340.22000000,85354.67000000,8.39395000,1791269159999999,716364.85576820,1443,7.04570000,601295.95595690,0
1791269160000000,85354.66000000,85384.00000000,85354.66000000,85384.00000000,2.45604000,1791269219999999,209673.52939000,1307,2.14856000,183425.80524040,0
1791269220000000,85383.99000000,85383.99000000,85383.96000000,85383.97000000,7.91920000,1791269279999999,676172.73360970,574,5.45020000,465359.71443770,0
1791269280000000,85383.97000000,85383.97000000,85368.84000000,85374.69000000,3.21908000,1791269339999999,274843.12257550,1023,2.12587000,181508.30950810,0
1791269340000000,85374.69000000,85378.75000000,85367.22000000,85367.23000000,3.06612000,1791269399999999,261761.41740350,833,0.71774000,61273.92012180,0
1791269400000000,85367.22000000,85367.23000000,85367.22000000,85367.22000000,2.00123000,1791269459999999,170839.44901700,232,0.73364000,62628.81461720,0
1791269460000000,85367.22000000,85367.22000000,85329.06000000,85329.06000000,4.69728000,1791269519999999,400924.42505120,1413,0.36637000,31263.45959250,0
1791269520000000,85329.07000000,85329.07000000,85329.06000000,85329.07000000,0.88374000,1791269579999999,75408.70921800,248,0.57336000,48924.27557520,0
1791269580000000,85329.07000000,85342.00000000,85329.06000000,85342.00000000,2.96492000,1791269639999999,253000.34742680,747,2.78531000,237673.74503980,0
1791269640000000,85341.99000000,85342.00000000,85329.06000000,85333.08000000,4.01010000,1791269699999999,342190.14475980,1142,2.71585000,231744.48385230,0
1791269700000000,85333.09000000,85333.09000000,85320.91000000,85332.82000000,2.29492000,1791269759999999,195815.92822840,1020,1.14819000,97968.58619340,0
1791269760000000,85332.83000000,85354.90000000,85332.83000000,85354.89000000,6.21831000,1791269819999999,530660.63059760,873,5.46299000,466200.03795560,0
1791269820000000,85354.90000000,85354.90000000,85347.18000000,85347.19000000,1.61813000,1791269879999999,138110.84488410,773,0.64163000,54765.13591360,0
1791269880000000,85347.18000000,85347.19000000,85309.99000000,85310.00000000,37.60836000,1791269939999999,3208932.42415480,769,4.05649000,346069.27333460,0
1791269940000000,85310.00000000,85321.12000000,85309.99000000,85310.00000000,23.58393000,1791269999999999,2011984.49894650,743,14.94623000,1275067.23786950,0
1791270000000000,85310.00000000,85310.00000000,85280.00000000,85295.48000000,10.01463000,1791270059999999,854232.63567440,1514,2.58180000,220191.33944470,0
1791270060000000,85295.49000000,85304.68000000,85295.48000000,85303.31000000,3.44494000,1791270119999999,293857.75746320,678,2.29083000,195409.58033560,0
1791270120000000,85303.31000000,85303.32000000,85280.08000000,85288.07000000,4.44546000,1791270179999999,379139.98993840,1835,1.49498000,127498.71450500,0
1791270180000000,85288.06000000,85288.07000000,85286.00000000,85286.00000000,0.75445000,1791270239999999,64345.49091910,324,0.16995000,14494.68704310,0
1791270240000000,85286.00000000,85343.85000000,85286.00000000,85336.74000000,124.21551000,1791270299999999,10597134.84837910,2782,81.98768000,6994205.45155760,0
1791270300000000,85336.75000000,85346.00000000,85329.07000000,85346.00000000,4.55239000,1791270359999999,388492.06259550,1547,3.33669000,284744.35483240,0
1791270360000000,85346.00000000,85358.00000000,85345.99000000,85358.00000000,2.94521000,1791270419999999,251374.92164610,939,1.43780000,122716.52870180,0
1791270420000000,85358.01000000,85370.00000000,85346.00000000,85346.01000000,3.76080000,1791270479999999,321021.55355000,1680,1.28850000,109988.12146410,0
1791270480000000,85346.00000000,85346.00000000,85322.28000000,85334.00000000,2.63693000,1791270539999999,225007.23167770,1168,1.06987000,91287.42469440,0
1791270540000000,85333.99000000,85334.00000000,85298.64000000,85326.78000000,31.67697000,1791270599999999,2702649.81554480,1804,1.25110000,106728.63371780,0
1791270600000000,85326.78000000,85347.50000000,85326.78000000,85347.49000000,2.57999000,1791270659999999,220168.94183210,1094,1.35709000,115811.03099520,0
1791270660000000,85347.49000000,85347.50000000,85340.00000000,85340.00000000,3.78231000,1791270719999999,322784.47741850,749,2.15429000,183847.25462320,0
1791270720000000,85340.00000000,85340.01000000,85325.13000000,85325.13000000,3.17571000,1791270779999999,270983.10751310,840,0.35578000,30359.97983930,0
1791270780000000,85325.13000000,85332.87000000,85325.13000000,85332.87000000,27.40726000,1791270839999999,2338617.99001560,1154,1.08611000,92676.00885440,0
1791270840000000,85333.52000000,85376.01000000,85333.52000000,85376.00000000,9.78168000,1791270899999999,835004.11719420,1426,7.64402000,652532.97175110,0
1791270900000000,85376.01000000,85390.64000000,85376.01000000,85378.61000000,4.07394000,1791270959999999,347846.82833430,2226,1.09978000,93901.15572640,0
1791270960000000,85378.60000000,85395.83000000,85377.53000000,85395.83000000,3.83593000,1791271019999999,327539.59221170,893,3.19148000,272516.72563380,0
1791271020000000,85395.82000000,85410.00000000,85386.70000000,85386.70000000,4.71104000,1791271079999999,402317.82786930,1811,2.82193000,240987.33308470,0
1791271080000000,85386.70000000,85386.70000000,85354.00000000,85356.61000000,4.17625000,1791271139999999,356492.10064770,1962,0.44026000,37579.16229780,0
1791271140000000,85356.60000000,85356.61000000,85339.26000000,85342.01000000,1.77874000,1791271199999999,151815.27630050,1106,0.41028000,35017.11165830,0
1791271200000000,85342.00000000,85358.01000000,85339.29000000,85358.01000000,1.64737000,1791271259999999,140595.89704460,935,1.04118000,88862.46357500,0
1791271260000000,85358.00000000,85360.01000000,85296.81000000,85296.82000000,9.20008000,1791271319999999,784942.89320340,3654,1.15104000,98207.90915560,0
1791271320000000,85296.81000000,85354.01000000,85296.81000000,85354.01000000,6.54484000,1791271379999999,558476.79294480,1555,6.18634000,527881.35205160,0
1791271380000000,85354.01000000,85354.01000000,85329.06000000,85338.00000000,3.68321000,1791271439999999,314308.91803970,1930,1.98361000,169265.84900230,0
1791271440000000,85338.01000000,85338.01000000,85329.06000000,85331.81000000,3.99724000,1791271499999999,341093.35645420,692,2.66314000,227246.82448790,0
1791271500000000,85331.81000000,85331.81000000,85320.62000000,85320.63000000,2.27053000,1791271559999999,193740.51870490,887,0.59754000,50985.65616740,0
1791271560000000,85320.62000000,85320.63000000,85310.04000000,85310.04000000,1.71932000,1791271619999999,146684.76162410,747,0.37571000,32053.35287400,0
1791271620000000,85310.04000000,85310.05000000,85310.04000000,85310.05000000,0.93028000,1791271679999999,79362.22584410,245,0.18329000,15636.47906450,0
1791271680000000,85310.05000000,85310.05000000,85300.00000000,85300.00000000,7.16892000,1791271739999999,611518.24266840,617,5.37159000,458196.74637750,0
1791271740000000,85300.01000000,85307.25000000,85300.00000000,85307.24000000,4.93246000,1791271799999999,420747.02007530,687,4.63977000,395779.35242290,0
1791271800000000,85307.24000000,85312.20000000,85307.24000000,85312.20000000,7.62231000,1791271859999999,650251.87668390,677,7.34843000,626887.49382790,0
1791271860000000,85312.20000000,85312.20000000,85308.00000000,85310.67000000,13.97399000,1791271919999999,1192137.73615430,1433,11.59228000,988950.42056220,0
1791271920000000,85310.67000000,85375.01000000,85310.67000000,85375.00000000,8.99105000,1791271979999999,767445.76209590,2422,8.63506000,737058.75256120,0
1791271980000000,85375.01000000,85408.01000000,85375.00000000,85408.01000000,12.38462000,1791272039999999,1057595.04038110,1960,10.16609000,868132.08203630,0
1791272040000000,85408.01000000,85442.70000000,85408.01000000,85436.30000000,24.81288000,1791272099999999,2119750.09712080,3586,20.01238000,1709650.88171550,0
1791272100000000,85436.30000000,85436.31000000,85410.00000000,85418.00000000,12.98577000,1791272159999999,1109234.36337580,2128,10.12299000,864685.06957920,0
1791272160000000,85418.01000000,85452.20000000,85418.00000000,85452.19000000,9.62592000,1791272219999999,822414.34237700,1818,9.32624000,796810.08064790,0
1791272220000000,85452.20000000,85452.84000000,85419.84000000,85446.81000000,15.42163000,1791272279999999,1317595.24788390,1838,9.90560000,846311.61651320,0
1791272280000000,85446.81000000,85449.01000000,85432.00000000,85449.01000000,11.33756000,1791272339999999,968649.41814550,1642,8.46911000,723572.90406180,0
1791272340000000,85449.01000000,85468.32000000,85449.00000000,85468.31000000,13.05502000,1791272399999999,1115670.86929680,1902,12.19221000,1041930.87656840,0
1791272400000000,85468.32000000,85515.16000000,85468.31000000,85502.01000000,23.73579000,1791272459999999,2029175.45559320,4011,19.12368000,1634819.43710910,0
1791272460000000,85502.01000000,85502.01000000,85502.00000000,85502.00000000,10.56390000,1791272519999999,903234.65988490,830,8.20849000,701842.39406490,0
1791272520000000,85502.01000000,85502.01000000,85495.59000000,85495.60000000,12.43790000,1791272579999999,1063408.54159050,1294,8.56627000,732393.15414820,0
1791272580000000,85495.59000000,85500.23000000,85495.59000000,85500.22000000,9.14887000,1791272639999999,782196.29948430,691,8.19235000,700417.53519570,0
1791272640000000,85500.23000000,85521.98000000,85500.22000000,85521.97000000,10.03084000,1791272699999999,857696.77538190,1617,9.51663000,813729.54382250,0
1791272700000000,85521.98000000,85542.36000000,85521.97000000,85541.99000000,16.79066000,1791272759999999,1436205.08373140,1706,10.96009000,937463.29846960,0
1791272760000000,85542.00000000,85600.00000000,85534.15000000,85599.99000000,19.94018000,1791272819999999,1706038.79528420,3170,14.20269000,1215159.45289990,0
1791272820000000,85600.00000000,85600.00000000,85567.58000000,85573.58000000,19.40283000,1791272879999999,1660666.67368650,1310,7.60963000,651288.95690640,0
1791272880000000,85573.59000000,85573.59000000,85561.36000000,85573.57000000,13.87098000,1791272939999999,1186931.62142450,1101,8.65395000,740515.05536200,0
1791272940000000,85573.58000000,85587.90000000,85569.99000000,85587.90000000,14.57988000,1791272999999999,1247728.54620180,1247,8.07693000,691207.40343710,0
1791273000000000,85587.90000000,85587.90000000,85575.35000000,85575.36000000,13.64628000,1791273059999999,1167859.10845980,1003,5.63756000,482458.43164890,0
1791273060000000,85575.36000000,85586.01000000,85565.18000000,85586.01000000,12.33755000,1791273119999999,1055780.40295310,1043,6.51544000,557555.51576040,0
1791273120000000,85586.01000000,85595.09000000,85574.31000000,85580.28000000,15.51339000,1791273179999999,1327643.12247980,1106,5.80259000,496587.32827340,0
1791273180000000,85580.29000000,85603.21000000,85580.28000000,85603.20000000,9.35329000,1791273239999999,800542.03195150,1175,6.87182000,588155.36459150,0
1791273240000000,85603.21000000,85619.54000000,85603.20000000,85610.01000000,11.50889000,1791273299999999,985332.13481870,1519,7.04611000,603246.18176680,0
1791273300000000,85610.01000000,85635.82000000,85610.00000000,85629.36000000,14.02139000,1791273359999999,1200546.47966070,1272,8.39996000,719220.27351110,0
1791273360000000,85629.37000000,85636.32000000,85629.36000000,85636.31000000,12.27543000,1791273419999999,1051186.46033080,852,7.61323000,651949.95304030,0
1791273420000000,85636.32000000,85636.32000000,85590.88000000,85590.88000000,43.96774000,1791273479999999,3764295.24408030,1904,3.62931000,310772.04906820,0
1791273480000000,85590.88000000,85594.01000000,85569.42000000,85575.74000000,80.94162000,1791273539999999,6927236.22628300,1967,5.92156000,506789.62089500,0
1791273540000000,85575.74000000,85576.01000000,85555.00000000,85555.00000000,59.94556000,1791273599999999,5129100.77460720,1055,3.61881000,309645.65291470,0
1791273600000000,85555.01000000,85606.00000000,85550.00000000,85588.81000000,13.48057000,1791273659999999,1153554.91421240,1776,9.41658000,805764.97204700,0
1791273660000000,85588.80000000,85628.01000000,85588.80000000,85616.02000000,10.41086000,1791273719999999,891360.56166860,1372,3.21161000,274953.93383480,0
1791273720000000,85616.02000000,85634.01000000,85616.01000000,85632.62000000,2.15544000,1791273779999999,184559.63313330,709,1.74904000,149759.36900920,0
1791273780000000,85632.62000000,85632.63000000,85613.92000000,85626.00000000,5.76884000,1791273839999999,493928.50762350,1190,3.78716000,324245.21905300,0
1791273840000000,85626.01000000,85635.51000000,85616.98000000,85623.89000000,4.61335000,1791273899999999,395024.96816690,1001,2.09564000,179435.09021510,0
1791273900000000,85623.89000000,85634.74000000,85615.51000000,85615.52000000,4.84184000,1791273959999999,414574.92366910,723,0.62077000,53154.83282130,0
1791273960000000,85615.52000000,85760.06000000,85615.51000000,85760.06000000,20.45650000,1791274019999999,1752711.12983880,4175,17.63750000,1511237.16706240,0
1791274020000000,85760.05000000,85923.50000000,85760.05000000,85889.84000000,75.51118000,1791274079999999,6483684.32194210,6596,60.51769000,5196080.16225370,0
1791274080000000,85889.85000000,86023.74000000,85862.42000000,85865.21000000,41.34864000,1791274139999999,3554683.14741320,6255,26.46287000,2275070.26045360,0
1791274140000000,85865.21000000,85883.19000000,85804.22000000,85854.68000000,18.28928000,1791274199999999,1569872.25701070,2628,5.09826000,437650.64155410,0
1791274200000000,85854.67000000,85858.59000000,85809.08000000,85842.07000000,7.86501000,1791274259999999,675040.84486670,2625,3.70706000,318151.15581550,0
1791274260000000,85842.07000000,85891.80000000,85800.24000000,85800.24000000,13.36070000,1791274319999999,1147149.78888960,5582,8.12973000,698060.34717260,0
1791274320000000,85800.24000000,85907.41000000,85800.24000000,85852.68000000,9.63261000,1791274379999999,827194.94860230,4574,6.29101000,540210.81582230,0
1791274380000000,85852.69000000,85852.69000000,85805.67000000,85805.68000000,5.58712000,1791274439999999,479572.10190080,1824,2.42970000,208567.01634160,0
1791274440000000,85805.68000000,85805.68000000,85775.48000000,85789.88000000,5.94841000,1791274499999999,510317.42258280,2573,1.37213000,117710.23923060,0
1791274500000000,85788.64000000,85788.64000000,85768.74000000,85768.75000000,6.90238000,1791274559999999,592048.32177460,2501,1.44970000,124345.53109080,0
1791274560000000,85768.74000000,85818.39000000,85768.02000000,85818.39000000,10.01808000,1791274619999999,859364.12971700,1472,7.14150000,612578.22476780,0
1791274620000000,85818.39000000,85824.19000000,85792.00000000,85792.01000000,5.72094000,1791274679999999,490904.46937680,2275,2.23961000,192181.54045950,0
1791274680000000,85792.00000000,85798.00000000,85782.96000000,85798.00000000,2.16543000,1791274739999999,185768.55267000,1097,1.12997000,96938.91207020,0
1791274740000000,85798.00000000,85838.41000000,85797.99000000,85821.63000000,6.47584000,1791274799999999,555800.29425130,1590,2.69026000,230885.06213870,0
1791274800000000,85821.62000000,85835.92000000,85809.93000000,85834.53000000,5.33683000,1791274859999999,458037.93655940,1365,2.19567000,188436.26339810,0
1791274860000000,85834.52000000,85852.33000000,85822.76000000,85837.44000000,4.76760000,1791274919999999,409235.66623100,1104,3.25979000,279805.40367020,0
1791274920000000,85837.44000000,85837.45000000,85818.07000000,85818.08000000,4.82235000,1791274979999999,413905.95644370,1767,1.28808000,110558.12046610,0
1791274980000000,85818.08000000,85874.02000000,85818.07000000,85865.93000000,4.93849000,1791275039999999,423983.16790100,1193,2.69070000,230978.51927760,0
1791275040000000,85865.93000000,85865.93000000,85804.63000000,85842.89000000,16.72250000,1791275099999999,1435111.68905540,3017,2.92845000,251319.76322340,0
1791275100000000,85842.90000000,85842.90000000,85825.81000000,85827.59000000,4.03842000,1791275159999999,346634.24061900,628,0.17802000,15279.45092530,0
1791275160000000,85827.58000000,85883.19000000,85827.58000000,85883.19000000,2.56622000,1791275219999999,220317.46675890,1588,1.98562000,170478.97434690,0
1791275220000000,85883.19000000,85892.23000000,85869.00000000,85882.33000000,5.09744000,1791275279999999,437774.53500910,1544,1.40727000,120854.36614450,0
1791275280000000,85882.33000000,85946.97000000,85882.32000000,85899.94000000,16.65813000,1791275339999999,1431356.38079350,3190,9.92675000,852976.53081930,0
1791275340000000,85899.94000000,85899.95000000,85884.56000000,85884.56000000,5.02451000,1791275399999999,431597.78853960,1002,0.23537000,20217.23501850,0
1791275400000000,85884.56000000,85884.57000000,85830.35000000,85847.54000000,8.12608000,1791275459999999,697657.31781180,2472,1.47560000,126663.44819760,0
1791275460000000,85847.54000000,85870.18000000,85847.54000000,85867.60000000,4.07465000,1791275519999999,349843.99670540,1731,1.70732000,146582.51185940,0
1791275520000000,85867.60000000,85868.68000000,85867.59000000,85868.68000000,1.71728000,1791275579999999,147459.12451890,271,0.36382000,31240.47397350,0
1791275580000000,85868.68000000,85871.12000000,85868.67000000,85871.11000000,3.12947000,1791275639999999,268723.49748830,468,2.22984000,191473.44210620,0
1791275640000000,85871.12000000,85912.51000000,85871.11000000,85883.19000000,7.91268000,1791275699999999,679647.64673700,2033,4.23761000,363942.34066860,0
1791275700000000,85883.19000000,85903.11000000,85830.17000000,85838.61000000,26.41049000,1791275759999999,2267537.89875600,4395,7.71607000,662585.01817010,0
1791275760000000,85838.62000000,85838.62000000,85821.62000000,85821.62000000,10.91096000,1791275819999999,936517.70221580,2004,1.82610000,156738.34585880,0
1791275820000000,85821.62000000,85852.85000000,85816.00000000,85826.09000000,7.25489000,1791275879999999,622698.42489870,2018,3.12348000,268086.47926920,0
1791275880000000,85826.09000000,85850.58000000,85826.08000000,85850.57000000,2.41066000,1791275939999999,206922.31526860,762,0.97915000,84047.65767630,0
1791275940000000,85850.58000000,85850.58000000,85808.44000000,85817.71000000,7.52200000,1791275999999999,645639.07609440,1611,0.70170000,60217.00868460,0
1791276000000000,85817.70000000,85836.24000000,85800.32000000,85836.24000000,3.35076000,1791276059999999,287545.13534760,1751,1.76273000,151270.81017320,0
1791276060000000,85836.23000000,85900.00000000,85836.23000000,85887.99000000,10.53364000,1791276119999999,904567.12640310,1959,7.80436000,670146.41689790,0
1791276120000000,85888.00000000,85924.01000000,85887.99000000,85924.00000000,3.33260000,1791276179999999,286272.56192310,1356,2.81747000,242023.01256760,0
1791276180000000,85924.00000000,85950.02000000,85924.00000000,85949.99000000,14.00523000,1791276239999999,1203650.45076730,2023,12.16783000,1045730.66246860,0
1791276240000000,85949.99000000,85962.01000000,85949.98000000,85962.01000000,2.72752000,1791276299999999,234438.10209290,835,2.12228000,182415.65687480,0
1791276300000000,85962.00000000,85965.80000000,85943.55000000,85965.80000000,5.80636000,1791276359999999,499108.24363640,1359,3.31748000,285173.85302530,0
1791276360000000,85965.79000000,85997.56000000,85965.79000000,85997.56000000,7.90787000,1791276419999999,679909.35362630,1096,4.43572000,381390.54841730,0
1791276420000000,85997.55000000,86027.76000000,85997.55000000,86018.31000000,10.29683000,1791276479999999,885637.39629620,1716,4.95709000,426342.64961740,0
1791276480000000,86018.31000000,86027.76000000,85993.17000000,86005.97000000,9.29973000,1791276539999999,799888.27958120,2473,2.10781000,181302.12459990,0
1791276540000000,86005.98000000,86005.98000000,85959.41000000,85959.42000000,8.78025000,1791276599999999,754976.90563060,2455,1.89576000,163008.83255460,0
1791276600000000,85959.41000000,85959.42000000,85952.28000000,85959.12000000,3.82072000,1791276659999999,328421.17499550,578,0.38426000,33030.20827790,0
1791276660000000,85959.13000000,85959.13000000,85922.50000000,85935.67000000,8.64399000,1791276719999999,742868.66855350,1995,1.87727000,161311.10184290,0
1791276720000000,85935.67000000,85999.97000000,85935.67000000,85999.97000000,9.24237000,1791276779999999,794532.57819230,2778,5.51878000,474426.11760740,0
1791276780000000,85999.96000000,86002.01000000,85977.10000000,86002.01000000,13.50503000,1791276839999999,1161317.57375300,1801,8.20416000,705489.14420640,0
1791276840000000,86002.01000000,86002.01000000,85992.51000000,85996.64000000,5.23897000,1791276899999999,450556.37496630,809,2.04780000,176113.29720760,0
1791276900000000,85996.63000000,86004.49000000,85980.98000000,86002.56000000,12.12218000,1791276959999999,1042487.12402140,1948,7.31955000,629470.19093540,0
1791276960000000,86002.55000000,86002.56000000,85998.97000000,85998.97000000,6.71355000,1791277019999999,577376.10270550,2397,1.66565000,143248.69877850,0
1791277020000000,85998.97000000,86036.01000000,85998.97000000,86036.01000000,8.00129000,1791277079999999,688290.56006300,1653,6.64191000,571351.98333720,0
1791277080000000,86036.00000000,86068.01000000,86030.70000000,86046.80000000,15.68097000,1791277139999999,1349365.45795910,2781,10.60630000,912713.78716080,0
1791277140000000,86046.79000000,86046.80000000,86017.39000000,86026.89000000,13.31090000,1791277199999999,1145216.95667130,2890,4.65095000,400134.23331360,0
1791277200000000,86026.89000000,86039.93000000,86026.88000000,86026.88000000,7.09735000,1791277259999999,610589.85055890,1804,2.16237000,186023.65289720,0
1791277260000000,86026.88000000,86044.36000000,86026.88000000,86037.19000000,13.07480000,1791277319999999,1124874.03482200,1290,8.81786000,758621.79213660,0
1791277320000000,86037.19000000,86065.71000000,86037.19000000,86043.16000000,6.21388000,1791277379999999,534740.57152180,1835,1.33942000,115251.72007830,0
1791277380000000,86043.17000000,86043.17000000,86024.82000000,86027.59000000,7.69993000,1791277439999999,662426.75486830,1221,2.49905000,214981.00758310,0
1791277440000000,86027.59000000,86038.01000000,86013.51000000,86013.51000000,9.59342000,1791277499999999,825306.55655400,1467,2.28724000,196766.42738040,0
1791277500000000,86013.50000000,86019.08000000,86006.90000000,86006.90000000,6.92762000,1791277559999999,595867.27828450,936,0.26393000,22701.94825110,0
1791277560000000,86006.90000000,86006.90000000,85981.62000000,86003.90000000,5.84936000,1791277619999999,503016.11949850,1827,1.66159000,142881.78041850,0
1791277620000000,86003.90000000,86006.01000000,86003.89000000,86006.01000000,1.21502000,1791277679999999,104496.86048360,310,0.62845000,54049.40838880,0
1791277680000000,86006.01000000,86013.50000000,85982.00000000,85982.00000000,7.19985000,1791277739999999,619207.76343860,2050,0.94900000,81621.11035090,0
1791277740000000,85982.01000000,85982.01000000,85941.66000000,85941.66000000,19.19318000,1791277799999999,1649857.75791720,2688,1.98742000,170846.59372920,0
1791277800000000,85941.66000000,85941.67000000,85878.53000000,85889.67000000,24.27520000,1791277859999999,2085585.09649630,4583,1.38507000,118976.18485030,0
1791277860000000,85889.67000000,85964.00000000,85886.45000000,85957.42000000,26.39877000,1791277919999999,2267836.59940650,3151,7.02338000,603476.19322730,0
1791277920000000,85957.43000000,85957.43000000,85909.02000000,85936.30000000,18.47067000,1791277979999999,1587203.51523340,3579,3.21025000,275859.31487940,0
1791277980000000,85936.30000000,85938.95000000,85909.87000000,85912.00000000,8.98141000,1791278039999999,771779.89031580,1962,1.56824000,134741.58604780,0
1791278040000000,85912.01000000,85927.68000000,85912.00000000,85927.67000000,1.61470000,1791278099999999,138738.34390900,677,1.09498000,94083.24625280,0
1791278100000000,85927.67000000,85964.43000000,85927.67000000,85964.42000000,4.18373000,1791278159999999,359573.83835770,1424,2.83487000,243641.07896580,0
1791278160000000,85964.43000000,86010.01000000,85964.42000000,86010.01000000,11.26143000,1791278219999999,968375.42253640,2038,10.58555000,910253.35985820,0
1791278220000000,86010.01000000,86010.01000000,85977.19000000,85977.20000000,8.19460000,1791278279999999,704700.75973470,1577,3.09223000,265946.07607460,0
1791278280000000,85977.20000000,86000.00000000,85977.19000000,86000.00000000,2.85935000,1791278339999999,245862.98323950,894,2.14065000,184070.92975980,0
1791278340000000,85999.99000000,86010.01000000,85999.99000000,86010.01000000,8.00843000,1791278399999999,688744.92913930,1028,7.54046000,648497.77332970,0
1791278400000000,86010.01000000,86060.00000000,86010.00000000,86040.00000000,13.38385000,1791278459999999,1151543.96501840,3142,9.85476000,847895.83390700,0
1791278460000000,86040.01000000,86060.00000000,86039.90000000,86059.99000000,12.09109000,1791278519999999,1040401.98863020,1627,4.67874000,402597.33623690,0
1791278520000000,86059.99000000,86081.64000000,86059.90000000,86081.63000000,12.67868000,1791278579999999,1091245.81029060,3530,9.68010000,833156.57955220,0
1791278580000000,86081.64000000,86110.01000000,86060.82000000,86060.83000000,16.39358000,1791278639999999,1411341.84006500,3450,10.60188000,912777.30042140,0
1791278640000000,86060.82000000,86060.82000000,86022.00000000,86039.73000000,8.43087000,1791278699999999,725443.78554700,1995,1.36374000,117320.17525860,0
1791278700000000,86040.00000000,86129.00000000,85964.01000000,85964.02000000,38.12876000,1791278759999999,3281320.83488970,5946,16.41226000,1412762.27210190,0
1791278760000000,85964.01000000,86096.01000000,85964.01000000,86088.99000000,17.11897000,1791278819999999,1473052.69016870,7980,13.67567000,1176757.93062290,0
1791278820000000,86088.99000000,86088.99000000,85752.00000000,85838.01000000,35.43895000,1791278879999999,3044274.99290880,15006,11.28167000,969140.19135130,0
1791278880000000,85838.01000000,85840.01000000,85736.83000000,85790.01000000,27.22159000,1791278939999999,2335576.01841990,10717,9.61309000,824792.58182340,0
1791278940000000,85790.00000000,85794.00000000,85658.62000000,85777.99000000,27.23613000,1791278999999999,2335118.47851720,12312,8.34765000,715699.33707700,0
1791279000000000,85777.99000000,85840.01000000,85756.00000000,85840.01000000,9.50544000,1791279059999999,815549.82071640,4816,5.94778000,510326.52657190,0
1791279060000000,85840.01000000,85866.01000000,85840.01000000,85866.01000000,5.64791000,1791279119999999,484887.87604490,2114,4.81982000,413797.46224260,0
1791279120000000,85866.00000000,85926.01000000,85866.00000000,85926.01000000,12.76478000,1791279179999999,1096555.70709230,4298,8.88165000,762945.95397260,0
1791279180000000,85926.00000000,85942.85000000,85898.77000000,85898.78000000,10.77021000,1791279239999999,925335.15087500,4156,4.29943000,369392.20881920,0
1791279240000000,85898.78000000,85898.78000000,85860.00000000,85860.00000000,18.67702000,1791279299999999,1604060.76363200,3429,4.25054000,365065.01098780,0
1791279300000000,85860.01000000,85860.01000000,85835.56000000,85858.06000000,16.20877000,1791279359999999,1391562.94246870,3649,9.04276000,776341.57303350,0
1791279360000000,85858.05000000,85890.00000000,85858.05000000,85890.00000000,10.65265000,1791279419999999,914834.49680150,2077,3.77510000,324180.22343890,0
1791279420000000,85890.01000000,85935.00000000,85890.00000000,85935.00000000,9.15099000,1791279479999999,786151.79548680,1106,4.50622000,387127.26584640,0
1791279480000000,85934.99000000,85951.28000000,85920.44000000,85951.27000000,17.46118000,1791279539999999,1500586.32112830,1510,7.86700000,676078.39333200,0
1791279540000000,85951.28000000,85967.74000000,85920.01000000,85920.01000000,14.54039000,1791279599999999,1249775.43114670,3841,2.31023000,198563.71550220,0
1791279600000000,85920.00000000,85920.01000000,85883.99000000,85884.01000000,12.52013000,1791279659999999,1075549.54408200,1195,2.13120000,183080.29611270,0
1791279660000000,85884.00000000,85926.01000000,85884.00000000,85926.00000000,3.70358000,1791279719999999,318163.86777850,1543,3.56649000,306386.65546950,0
1791279720000000,85926.00000000,85926.01000000,85910.24000000,85918.84000000,6.14806000,1791279779999999,528251.09155470,1458,2.48307000,213339.06144410,0
1791279780000000,85918.84000000,85918.84000000,85910.83000000,85910.83000000,5.92214000,1791279839999999,508821.81204280,697,2.22108000,190832.34051720,0
1791279840000000,85910.83000000,85910.83000000,85908.09000000,85908.10000000,5.86816000,1791279899999999,504123.40136500,587,3.50027000,300701.61300840,0
1791279900000000,85908.10000000,85909.87000000,85872.00000000,85909.87000000,4.93398000,1791279959999999,423795.52123310,2492,1.43083000,122892.72125070,0
1791279960000000,85909.86000000,85957.17000000,85909.86000000,85931.11000000,7.30205000,1791280019999999,627526.38934560,2311,2.46310000,211658.41799070,0
1791280020000000,85931.10000000,85991.40000000,85931.10000000,85991.39000000,6.28939000,1791280079999999,540706.71760960,2165,5.08970000,437561.26404950,0
1791280080000000,85991.40000000,85991.40000000,85986.00000000,85988.00000000,4.73105000,1791280139999999,406816.58980750,770,2.31673000,199210.32132130,0
1791280140000000,85988.00000000,85996.35000000,85974.23000000,85996.35000000,5.67471000,1791280199999999,487938.19069450,1307,3.75590000,322956.68888700,0
1791280200000000,85996.35000000,86058.01000000,85996.34000000,86058.00000000,7.69270000,1791280259999999,661662.25758370,2461,6.52150000,560934.46593540,0
1791280260000000,86058.01000000,86229.42000000,86058.00000000,86180.00000000,50.39531000,1791280319999999,4342710.46930110,8775,36.67214000,3159724.36586930,0
1791280320000000,86180.01000000,86180.01000000,86104.00000000,86104.01000000,14.77186000,1791280379999999,1272434.38183580,5071,5.81443000,500821.41915690,0
1791280380000000,86104.01000000,86124.01000000,86043.69000000,86043.70000000,14.27226000,1791280439999999,1228526.09072900,2900,2.38028000,204891.35324850,0
1791280440000000,86043.70000000,86054.01000000,86043.69000000,86046.48000000,5.10167000,1791280499999999,438999.30010500,1210,2.82130000,242770.55401890,0
1791280500000000,86046.48000000,86132.01000000,86036.00000000,86088.01000000,19.10076000,1791280559999999,1644387.32032780,6497,9.92317000,854275.42890820,0
1791280560000000,86088.00000000,86088.01000000,86028.00000000,86028.01000000,9.08864000,1791280619999999,782182.57865750,1845,2.40409000,206913.26203330,0
1791280620000000,86028.00000000,86036.01000000,86018.00000000,86018.01000000,5.57206000,1791280679999999,479350.72220800,1435,1.24506000,107107.58332670,0
1791280680000000,86018.00000000,86018.01000000,86006.32000000,86006.32000000,8.97074000,1791280739999999,771574.85619200,1054,2.32382000,199866.03477550,0
1791280740000000,86006.33000000,86006.33000000,85989.99000000,85992.01000000,4.55312000,1791280799999999,391548.62454910,1007,1.84367000,158541.10136450,0
1791280800000000,85992.00000000,86006.01000000,85974.00000000,85987.40000000,9.50067000,1791280859999999,816963.44989380,2512,4.14331000,356273.17564370,0
1791280860000000,85987.39000000,85987.40000000,85957.75000000,85960.01000000,12.48767000,1791280919999999,1073539.12757450,2100,2.99676000,257614.50198230,0
1791280920000000,85960.01000000,86064.00000000,85960.00000000,86064.00000000,6.81417000,1791280979999999,586141.95481380,3044,5.93491000,510491.31553020,0
1791280980000000,86064.01000000,86067.90000000,86016.32000000,86016.33000000,6.53296000,1791281039999999,562152.50521470,2291,0.68026000,58528.44309970,0
1791281040000000,86016.33000000,86016.33000000,85957.30000000,85957.31000000,13.11333000,1791281099999999,1127687.73923070,2825,1.97865000,170145.60919510,0
1791281100000000,85957.31000000,85998.00000000,85956.46000000,85998.00000000,10.39684000,1791281159999999,893746.00682650,2043,8.77869000,754647.51805720,0
1791281160000000,85998.00000000,86010.01000000,85984.00000000,85984.01000000,4.52583000,1791281219999999,389190.20820270,2028,2.36798000,203628.01479930,0
1791281220000000,85984.01000000,86017.37000000,85984.00000000,86017.37000000,4.05950000,1791281279999999,349133.82437850,1298,2.65973000,228737.54297020,0
1791281280000000,86017.36000000,86041.59000000,86017.36000000,86018.01000000,5.20847000,1791281339999999,448081.42611880,1636,2.82860000,243341.28005080,0
1791281340000000,86018.01000000,86028.01000000,86018.00000000,86028.01000000,2.03239000,1791281399999999,174835.54542380,636,0.87192000,75004.32592380,0
1791281400000000,86028.00000000,86084.58000000,86019.22000000,86084.00000000,15.26861000,1791281459999999,1313834.92982440,4203,10.20066000,877760.01289020,0
1791281460000000,86084.00000000,86139.92000000,86083.99000000,86139.92000000,8.40231000,1791281519999999,723570.90184410,1999,6.71089000,577894.36453710,0
1791281520000000,86139.91000000,86170.00000000,86122.00000000,86122.01000000,12.77951000,1791281579999999,1100828.12396890,3676,4.53466000,390606.16584340,0
1791281580000000,86122.00000000,86144.01000000,86122.00000000,86144.01000000,4.78385000,1791281639999999,412033.57400770,1530,3.19460000,275149.55259790,0
1791281640000000,86144.01000000,86168.29000000,86144.00000000,86168.28000000,4.27541000,1791281699999999,368341.83032370,1220,3.07017000,264506.25054410,0
1791281700000000,86168.28000000,86168.28000000,86064.00000000,86084.01000000,13.54713000,1791281759999999,1166486.15145020,4061,3.87440000,333527.67138490,0
1791281760000000,86084.01000000,86122.01000000,86084.00000000,86104.01000000,5.88296000,1791281819999999,506595.04434030,2201,2.14024000,184289.64455780,0
1791281820000000,86104.01000000,86104.01000000,86096.00000000,86096.01000000,9.01576000,1791281879999999,776276.64493080,1157,1.53547000,132205.56426530,0
1791281880000000,86096.01000000,86096.01000000,86090.00000000,86094.00000000,7.82057000,1791281939999999,673300.18140500,943,2.00697000,172784.46618910,0
1791281940000000,86094.01000000,86094.01000000,86086.00000000,86086.01000000,4.15840000,1791281999999999,357997.89354670,583,1.40648000,121081.83598480,0
1791282000000000,86086.01000000,86086.01000000,86047.02000000,86062.00000000,6.85799000,1791282059999999,590210.06759260,2153,3.12022000,268511.75998260,0
1791282060000000,86062.00000000,86126.01000000,86062.00000000,86126.01000000,5.27662000,1791282119999999,454256.81952820,2043,3.21321000,276622.81305800,0
1791282120000000,86126.01000000,86132.56000000,86124.82000000,86131.36000000,9.18278000,1791282179999999,790904.71646710,1281,5.18700000,446745.61418490,0
1791282180000000,86131.36000000,86131.37000000,86114.00000000,86121.36000000,5.80001000,1791282239999999,499538.53509470,1672,3.43495000,295842.20981970,0
1791282240000000,86121.36000000,86136.01000000,86085.93000000,86088.16000000,36.27761000,1791282299999999,3123697.66552220,2554,11.00944000,947955.27370930,0
1791282300000000,86088.16000000,86104.01000000,86027.71000000,86027.72000000,18.35112000,1791282359999999,1579478.17933180,3449,5.40308000,465040.70725640,0
1791282360000000,86027.72000000,86044.01000000,86027.71000000,86044.00000000,5.94975000,1791282419999999,511882.15005650,1328,4.60905000,396535.55495940,0
1791282420000000,86044.01000000,86091.30000000,86044.00000000,86091.29000000,5.11988000,1791282479999999,440666.86919340,1721,4.38019000,376995.71051740,0
1791282480000000,86091.30000000,86102.62000000,86091.29000000,86102.61000000,3.84371000,1791282539999999,330942.51273070,1022,2.52506000,217407.09522650,0
1791282540000000,86102.62000000,86136.41000000,86102.62000000,86136.40000000,7.69244000,1791282599999999,662499.52001210,1707,6.33776000,545834.06759480,0
1791282600000000,86136.41000000,86139.66000000,86118.00000000,86118.00000000,21.74832000,1791282659999999,1873312.72805360,2272,13.18375000,1135605.60853480,0
1791282660000000,86118.01000000,86118.01000000,86117.95000000,86117.95000000,25.55840000,1791282719999999,2201037.51681940,638,12.29726000,1059014.97885930,0
1791282720000000,86117.95000000,86117.96000000,86110.11000000,86110.11000000,9.01719000,1791282779999999,776504.78354980,1052,2.20155000,189585.04741040,0
1791282780000000,86110.12000000,86110.12000000,86074.00000000,86074.00000000,9.30603000,1791282839999999,801232.30371920,1515,3.17302000,273215.21241180,0
1791282840000000,86074.00000000,86074.00000000,86041.49000000,86060.01000000,8.31321000,1791282899999999,715407.90780350,2017,4.33093000,372686.86080490,0
1791282900000000,86060.00000000,86080.15000000,86060.00000000,86080.15000000,6.94215000,1791282959999999,597475.19521730,1215,5.61290000,483070.97787080,0
1791282960000000,86080.15000000,86088.02000000,86040.00000000,86040.00000000,9.17630000,1791283019999999,789843.48569260,6318,1.55407000,133777.41793920,0
1791283020000000,86040.00000000,86040.01000000,86026.00000000,86026.00000000,2.63547000,1791283079999999,226735.95447590,930,0.17534000,15084.09593100,0
1791283080000000,86026.00000000,86026.01000000,86011.64000000,86011.65000000,3.52632000,1791283139999999,303335.59491100,1040,0.34787000,29923.75680130,0
1791283140000000,86011.64000000,86042.01000000,86008.00000000,86042.00000000,5.26913000,1791283199999999,453273.71883230,1384,3.46505000,298080.03819260,0
1791283200000000,86042.01000000,86071.30000000,86042.00000000,86071.30000000,4.05262000,1791283259999999,348745.69711530,1237,3.54969000,305463.65553930,0
1791283260000000,86071.30000000,86106.02000000,86071.30000000,86106.02000000,4.33405000,1791283319999999,373146.37414620,1419,3.96211000,341124.44886850,0
1791283320000000,86106.02000000,86126.01000000,86106.01000000,86126.01000000,3.07928000,1791283379999999,265178.20150570,921,1.78232000,153488.07797350,0
1791283380000000,86126.01000000,86175.54000000,86126.00000000,86175.54000000,10.12881000,1791283439999999,872560.80611760,1365,8.35560000,719821.65393980,0
1791283440000000,86175.54000000,86200.00000000,86175.54000000,86191.03000000,12.66065000,1791283499999999,1091325.68342940,1937,5.23744000,451448.39831160,0
1791283500000000,86191.04000000,86199.99000000,86182.06000000,86199.98000000,3.19258000,1791283559999999,275155.95698300,980,1.89193000,163055.56832540,0
1791283560000000,86199.98000000,86199.99000000,86171.85000000,86185.09000000,7.19749000,1791283619999999,620301.00061940,2096,2.69838000,232538.85076350,0
1791283620000000,86185.09000000,86185.10000000,86172.00000000,86172.00000000,5.03692000,1791283679999999,434071.61151610,856,1.97503000,170192.60768770,0
1791283680000000,86172.00000000,86207.71000000,86172.00000000,86207.70000000,6.18951000,1791283739999999,533496.74154640,1753,5.52459000,476185.95127100,0
1791283740000000,86207.70000000,86230.00000000,86206.87000000,86230.00000000,11.92992000,1791283799999999,1028577.17450640,1861,8.54808000,736999.21049310,0
1791283800000000,86230.00000000,86230.00000000,86229.99000000,86229.99000000,4.73380000,1791283859999999,408195.56831010,459,4.16481000,359131.56630000,0
1791283860000000,86229.99000000,86230.17000000,86200.83000000,86230.16000000,13.99638000,1791283919999999,1206792.79363970,2567,9.91525000,854917.57506940,0
1791283920000000,86230.16000000,86265.09000000,86222.61000000,86242.52000000,15.69538000,1791283979999999,1353631.03909780,2890,10.35630000,893146.17410220,0
1791283980000000,86242.52000000,86242.53000000,86192.20000000,86192.20000000,14.60524000,1791284039999999,1259250.91051440,2125,8.47142000,730373.76667490,0
1791284040000000,86192.20000000,86197.92000000,86176.00000000,86197.92000000,6.95684000,1791284099999999,599578.89301700,1799,2.24871000,193811.42236460,0
1791284100000000,86197.91000000,86215.91000000,86197.91000000,86200.68000000,5.00348000,1791284159999999,431313.43071060,1357,2.57719000,222158.90015480,0
1791284160000000,86200.68000000,86200.68000000,86180.00000000,86184.00000000,8.88146000,1791284219999999,765516.48199010,1836,2.55882000,220532.62959980,0
1791284220000000,86184.00000000,86184.01000000,86173.80000000,86175.09000000,2.91203000,1791284279999999,250950.40002530,714,0.80215000,69125.56396240,0
1791284280000000,86175.09000000,86175.10000000,86129.46000000,86130.01000000,8.64894000,1791284339999999,745088.66512400,2376,1.68293000,144991.31543310,0
1791284340000000,86130.01000000,86157.15000000,86130.00000000,86157.15000000,5.10272000,1791284399999999,439574.49735450,1277,4.34795000,374558.08394080,0
1791284400000000,86157.15000000,86174.51000000,86157.14000000,86162.01000000,3.74513000,1791284459999999,322707.19212990,1374,1.78538000,153838.50509730,0
1791284460000000,86162.00000000,86170.37000000,86162.00000000,86170.36000000,2.39889000,1791284519999999,206696.05068960,469,0.88440000,76203.37622240,0
1791284520000000,86170.37000000,86172.01000000,86146.31000000,86172.01000000,10.89823000,1791284579999999,939022.17412570,1924,3.62812000,312579.13418850,0
1791284580000000,86172.01000000,86199.32000000,86172.00000000,86191.04000000,3.38884000,1791284639999999,292093.00854410,1360,1.41663000,122093.04021790,0
1791284640000000,86191.03000000,86191.04000000,86158.00000000,86158.01000000,6.81355000,1791284699999999,587110.96739370,1993,1.61903000,139507.68521670,0
1791284700000000,86158.00000000,86158.01000000,86145.62000000,86145.62000000,5.86156000,1791284759999999,504967.45620290,992,2.00902000,173078.85221220,0
1791284760000000,86145.63000000,86168.14000000,86145.62000000,86168.14000000,3.68793000,1791284819999999,317754.72834860,940,2.24723000,193618.23659850,0
1791284820000000,86168.13000000,86168.14000000,86142.01000000,86142.01000000,5.51122000,1791284879999999,474869.60631460,1414,0.75190000,64785.44502030,0
1791284880000000,86142.01000000,86142.02000000,86118.00000000,86118.00000000,3.51753000,1791284939999999,302963.67507010,2089,0.77384000,66649.46625970,0
1791284940000000,86118.01000000,86118.01000000,86084.76000000,86098.49000000,14.53391000,1791284999999999,1251305.66945500,2848,4.42658000,381118.68514400,0
1791285000000000,86098.48000000,86098.49000000,86070.01000000,86093.16000000,13.57827000,1791285059999999,1168847.25204830,3153,5.04355000,434161.58328130,0
1791285060000000,86093.16000000,86126.01000000,86093.16000000,86126.01000000,17.53190000,1791285119999999,1509668.55460750,1497,16.66709000,1435199.69033450,0
1791285120000000,86126.01000000,86172.01000000,86126.00000000,86172.01000000,4.03270000,1791285179999999,347403.17922810,1660,3.29041000,283459.80370090,0
1791285180000000,86172.01000000,86194.01000000,86172.00000000,86194.00000000,2.51494000,1791285239999999,216733.80644320,1030,1.56190000,134602.86089730,0
1791285240000000,86194.00000000,86212.63000000,86184.74000000,86184.74000000,11.52633000,1791285299999999,993647.20262690,1745,2.13434000,183987.83498090,0
1791285300000000,86184.74000000,86333.00000000,86176.66000000,86333.00000000,33.68166000,1791285359999999,2906163.71841790,4987,26.83716000,2315515.56734510,0
1791285360000000,86332.99000000,86378.24000000,86306.39000000,86362.82000000,28.67626000,1791285419999999,2476052.18480450,5654,21.16516000,1827519.76776270,0
1791285420000000,86362.81000000,86362.82000000,86335.20000000,86340.64000000,13.44635000,1791285479999999,1161067.14475060,2840,8.24108000,711595.53893980,0
1791285480000000,86340.64000000,86375.97000000,86340.64000000,86351.66000000,16.59006000,1791285539999999,1432767.00384900,2226,11.43869000,987881.21522820,0
1791285540000000,86351.66000000,86364.01000000,86288.25000000,86288.25000000,20.44167000,1791285599999999,1764752.49051910,3180,6.44242000,556176.48910100,0
1791285600000000,86288.26000000,86298.01000000,86258.00000000,86258.01000000,31.50000000,1791285659999999,2717585.68052780,2341,9.22014000,795473.72622950,0
1791285660000000,86258.00000000,86308.01000000,86258.00000000,86291.54000000,15.79472000,1791285719999999,1362985.38889310,2081,13.41853000,1157916.49035030,0
1791285720000000,86291.53000000,86304.01000000,86291.53000000,86291.55000000,7.78129000,1791285779999999,671509.08447370,895,4.10680000,354395.66070180,0
1791285780000000,86291.56000000,86291.56000000,86286.00000000,86286.00000000,8.56287000,1791285839999999,738899.28172830,675,1.12666000,97219.89173290,0
1791285840000000,86286.00000000,86286.00000000,86260.63000000,86260.63000000,3.46083000,1791285899999999,298586.45122470,1074,1.54136000,132985.80936040,0
1791285900000000,86260.64000000,86260.64000000,86240.64000000,86240.66000000,9.74753000,1791285959999999,840749.71302450,1631,3.10340000,267667.71728420,0
1791285960000000,86240.66000000,86282.07000000,86226.00000000,86282.06000000,33.80218000,1791286019999999,2914992.69601230,3497,23.12295000,1994077.20492860,0
1791286020000000,86282.07000000,86282.07000000,86242.00000000,86242.00000000,8.03872000,1791286079999999,693524.60027850,1645,4.90079000,422830.63224530,0
1791286080000000,86242.00000000,86242.01000000,86216.00000000,86216.01000000,4.11943000,1791286139999999,355207.49151530,974,1.38416000,119350.38421900,0
1791286140000000,86216.00000000,86216.01000000,86199.89000000,86199.89000000,3.33359000,1791286199999999,287377.41312720,775,0.57132000,49249.84235960,0
1791286200000000,86199.89000000,86220.01000000,86180.94000000,86220.00000000,8.68490000,1791286259999999,748615.71280290,1842,4.66817000,402365.06105970,0
1791286260000000,86220.01000000,86233.84000000,86220.00000000,86233.83000000,3.03743000,1791286319999999,261898.25558700,766,2.60463000,224580.23575020,0
1791286320000000,86233.84000000,86264.01000000,86233.83000000,86264.00000000,3.35484000,1791286379999999,289347.54162180,758,2.59543000,223845.47285310,0
1791286380000000,86264.00000000,86299.03000000,86264.00000000,86299.02000000,6.62066000,1791286439999999,571255.13127300,634,5.40456000,466331.95675530,0
1791286440000000,86299.02000000,86299.03000000,86293.05000000,86293.06000000,6.85469000,1791286499999999,591523.04809970,986,3.69779000,319097.43271940,0
1791286500000000,86293.05000000,86293.05000000,86277.50000000,86277.50000000,2.59203000,1791286559999999,223642.66995110,740,0.44071000,38023.92583210,0
1791286560000000,86277.50000000,86280.01000000,86266.00000000,86266.01000000,5.12830000,1791286619999999,442453.23074160,1378,0.83393000,71948.73964250,0
1791286620000000,86266.01000000,86280.79000000,86244.24000000,86280.78000000,4.46461000,1791286679999999,385105.28682190,2235,2.04606000,176490.43007790,0
1791286680000000,86280.79000000,86316.00000000,86280.79000000,86316.00000000,17.97167000,1791286739999999,1550983.46166400,1045,14.10596000,1217358.94708240,0
1791286740000000,86316.00000000,86327.24000000,86310.00000000,86327.24000000,16.84730000,1791286799999999,1454235.29027290,812,15.26149000,1317357.65586690,0
1791286800000000,86327.24000000,86334.01000000,86327.24000000,86334.01000000,4.14195000,1791286859999999,357584.21192070,507,3.45989000,298699.96229230,0
1791286860000000,86334.00000000,86335.16000000,86286.00000000,86296.00000000,14.32715000,1791286919999999,1236492.35200900,2239,6.28979000,542844.20062090,0
1791286920000000,86296.00000000,86296.00000000,86222.00000000,86242.00000000,8.11226000,1791286979999999,699636.35494070,3573,2.69770000,232634.57031180,0
1791286980000000,86242.00000000,86279.90000000,86242.00000000,86279.89000000,2.70123000,1791287039999999,233017.15739000,1153,2.59983000,224270.12740750,0
1791287040000000,86279.90000000,86324.01000000,86279.90000000,86324.00000000,4.37022000,1791287099999999,377153.59530630,1618,4.02062000,346978.34145930,0
1791287100000000,86324.01000000,86334.01000000,86288.00000000,86334.01000000,5.75428000,1791287159999999,496648.64576710,3364,2.57059000,221862.25967710,0
1791287160000000,86334.01000000,86357.60000000,86310.00000000,86318.01000000,10.61612000,1791287219999999,916595.26380640,3344,5.04939000,435963.04614690,0
1791287220000000,86318.01000000,86346.01000000,86317.40000000,86317.41000000,5.17105000,1791287279999999,446447.44399510,2347,3.39187000,292836.19676360,0
1791287280000000,86317.41000000,86334.99000000,86308.00000000,86334.98000000,2.75422000,1791287339999999,237741.82639340,1684,2.25276000,194458.13227070,0
1791287340000000,86334.98000000,86344.01000000,86304.00000000,86304.00000000,3.81000000,1791287399999999,328881.67141080,1649,0.91063000,78617.24180020,0
1791287400000000,86304.00000000,86316.01000000,86300.00000000,86316.01000000,4.67054000,1791287459999999,403077.89026710,981,2.39328000,206547.43215520,0
1791287460000000,86316.01000000,86343.67000000,86316.01000000,86343.67000000,4.04489000,1791287519999999,349200.51353460,1674,2.41316000,208324.67574680,0
1791287520000000,86343.67000000,86343.67000000,86336.47000000,86343.65000000,3.71185000,1791287579999999,320482.06661730,822,2.24252000,193619.33646000,0
1791287580000000,86343.65000000,86343.66000000,86326.00000000,86326.00000000,4.29460000,1791287639999999,370768.31758880,959,0.16738000,14450.57489830,0
1791287640000000,86326.00000000,86326.00000000,86289.70000000,86289.71000000,9.51812000,1791287699999999,821455.81389780,1149,1.40490000,121239.37235780,0
1791287700000000,86289.71000000,86289.71000000,86280.00000000,86280.01000000,4.89176000,1791287759999999,422079.32474040,971,2.48388000,214322.67757150,0
1791287760000000,86280.00000000,86290.01000000,86269.52000000,86269.52000000,3.99225000,1791287819999999,344452.77011060,1598,1.67091000,144168.16726410,0
1791287820000000,86269.52000000,86269.53000000,86252.60000000,86257.40000000,2.14871000,1791287879999999,185341.12038030,1342,1.24987000,107808.73298860,0
1791287880000000,86257.40000000,86260.00000000,86257.40000000,86259.99000000,2.11013000,1791287939999999,182018.40369770,295,0.46515000,40123.11843670,0
1791287940000000,86259.99000000,86260.00000000,86242.00000000,86242.01000000,2.34495000,1791287999999999,202260.13002050,792,0.30198000,26045.97546790,0
1791288000000000,86242.01000000,86280.01000000,86231.76000000,86238.49000000,10.66271000,1791288059999999,919756.84872980,2859,4.93817000,425964.26222930,0
1791288060000000,86238.49000000,86285.52000000,86238.48000000,86285.52000000,12.82533000,1791288119999999,1106260.46459610,1647,4.99636000,431004.29647880,0
1791288120000000,86285.52000000,86292.01000000,86285.51000000,86292.00000000,4.56893000,1791288179999999,394239.12783670,717,1.14625000,98908.10715290,0
1791288180000000,86292.01000000,86294.01000000,86280.00000000,86284.01000000,7.79366000,1791288239999999,672521.26171850,1671,2.04416000,176388.88701570,0
1791288240000000,86284.01000000,86288.01000000,86284.00000000,86288.01000000,1.35300000,1791288299999999,116743.50823180,569,0.96228000,83030.39480890,0
1791288300000000,86288.01000000,86319.15000000,86279.68000000,86316.37000000,8.94482000,1791288359999999,771905.04058130,2434,5.92566000,511334.44342450,0
1791288360000000,86316.37000000,86316.38000000,86265.51000000,86273.44000000,4.58861000,1791288419999999,395921.04154780,1911,1.04133000,89838.54396540,0
1791288420000000,86273.45000000,86300.01000000,86273.44000000,86286.01000000,9.66106000,1791288479999999,833638.47812840,1362,4.24787000,366494.82322370,0
1791288480000000,86286.01000000,86316.01000000,86286.00000000,86316.01000000,3.63102000,1791288539999999,313342.59579890,1101,2.67102000,230493.23936810,0
1791288540000000,86316.00000000,86320.01000000,86316.00000000,86318.01000000,2.20919000,1791288599999999,190693.32356970,481,1.36530000,117849.94119140,0
1791288600000000,86318.00000000,86318.01000000,86300.49000000,86300.49000000,3.22991000,1791288659999999,278777.95410660,963,0.66187000,57127.90202030,0
1791288660000000,86300.49000000,86300.50000000,86300.49000000,86300.50000000,1.97593000,1791288719999999,170523.74327730,222,1.60716000,138698.71158000,0
1791288720000000,86300.50000000,86316.77000000,86299.15000000,86299.15000000,5.34341000,1791288779999999,461170.73149210,1062,2.58842000,223391.99618190,0
1791288780000000,86299.16000000,86299.16000000,86268.01000000,86268.02000000,5.56037000,1791288839999999,479736.60505690,1506,0.99527000,85863.60723440,0
1791288840000000,86268.02000000,86408.72000000,86268.01000000,86382.99000000,54.05385000,1791288899999999,4668820.65778480,5035,40.07017000,3460740.59394780,0
1791288900000000,86382.99000000,86402.79000000,86346.00000000,86346.01000000,9.03041000,1791288959999999,780100.21499780,3546,3.46299000,299153.55647730,0
1791288960000000,86346.01000000,86346.01000000,86312.00000000,86324.01000000,6.40203000,1791289019999999,552721.52849930,2032,1.64547000,142050.87687510,0
1791289020000000,86324.01000000,86324.01000000,86260.00000000,86260.00000000,6.69316000,1791289079999999,577509.81007550,2957,0.37841000,32650.59850830,0
1791289080000000,86260.01000000,86284.01000000,86260.00000000,86268.01000000,7.38234000,1791289139999999,636950.52692010,1822,1.42086000,122577.75622540,0
1791289140000000,86268.01000000,86268.01000000,86230.00000000,86250.01000000,6.62121000,1791289199999999,571044.25973910,2547,1.92900000,166361.51789400,0
1791289200000000,86250.01000000,86296.01000000,86246.00000000,86288.87000000,14.46232000,1791289259999999,1247596.83350850,1951,10.50988000,906668.23024300,0
1791289260000000,86288.88000000,86288.88000000,86249.95000000,86249.96000000,1.95959000,1791289319999999,169053.81098660,1191,0.37004000,31924.16473920,0
1791289320000000,86249.95000000,86256.01000000,86232.39000000,86252.00000000,4.75903000,1791289379999999,410435.82612960,2302,2.28027000,196660.24419660,0
1791289380000000,86252.00000000,86261.27000000,86252.00000000,86256.01000000,2.92646000,1791289439999999,252427.81055920,1111,1.76571000,152304.21946030,0
1791289440000000,86256.01000000,86266.01000000,86168.60000000,86168.61000000,19.78058000,1791289499999999,1705410.76108400,4246,1.49659000,129041.63257520,0
1791289500000000,86168.61000000,86176.01000000,86135.26000000,86152.01000000,10.61298000,1791289559999999,914399.01075340,3635,3.62003000,311897.13196690,0
1791289560000000,86152.01000000,86163.29000000,86140.00000000,86163.29000000,3.11952000,1791289619999999,268748.53322530,1714,2.01766000,173825.17475410,0
1791289620000000,86163.28000000,86183.77000000,86163.28000000,86178.01000000,7.31852000,1791289679999999,630689.34620870,1495,2.73849000,235991.14231660,0
1791289680000000,86178.00000000,86178.01000000,86176.00000000,86176.00000000,3.48636000,1791289739999999,300447.17714760,646,1.97231000,169969.59614400,0
1791289740000000,86176.01000000,86178.00000000,86129.01000000,86148.05000000,10.84389000,1791289799999999,934234.78753800,2042,4.03333000,347494.52344850,0
1791289800000000,86148.05000000,86152.66000000,86120.12000000,86120.12000000,7.06569000,1791289859999999,608634.55224570,2156,2.56921000,221316.53826530,0
1791289860000000,86120.13000000,86189.85000000,86120.13000000,86189.85000000,16.14510000,1791289919999999,1390941.24415790,1568,13.99802000,1205955.89773550,0
1791289920000000,86189.85000000,86196.00000000,86182.01000000,86196.00000000,5.26538000,1791289979999999,453810.21082110,1196,2.61271000,225186.82226640,0
1791289980000000,86195.99000000,86196.00000000,86169.94000000,86169.94000000,2.31938000,1791290039999999,199909.02301430,1362,0.90970000,78410.10906330,0
1791290040000000,86169.95000000,86183.55000000,86166.10000000,86183.55000000,3.38616000,1791290099999999,291790.86872690,1381,2.34705000,202249.78899960,0
1791290100000000,86183.55000000,86200.00000000,86172.75000000,86199.99000000,5.28353000,1791290159999999,455388.59515890,1922,2.75892000,237787.13156250,0
1791290160000000,86199.99000000,86218.00000000,86174.00000000,86174.01000000,14.63925000,1791290219999999,1261973.98039320,2924,7.93899000,684367.11073440,0
1791290220000000,86174.00000000,86187.01000000,86170.00000000,86170.00000000,7.47364000,1791290279999999,644059.64851990,1413,3.90926000,336886.92069070,0
1791290280000000,86170.00000000,86198.00000000,86170.00000000,86198.00000000,7.01806000,1791290339999999,604795.60809740,1475,5.25689000,453030.55791520,0
1791290340000000,86198.00000000,86260.00000000,86198.00000000,86260.00000000,5.28129000,1791290399999999,455403.61975040,1355,3.75630000,323912.06576710,0
1791290400000000,86259.99000000,86278.01000000,86259.99000000,86272.09000000,5.86220000,1791290459999999,505727.67533420,1486,2.41972000,208738.35799900,0
1791290460000000,86272.08000000,86285.32000000,86244.00000000,86280.01000000,15.90538000,1791290519999999,1372013.68451990,3058,10.97177000,946415.95011880,0
1791290520000000,86280.00000000,86285.33000000,86262.00000000,86266.15000000,3.63867000,1791290579999999,313919.83953590,2179,1.43699000,123971.37159760,0
1791290580000000,86266.16000000,86266.16000000,86240.00000000,86240.00000000,5.45390000,1791290639999999,470411.55780560,1151,0.98828000,85240.88992540,0
1791290640000000,86240.00000000,86264.01000000,86240.00000000,86264.00000000,4.04460000,1791290699999999,348855.81370660,1052,3.66117000,315784.10339510,0
1791290700000000,86264.00000000,86264.01000000,86224.00000000,86224.01000000,17.00286000,1791290759999999,1466494.61308360,1738,0.55561000,47919.21869720,0
1791290760000000,86224.00000000,86230.09000000,86204.02000000,86204.02000000,2.79475000,1791290819999999,240967.34142630,1789,1.43833000,124020.29077650,0
1791290820000000,86204.03000000,86204.77000000,86197.88000000,86197.89000000,2.47984000,1791290879999999,213771.64897520,623,1.44700000,124737.66567190,0
1791290880000000,86197.88000000,86197.89000000,86174.35000000,86174.36000000,6.22319000,1791290939999999,536362.16758360,1202,3.59180000,309557.12853390,0
1791290940000000,86174.35000000,86174.36000000,86152.00000000,86170.60000000,7.95264000,1791290999999999,685228.94431510,1993,2.08799000,179901.53073050,0
1791291000000000,86170.60000000,86284.28000000,86170.60000000,86284.28000000,11.91651000,1791291059999999,1027601.03844400,4176,9.13755000,787879.67128250,0
1791291060000000,86284.28000000,86326.01000000,86273.32000000,86326.01000000,12.54019000,1791291119999999,1082171.99399220,3080,6.37438000,550123.57672970,0
1791291120000000,86326.00000000,86326.01000000,86268.86000000,86279.07000000,6.36487000,1791291179999999,549199.48688830,2415,1.50730000,130040.19278820,0
1791291180000000,86279.06000000,86292.01000000,86272.00000000,86292.01000000,5.82083000,1791291239999999,502202.34758500,898,3.69927000,319167.19206650,0
1791291240000000,86292.00000000,86292.01000000,86272.91000000,86272.91000000,2.91513000,1791291299999999,251537.76625770,1118,0.90056000,77708.05676120,0
1791291300000000,86272.91000000,86272.92000000,86226.00000000,86238.01000000,8.11100000,1791291359999999,699482.03033070,2307,4.30196000,370959.58547490,0
1791291360000000,86238.01000000,86238.01000000,86222.00000000,86222.00000000,2.69402000,1791291419999999,232314.64875510,1043,1.05955000,91371.06996260,0
1791291420000000,86222.00000000,86238.01000000,86216.00000000,86234.01000000,9.85379000,1791291479999999,849631.79282410,1124,7.58673000,654161.15415840,0
1791291480000000,86234.00000000,86234.00000000,86216.01000000,86216.02000000,2.22997000,1791291539999999,192276.77311530,854,0.67491000,58191.21543970,0
1791291540000000,86216.01000000,86216.02000000,86214.00000000,86214.01000000,2.90176000,1791291599999999,250178.10534950,417,0.51250000,44185.66609120,0
1791291600000000,86214.00000000,86214.00000000,86148.00000000,86148.00000000,5.84303000,1791291659999999,503543.25690340,3182,0.59692000,51432.90308430,0
1791291660000000,86148.01000000,86228.01000000,86148.00000000,86222.01000000,11.25490000,1791291719999999,969956.66587700,3173,9.39626000,809731.29969680,0
1791291720000000,86222.00000000,86222.01000000,86168.00000000,86168.00000000,11.04014000,1791291779999999,951533.09752960,2764,1.20603000,103948.19061030,0
1791291780000000,86168.00000000,86174.60000000,86160.20000000,86174.01000000,3.10632000,1791291839999999,267666.11104440,1062,1.21430000,104635.64105880,0
1791291840000000,86174.01000000,86182.01000000,86148.01000000,86148.01000000,6.40612000,1791291899999999,551969.02177670,2198,2.09582000,180595.01589490,0
1791291900000000,86148.01000000,86233.44000000,86148.01000000,86208.01000000,24.67094000,1791291959999999,2126322.67026900,2817,21.53332000,1855891.37425600,0
1791291960000000,86208.01000000,86208.01000000,86174.00000000,86174.00000000,3.32134000,1791292019999999,286268.22326310,1450,0.75141000,64766.50661410,0
1791292020000000,86174.01000000,86184.01000000,86156.00000000,86156.01000000,4.92066000,1791292079999999,424027.68543630,1603,1.58232000,136347.48168350,0
1791292080000000,86156.01000000,86156.01000000,86117.95000000,86118.01000000,4.24685000,1791292139999999,365829.50020340,1939,0.92146000,79380.28742410,0
1791292140000000,86118.00000000,86118.01000000,86104.00000000,86113.05000000,7.08778000,1791292199999999,610352.26734320,1191,2.15566000,185629.07230900,0
1791292200000000,86113.06000000,86113.06000000,86084.00000000,86098.49000000,19.63513000,1791292259999999,1690685.18768650,2237,3.54997000,305623.32609220,0
1791292260000000,86098.49000000,86112.01000000,86098.48000000,86112.01000000,3.38836000,1791292319999999,291736.02106010,485,1.51645000,130566.44513160,0
1791292320000000,86112.01000000,86132.80000000,86112.00000000,86132.01000000,2.49738000,1791292379999999,215079.92598430,937,0.98002000,84401.56814570,0
1791292380000000,86132.01000000,86140.00000000,86098.00000000,86098.00000000,2.89932000,1791292439999999,249692.60491030,1480,0.56464000,48631.54684790,0
1791292440000000,86098.00000000,86098.01000000,86084.00000000,86084.95000000,2.01725000,1791292499999999,173657.23492870,667,1.17000000,100718.96854500,0
1791292500000000,86084.95000000,86101.22000000,86084.94000000,86099.25000000,7.16942000,1791292559999999,617215.31229400,774,4.95380000,426477.03095740,0
1791292560000000,86099.24000000,86107.05000000,86084.01000000,86084.02000000,5.04932000,1791292619999999,434743.82908820,1121,2.97817000,256417.86915030,0
1791292620000000,86084.01000000,86084.01000000,86022.00000000,86026.98000000,19.88445000,1791292679999999,1711125.58019150,2797,7.29744000,627881.67592280,0
1791292680000000,86026.97000000,86035.24000000,85977.90000000,86035.24000000,24.70761000,1791292739999999,2125054.71339850,4203,9.19273000,790619.93019910,0
1791292740000000,86035.24000000,86064.45000000,86024.00000000,86064.45000000,8.70152000,1791292799999999,748662.36468970,2480,7.25714000,624391.38443140,0
1791292800000000,86064.44000000,86094.01000000,86064.00000000,86094.00000000,5.70539000,1791292859999999,491121.12949200,2580,4.03200000,347075.57522460,0
1791292860000000,86094.01000000,86118.38000000,86094.00000000,86112.01000000,3.56616000,1791292919999999,307081.88031720,1587,2.27419000,195822.59051460,0
1791292920000000,86112.00000000,86112.01000000,86086.00000000,86090.01000000,3.64745000,1791292979999999,314024.24217750,1737,1.59105000,136976.21458350,0
1791292980000000,86090.00000000,86090.01000000,86086.00000000,86088.71000000,3.18936000,1791293039999999,274566.73585500,675,1.53246000,131927.31780890,0
1791293040000000,86088.71000000,86090.00000000,86076.03000000,86089.99000000,1.74733000,1791293099999999,150412.98865260,1199,1.23923000,106674.28315050,0
1791293100000000,86089.99000000,86094.88000000,86070.00000000,86092.12000000,14.48723000,1791293159999999,1247076.48579990,1953,5.40170000,464990.35459540,0
1791293160000000,86092.12000000,86092.13000000,86070.89000000,86077.22000000,4.56788000,1791293219999999,393185.45262340,1138,2.58499000,222502.07531110,0
1791293220000000,86077.21000000,86077.22000000,86025.55000000,86025.56000000,11.22182000,1791293279999999,965803.02953350,1690,0.95223000,81956.15366090,0
1791293280000000,86025.56000000,86034.37000000,86007.77000000,86030.95000000,7.77852000,1791293339999999,669079.92063970,2019,4.89381000,420935.35015530,0
1791293340000000,86030.71000000,86030.71000000,86014.64000000,86022.08000000,3.89088000,1791293399999999,334704.03049410,1351,2.31656000,199276.91046440,0
1791293400000000,86022.09000000,86056.33000000,86000.89000000,86022.00000000,9.16660000,1791293459999999,788567.65364270,4973,5.17726000,445375.87247990,0
1791293460000000,86022.00000000,86154.32000000,86000.00000000,86119.97000000,20.10828000,1791293519999999,1730845.01522450,7846,14.88244000,1281079.03719280,0
1791293520000000,86119.98000000,86224.01000000,86106.00000000,86190.01000000,27.03125000,1791293579999999,2329330.17055720,8031,18.74875000,1615645.66617010,0
1791293580000000,86190.00000000,86248.01000000,86154.85000000,86248.01000000,16.29355000,1791293639999999,1404242.78902810,5918,12.60793000,1086610.21159650,0
1791293640000000,86248.00000000,86341.79000000,86248.00000000,86328.00000000,26.78019000,1791293699999999,2311126.99843120,7965,21.68401000,1871297.88964670,0
1791293700000000,86328.00000000,86447.47000000,86328.00000000,86391.06000000,66.41961000,1791293759999999,5738887.85732430,10990,50.52966000,4365747.89681680,0
1791293760000000,86391.06000000,86392.01000000,86242.00000000,86338.00000000,17.23766000,1791293819999999,1487484.48743120,11015,7.85937000,678189.40546890,0
1791293820000000,86338.01000000,86354.01000000,86242.00000000,86242.01000000,16.15526000,1791293879999999,1394315.65268940,7572,5.59023000,482515.42007790,0
1791293880000000,86242.00000000,86244.01000000,86130.00000000,86142.00000000,15.97634000,1791293939999999,1376929.11013560,6527,5.36477000,462357.12403490,0
1791293940000000,86142.00000000,86266.01000000,86112.00000000,86266.00000000,22.27033000,1791293999999999,1919324.18675990,9104,16.79306000,1447368.56565790,0
1791294000000000,86266.00000000,86294.01000000,86250.00000000,86274.82000000,9.31653000,1791294059999999,803711.84238960,4571,5.89440000,508481.37632420,0
1791294060000000,86274.82000000,86334.01000000,86254.00000000,86268.77000000,18.47121000,1791294119999999,1593932.99130060,5539,11.33309000,977961.51484620,0
1791294120000000,86268.77000000,86319.73000000,86262.00000000,86310.01000000,17.59914000,1791294179999999,1518559.40324540,5515,11.91155000,1027797.83143080,0
1791294180000000,86310.00000000,86354.01000000,86262.01000000,86332.79000000,15.34819000,1791294239999999,1324630.47973300,5290,7.96969000,687878.64737810,0
1791294240000000,86332.80000000,86374.01000000,86320.01000000,86370.00000000,19.29978000,1791294299999999,1666663.47502380,5683,10.78588000,931395.62981430,0
1791294300000000,86370.00000000,86410.01000000,86324.00000000,86410.00000000,22.95830000,1791294359999999,1982574.41742890,6284,17.06763000,1473913.65946550,0
1791294360000000,86410.00000000,86461.47000000,86370.00000000,86452.00000000,20.05089000,1791294419999999,1732728.16435240,6448,12.55889000,1085390.16720780,0
1791294420000000,86452.00000000,86452.01000000,86350.00000000,86360.01000000,8.86760000,1791294479999999,766064.83615450,5903,3.50928000,303143.21373720,0
1791294480000000,86360.00000000,86402.59000000,86337.71000000,86338.00000000,15.44259000,1791294539999999,1333773.84323770,5533,8.95184000,773183.00635050,0
1791294540000000,86338.00000000,86396.01000000,86320.00000000,86396.01000000,10.27328000,1791294599999999,887187.51030070,3242,7.17278000,619444.60205010,0
1791294600000000,86396.01000000,86486.26000000,86390.61000000,86484.87000000,11.67065000,1791294659999999,1008882.28699780,5358,9.04601000,782006.83828070,0
1791294660000000,86484.86000000,86488.00000000,86396.01000000,86404.02000000,13.06965000,1791294719999999,1130100.85589130,4469,5.24369000,453396.98835820,0
1791294720000000,86404.02000000,86456.00000000,86392.00000000,86426.00000000,12.01781000,1791294779999999,1038684.93685730,4951,7.78959000,673240.25973550,0
1791294780000000,86426.01000000,86436.86000000,86399.46000000,86430.24000000,8.97702000,1791294839999999,775757.58083760,3502,4.44173000,383829.11510980,0
1791294840000000,86430.24000000,86438.01000000,86416.00000000,86436.89000000,10.25150000,1791294899999999,886076.02640930,2704,2.56404000,221611.77231470,0
1791294900000000,86436.89000000,86447.82000000,86412.00000000,86421.27000000,5.45569000,1791294959999999,471536.76031810,3240,2.15924000,186625.01871700,0
1791294960000000,86421.28000000,86423.20000000,86398.00000000,86398.01000000,4.51694000,1791295019999999,390296.09671410,1832,1.65465000,142974.96203290,0
1791295020000000,86398.01000000,86398.01000000,86303.32000000,86303.33000000,11.16260000,1791295079999999,963716.80550790,4389,2.23818000,193198.84822330,0
1791295080000000,86303.33000000,86303.33000000,86259.96000000,86259.97000000,8.90645000,1791295139999999,768471.19992230,3959,3.84198000,331485.35869810,0
1791295140000000,86259.97000000,86324.01000000,86259.96000000,86324.01000000,8.24273000,1791295199999999,711268.55332960,2405,6.35866000,548685.43154510,0
1791295200000000,86324.01000000,86355.98000000,86289.34000000,86355.97000000,10.69757000,1791295259999999,923405.06886730,3517,6.21814000,536786.21433410,0
1791295260000000,86355.97000000,86371.50000000,86262.00000000,86304.01000000,19.83017000,1791295319999999,1711528.70188060,4355,8.75089000,755265.39442100,0
1791295320000000,86304.00000000,86314.01000000,86282.00000000,86314.00000000,5.08134000,1791295379999999,438507.46655760,2422,1.86893000,161280.98447470,0
1791295380000000,86314.00000000,86344.01000000,86314.00000000,86316.00000000,8.82971000,1791295439999999,762222.96787320,2423,5.96716000,515106.38375960,0
1791295440000000,86316.01000000,86350.90000000,86284.00000000,86286.00000000,16.12122000,1791295499999999,1391510.65207030,4376,8.63620000,745464.40288420,0
1791295500000000,86286.01000000,86286.01000000,86210.00000000,86220.00000000,13.06985000,1791295559999999,1127145.71051930,5029,3.55184000,306298.67002120,0
1791295560000000,86220.00000000,86220.01000000,86188.00000000,86188.01000000,10.01708000,1791295619999999,863471.76097930,4638,3.71412000,320161.03083230,0
1791295620000000,86188.01000000,86188.01000000,86156.54000000,86158.01000000,10.43195000,1791295679999999,898989.99416550,2908,5.94258000,512118.65372650,0
1791295680000000,86158.00000000,86262.54000000,86092.30000000,86262.53000000,32.93384000,1791295739999999,2838309.27881250,6408,25.80405000,2224134.34603950,0
1791295740000000,86262.54000000,86262.54000000,86206.00000000,86206.01000000,6.68037000,1791295799999999,576031.87885420,2386,2.75757000,237755.42877800,0
1791295800000000,86206.00000000,86206.01000000,86150.00000000,86151.24000000,6.43862000,1791295859999999,554829.01431560,2745,1.55921000,134352.52684550,0
1791295860000000,86151.39000000,86164.01000000,86119.91000000,86140.11000000,9.58535000,1791295919999999,825748.58566880,3680,4.36604000,376131.84860800,0
1791295920000000,86140.11000000,86200.01000000,86136.00000000,86200.00000000,8.63533000,1791295979999999,744123.43081240,2436,4.98912000,429881.87982440,0
1791295980000000,86200.00000000,86280.01000000,86200.00000000,86268.02000000,9.31247000,1791296039999999,803176.10912680,3505,6.57842000,567361.02082340,0
1791296040000000,86268.02000000,86352.01000000,86268.02000000,86321.73000000,13.41404000,1791296099999999,1157886.46952170,6818,9.31952000,804392.63987350,0
1791296100000000,86321.74000000,86352.05000000,86302.00000000,86330.01000000,5.66158000,1791296159999999,488728.11989160,3509,2.70002000,233075.56782410,0
1791296160000000,86330.01000000,86339.43000000,86272.00000000,86272.00000000,5.66624000,1791296219999999,489040.70782460,3057,1.72107000,148550.55139010,0
1791296220000000,86272.01000000,86272.01000000,86042.83000000,86105.60000000,53.42493000,1791296279999999,4601069.60871710,9403,16.20013000,1394711.52178510,0
1791296280000000,86105.61000000,86135.60000000,86084.00000000,86112.00000000,13.25056000,1791296339999999,1141030.04881740,5565,6.09956000,525237.88973680,0
1791296340000000,86112.01000000,86148.01000000,86112.00000000,86122.00000000,9.82463000,1791296399999999,846242.86141970,3203,4.13189000,355878.20718990,0
1791296400000000,86122.01000000,86122.01000000,86021.19000000,86058.00000000,12.22420000,1791296459999999,1051908.12574540,5732,3.99863000,344101.28292450,0
1791296460000000,86058.00000000,86114.01000000,86058.00000000,86112.00000000,5.43749000,1791296519999999,468127.86382900,2536,3.55663000,306189.53278100,0
1791296520000000,86112.00000000,86186.01000000,86112.00000000,86186.01000000,15.24483000,1791296579999999,1313151.08502560,4715,9.89849000,852661.55001890,0
1791296580000000,86186.00000000,86191.04000000,86100.00000000,86100.00000000,8.25565000,1791296639999999,711216.13516000,2870,2.87959000,248055.48276820,0
1791296640000000,86100.00000000,86100.01000000,85977.90000000,86013.66000000,42.23024000,1791296699999999,3632518.48131560,5256,10.34681000,889909.87001640,0
1791296700000000,86013.66000000,86035.90000000,85950.00000000,86025.74000000,14.82333000,1791296759999999,1274658.71245010,6869,3.63231000,312343.30926520,0
1791296760000000,86025.75000000,86116.01000000,86024.63000000,86116.00000000,18.96589000,1791296819999999,1632137.09414610,5944,11.84215000,1019134.10856880,0
1791296820000000,86116.01000000,86134.01000000,86112.00000000,86113.60000000,8.13721000,1791296879999999,700801.49456990,5247,4.38513000,377657.54125930,0
1791296880000000,86113.61000000,86136.60000000,86099.86000000,86113.22000000,14.71422000,1791296939999999,1267137.90873090,4891,5.94272000,511773.40561430,0
1791296940000000,86113.23000000,86129.69000000,86028.00000000,86028.00000000,10.47173000,1791296999999999,901492.75645030,5124,3.56479000,306904.19282880,0
1791297000000000,86028.01000000,86063.87000000,86020.00000000,86038.42000000,8.29075000,1791297059999999,713393.56074090,4032,3.86621000,332661.46638240,0
1791297060000000,86038.41000000,86069.80000000,86028.21000000,86045.05000000,11.01310000,1791297119999999,947606.97243880,2158,5.32576000,458253.88700930,0
1791297120000000,86045.05000000,86045.05000000,86000.02000000,86041.99000000,29.63686000,1791297179999999,2549439.86063880,4100,9.31881000,801640.87710960,0
1791297180000000,86042.00000000,86118.01000000,86021.21000000,86118.01000000,7.84447000,1791297239999999,675088.31651710,3027,4.78062000,411444.95428200,0
1791297240000000,86118.01000000,86152.01000000,86118.01000000,86121.76000000,9.62172000,1791297299999999,828811.63458550,2587,6.26883000,539989.02096890,0
1791297300000000,86121.75000000,86156.01000000,86102.37000000,86156.00000000,6.19201000,1791297359999999,533295.51702030,2504,3.62593000,312305.66530170,0
1791297360000000,86156.00000000,86216.01000000,86156.00000000,86204.83000000,10.75027000,1791297419999999,926655.85435330,2266,7.56380000,651990.51203980,0
1791297420000000,86204.84000000,86224.01000000,86170.00000000,86170.00000000,17.47393000,1791297479999999,1506216.78660690,4041,13.52676000,1165957.37938340,0
1791297480000000,86170.01000000,86212.51000000,86143.71000000,86212.50000000,6.72394000,1791297539999999,579494.15142620,3085,3.30878000,285161.09006880,0
1791297540000000,86212.50000000,86229.28000000,86212.50000000,86221.56000000,5.57827000,1791297599999999,480969.72989280,1506,4.44235000,383028.57791160,0
1791297600000000,86221.56000000,86240.80000000,86199.72000000,86240.79000000,8.34232000,1791297659999999,719253.36972820,2666,4.63912000,399986.36819430,0
1791297660000000,86240.80000000,86302.56000000,86222.00000000,86302.56000000,12.69301000,1791297719999999,1094779.63356970,3595,6.95436000,599891.12402360,0
1791297720000000,86302.55000000,86370.01000000,86297.72000000,86307.61000000,29.52622000,1791297779999999,2549258.49017860,5382,19.52931000,1686086.00033520,0
1791297780000000,86307.60000000,86314.18000000,86281.18000000,86285.93000000,7.28950000,1791297839999999,629074.58948840,2172,3.03456000,261868.05254140,0
1791297840000000,86285.93000000,86329.55000000,86285.93000000,86314.18000000,7.93609000,1791297899999999,684967.88875720,2493,3.16579000,273227.00964990,0
1791297900000000,86314.17000000,86314.17000000,86234.00000000,86234.00000000,21.81203000,1791297959999999,1882066.41742500,5216,5.08973000,439151.77525030,0
1791297960000000,86234.01000000,86263.10000000,86215.54000000,86255.41000000,7.99197000,1791298019999999,689207.59485720,4539,3.79956000,327646.90984800,0
1791298020000000,86255.42000000,86294.17000000,86254.96000000,86268.65000000,7.83446000,1791298079999999,675900.62217920,5589,3.88125000,334837.77251640,0
1791298080000000,86268.66000000,86279.98000000,86268.65000000,86276.41000000,13.03825000,1791298139999999,1124883.50858120,2709,9.34367000,806135.51760580,0
1791298140000000,86276.42000000,86302.34000000,86266.00000000,86302.33000000,7.24485000,1791298199999999,625066.20058470,3573,4.22168000,364235.84463800,0
1791298200000000,86302.34000000,86328.01000000,86288.00000000,86328.00000000,16.26660000,1791298259999999,1403935.96967330,5331,5.19128000,448046.32743970,0
1791298260000000,86328.01000000,86464.32000000,86328.00000000,86464.32000000,26.69145000,1791298319999999,2306067.35764710,6456,24.86655000,2148426.34272460,0
1791298320000000,86464.32000000,86510.94000000,86458.00000000,86510.94000000,43.22141000,1791298379999999,3738495.56575880,7151,30.31231000,2621844.28625200,0
1791298380000000,86510.93000000,86538.46000000,86430.56000000,86454.53000000,153.71187000,1791298439999999,13297365.09433880,5360,127.97155000,11070847.76033330,0
1791298440000000,86454.53000000,86488.60000000,86372.53000000,86386.01000000,11.77757000,1791298499999999,1017920.96806320,4810,3.93256000,339927.84064790,0
1791298500000000,86386.01000000,86498.88000000,86386.00000000,86498.88000000,15.93416000,1791298559999999,1377609.77214000,3957,11.54316000,997928.53780340,0
1791298560000000,86498.87000000,86518.00000000,86466.00000000,86517.99000000,15.73236000,1791298619999999,1360811.44616490,2883,6.31083000,545910.27921170,0
1791298620000000,86517.99000000,86577.00000000,86495.35000000,86574.08000000,24.64014000,1791298679999999,2132197.78864070,4223,14.97293000,1295746.37863420,0
1791298680000000,86574.07000000,86598.01000000,86524.00000000,86598.00000000,15.50551000,1791298739999999,1342259.82495740,3481,7.57830000,656055.29845240,0
1791298740000000,86598.00000000,86626.49000000,86576.62000000,86595.61000000,28.74856000,1791298799999999,2489816.29806560,3816,22.64893000,1961551.00828610,0
1791298800000000,86595.60000000,86670.60000000,86595.60000000,86670.60000000,141.83681000,1791298859999999,12288125.74538020,4617,117.36807000,10168180.47217490,0
1791298860000000,86670.61000000,86698.99000000,86590.02000000,86655.42000000,65.93244000,1791298919999999,5712581.52177590,5783,29.77764000,2579637.11138100,0
1791298920000000,86655.42000000,86681.86000000,86598.02000000,86660.84000000,29.99843000,1791298979999999,2599336.00147180,4398,6.07434000,526363.61546250,0
1791298980000000,86660.84000000,86678.95000000,86605.80000000,86630.76000000,24.80606000,1791299039999999,2149328.16059920,2465,3.63931000,315330.13775590,0
1791299040000000,86630.76000000,86630.77000000,86531.14000000,86536.00000000,18.27912000,1791299099999999,1582563.88274170,3773,4.36710000,378096.15366460,0
1791299100000000,86536.00000000,86608.01000000,86536.00000000,86608.01000000,13.46256000,1791299159999999,1165678.93329190,3528,8.26310000,715482.17727090,0
1791299160000000,86608.01000000,86613.02000000,86587.01000000,86588.77000000,17.53816000,1791299219999999,1518873.40529770,3825,7.27648000,630138.96815880,0
1791299220000000,86588.76000000,86597.37000000,86571.20000000,86571.20000000,17.39351000,1791299279999999,1505979.08084900,2603,11.03021000,955018.20589560,0
1791299280000000,86571.20000000,86584.66000000,86556.90000000,86576.07000000,6.25289000,1791299339999999,541324.84450050,1569,4.21344000,364759.17211800,0
1791299340000000,86576.08000000,86600.00000000,86560.66000000,86560.67000000,6.47504000,1791299399999999,560625.47954440,2745,2.13125000,184532.63796100,0
1791299400000000,86560.66000000,86584.02000000,86560.66000000,86584.02000000,3.21233000,1791299459999999,278108.76776740,1332,2.22751000,192850.06560210,0
1791299460000000,86584.01000000,86621.56000000,86584.01000000,86609.82000000,27.36099000,1791299519999999,2369706.53564630,1826,10.32842000,894422.13396870,0
1791299520000000,86609.82000000,86630.77000000,86608.72000000,86610.66000000,7.90826000,1791299579999999,685017.47087580,2863,2.08651000,180732.47440500,0
1791299580000000,86610.67000000,86610.67000000,86582.00000000,86607.62000000,6.06016000,1791299639999999,524791.90523750,2121,1.97147000,170725.51882110,0
1791299640000000,86607.61000000,86607.62000000,86587.85000000,86600.05000000,11.52699000,1791299699999999,998225.16438490,1722,2.99207000,259101.90267910,0
1791299700000000,86600.06000000,86600.06000000,86578.00000000,86580.78000000,11.69012000,1791299759999999,1012239.06843770,1690,4.22966000,366233.30438360,0
1791299760000000,86580.79000000,86623.67000000,86556.36000000,86623.67000000,22.88184000,1791299819999999,1981561.65441770,3320,7.80726000,676104.88307160,0
1791299820000000,86623.66000000,86662.00000000,86623.66000000,86631.63000000,10.33441000,1791299879999999,895470.65843560,2963,4.22624000,366181.60569810,0
1791299880000000,86631.62000000,86631.62000000,86557.63000000,86587.74000000,7.26404000,1791299939999999,628950.57932130,2543,3.18466000,275713.55957950,0
1791299940000000,86587.75000000,86587.75000000,86542.27000000,86542.27000000,23.40971000,1791299999999999,2026290.19298270,1903,1.62972000,141073.90134950,0
1791300000000000,86542.28000000,86553.15000000,86495.54000000,86553.15000000,16.17235000,1791300059999999,1399240.05059200,4351,6.50019000,562415.21746600,0
1791300060000000,86553.14000000,86560.45000000,86516.35000000,86516.37000000,8.66600000,1791300119999999,749898.60769480,2452,1.99218000,172393.23260740,0
1791300120000000,86516.38000000,86519.72000000,86490.00000000,86490.01000000,12.97535000,1791300179999999,1122436.13201120,3394,6.93362000,599815.54763340,0
1791300180000000,86490.01000000,86490.01000000,86376.00000000,86376.00000000,19.48438000,1791300239999999,1684041.51006150,5485,4.00180000,345821.63940950,0
1791300240000000,86376.01000000,86376.01000000,86280.00000000,86319.47000000,29.87250000,1791300299999999,2579003.51655590,9484,13.72444000,1184860.58063000,0
1791300300000000,86319.48000000,86357.84000000,86256.00000000,86256.01000000,19.34304000,1791300359999999,1669553.91673860,5057,4.71503000,407023.33245410,0
1791300360000000,86256.00000000,86286.01000000,86242.00000000,86286.00000000,17.29657000,1791300419999999,1492085.61599970,4439,5.77443000,498117.04330480,0
1791300420000000,86286.01000000,86286.01000000,86258.00000000,86271.73000000,8.68111000,1791300479999999,748974.19672410,2520,2.48621000,214499.11452390,0
1791300480000000,86271.72000000,86302.36000000,86271.72000000,86281.99000000,7.80030000,1791300539999999,673082.02619760,2213,3.21423000,277341.74049630,0
1791300540000000,86281.98000000,86294.01000000,86272.10000000,86272.11000000,6.63244000,1791300599999999,572264.85384400,1740,3.39025000,292516.88800860,0
1791300600000000,86272.10000000,86283.36000000,86267.66000000,86280.01000000,13.04900000,1791300659999999,1125805.53855930,2332,5.13011000,442607.44412120,0
1791300660000000,86280.01000000,86280.01000000,86164.24000000,86222.01000000,36.51325000,1791300719999999,3148048.93339400,7252,8.57528000,739098.08890560,0
1791300720000000,86222.00000000,86274.00000000,86208.02000000,86264.01000000,22.64601000,1791300779999999,1952987.28546700,3952,10.14660000,875084.11871500,0
1791300780000000,86264.00000000,86424.01000000,86264.00000000,86397.07000000,23.88411000,1791300839999999,2062380.30002940,5243,19.26344000,1663184.82918250,0
1791300840000000,86397.07000000,86484.00000000,86397.06000000,86462.02000000,17.28171000,1791300899999999,1493757.55674140,4368,9.19471000,794763.06184060,0
1791300900000000,86462.02000000,86462.02000000,86280.00000000,86322.01000000,30.97030000,1791300959999999,2674235.39209780,7058,11.96444000,1033007.80519110,0
1791300960000000,86322.01000000,86346.01000000,86238.01000000,86238.01000000,20.40499000,1791301019999999,1760676.29316130,5164,6.27224000,541138.35774860,0
1791301020000000,86238.01000000,86276.97000000,86212.00000000,86222.37000000,16.06223000,1791301079999999,1385172.01207390,4990,5.11193000,440822.20434220,0
1791301080000000,86222.37000000,86222.38000000,86161.52000000,86202.02000000,33.52579000,1791301139999999,2889181.16508790,5477,19.77889000,1704406.10738800,0
1791301140000000,86202.02000000,86202.03000000,86168.00000000,86185.26000000,12.14327000,1791301199999999,1046603.94859510,2762,4.32221000,372530.47903390,0
1791301200000000,86185.27000000,86194.01000000,86153.84000000,86174.00000000,8.64308000,1791301259999999,744776.73008190,2166,4.11565000,354647.04136330,0
1791301260000000,86174.00000000,86202.01000000,86174.00000000,86194.01000000,5.71264000,1791301319999999,492368.62589480,1377,2.92872000,252419.13965580,0
1791301320000000,86194.00000000,86194.00000000,86162.00000000,86163.40000000,5.85700000,1791301379999999,504704.35140590,1798,2.29616000,197848.17611620,0
1791301380000000,86163.40000000,86163.40000000,86150.00000000,86150.00000000,4.60761000,1791301439999999,396995.29548750,842,1.24893000,107609.81153360,0
1791301440000000,86150.00000000,86150.01000000,86095.68000000,86097.06000000,14.50557000,1791301499999999,1249144.88553770,3100,4.38047000,377190.46617810,0
1791301500000000,86097.07000000,86118.17000000,86074.71000000,86107.46000000,13.29321000,1791301559999999,1144446.73988190,3082,7.94635000,684101.08050560,0
1791301560000000,86107.46000000,86107.47000000,86053.90000000,86067.19000000,12.85744000,1791301619999999,1106819.69143430,3162,3.85013000,331418.93724810,0
1791301620000000,86067.19000000,86096.56000000,86030.00000000,86086.01000000,16.58381000,1791301679999999,1427258.13596650,2789,6.94463000,597649.72842760,0
1791301680000000,86086.01000000,86104.01000000,86052.00000000,86061.19000000,9.73791000,1791301739999999,838139.42151440,2805,1.78887000,153968.96320570,0
1791301740000000,86061.19000000,86061.19000000,86004.30000000,86004.30000000,14.95853000,1791301799999999,1286728.87446790,5097,3.12346000,268672.91036340,0
1791301800000000,86004.31000000,86018.01000000,86000.00000000,86004.00000000,18.67656000,1791301859999999,1606223.21166200,4063,12.27270000,1055460.50060890,0
1791301860000000,86004.00000000,86048.01000000,85990.00000000,86002.01000000,20.56340000,1791301919999999,1768676.97456960,3997,7.91361000,680681.82126700,0
1791301920000000,86002.01000000,86003.52000000,85917.55000000,85954.59000000,32.33589000,1791301979999999,2779148.04780600,5447,11.97676000,1029159.42294750,0
1791301980000000,85954.60000000,85954.60000000,85906.29000000,85954.00000000,12.13095000,1791302039999999,1042378.24982780,3498,7.91827000,680401.99793590,0
1791302040000000,85954.01000000,85970.01000000,85900.00000000,85906.04000000,12.51192000,1791302099999999,1075219.56202010,5191,5.05120000,434122.53674930,0
1791302100000000,85906.03000000,85938.81000000,85877.29000000,85898.03000000,28.27556000,1791302159999999,2428750.75005360,5067,12.08684000,1038182.20545260,0
1791302160000000,85898.03000000,85898.03000000,85888.00000000,85898.02000000,4.73817000,1791302219999999,406969.25927000,1072,2.51686000,216171.85933920,0
1791302220000000,85898.03000000,85898.03000000,85834.45000000,85860.01000000,41.99348000,1791302279999999,3605982.20355740,3609,19.50034000,1674542.54557270,0
1791302280000000,85860.01000000,85860.01000000,85762.00000000,85772.43000000,27.92026000,1791302339999999,2395402.52224210,6170,7.39328000,634183.14612670,0
1791302340000000,85772.43000000,85772.43000000,85720.64000000,85720.65000000,31.75411000,1791302399999999,2722640.76636040,5352,16.04654000,1375840.19181690,0
1791302400000000,85720.65000000,85776.01000000,85713.17000000,85747.06000000,20.30902000,1791302459999999,1741430.12592750,5458,14.52414000,1245375.49172630,0
1791302460000000,85747.05000000,85832.44000000,85711.00000000,85711.00000000,31.64305000,1791302519999999,2714630.09856750,6542,22.55644000,1935262.11396130,0
1791302520000000,85711.01000000,85808.01000000,85711.00000000,85793.33000000,23.01498000,1791302579999999,1973639.83004740,4578,19.94277000,1710123.96651210,0
1791302580000000,85793.33000000,85838.01000000,85780.40000000,85822.01000000,15.94967000,1791302639999999,1368644.01078320,4715,12.45328000,1068600.26704370,0
1791302640000000,85822.00000000,85823.57000000,85738.00000000,85780.00000000,16.42544000,1791302699999999,1409105.43339270,5643,6.27941000,538683.66255840,0
1791302700000000,85780.00000000,85780.00000000,85730.00000000,85756.00000000,6.52921000,1791302759999999,559836.35481170,2995,4.37540000,375145.39256810,0
1791302760000000,85756.01000000,85844.01000000,85756.00000000,85844.00000000,8.52396000,1791302819999999,731445.88069730,4859,5.58964000,479621.92429570,0
1791302820000000,85844.01000000,85854.01000000,85820.00000000,85854.01000000,113.76710000,1791302879999999,9766530.62542830,2903,32.36310000,2778099.27507010,0
1791302880000000,85854.30000000,85854.30000000,85760.54000000,85760.54000000,12.53173000,1791302939999999,1075513.93275100,5075,2.69260000,231093.74340330,0
1791302940000000,85760.54000000,85778.01000000,85728.00000000,85728.00000000,15.97715000,1791302999999999,1370298.46514550,3820,7.90409000,677950.70295760,0
1791303000000000,85728.01000000,85766.43000000,85728.00000000,85766.42000000,6.38736000,1791303059999999,547711.22172040,3285,4.32615000,370958.74549200,0
1791303060000000,85766.42000000,85776.01000000,85748.52000000,85776.00000000,4.11879000,1791303119999999,353228.51276060,1791,1.86571000,160009.24033360,0
1791303120000000,85776.01000000,85786.01000000,85744.75000000,85744.76000000,3.64158000,1791303179999999,312338.84746230,1869,1.04528000,89660.05660100,0
1791303180000000,85744.75000000,85753.89000000,85744.75000000,85746.00000000,6.54256000,1791303239999999,561024.28197110,1450,1.99779000,171301.61293290,0
1791303240000000,85746.01000000,85802.01000000,85746.00000000,85800.77000000,10.95065000,1791303299999999,939286.28823580,2719,6.18981000,530931.64771510,0
1791303300000000,85800.76000000,85800.76000000,85748.15000000,85786.01000000,8.78913000,1791303359999999,753812.23666810,3114,1.90300000,163212.86830440,0
1791303360000000,85786.00000000,85786.01000000,85668.43000000,85740.02000000,30.60364000,1791303419999999,2623247.75527430,6329,6.12957000,525408.93975980,0
1791303420000000,85740.02000000,85744.01000000,85667.96000000,85720.50000000,7.06924000,1791303479999999,605826.83487170,4343,2.46315000,211077.10554800,0
1791303480000000,85720.50000000,85778.01000000,85716.00000000,85778.01000000,6.50555000,1791303539999999,557796.53528610,2397,5.31230000,455499.29695230,0
1791303540000000,85778.01000000,85800.00000000,85764.00000000,85786.01000000,11.42191000,1791303599999999,979825.79040590,2766,6.12735000,525605.18620780,0
1791303600000000,85786.01000000,85800.00000000,85693.15000000,85693.15000000,14.79727000,1791303659999999,1268662.11895780,3838,3.22097000,276139.19589290,0
1791303660000000,85693.15000000,85738.17000000,85658.80000000,85714.00000000,14.22738000,1791303719999999,1219114.19651220,5571,6.94904000,595398.76319500,0
1791303720000000,85714.01000000,85728.01000000,85690.00000000,85690.00000000,9.03173000,1791303779999999,774084.39139840,3182,2.59446000,222369.75284340,0
1791303780000000,85690.01000000,85704.01000000,85680.00000000,85692.06000000,7.56889000,1791303839999999,648593.69093140,3230,2.58870000,221836.97583710,0
1791303840000000,85692.06000000,85740.01000000,85672.00000000,85738.01000000,7.05726000,1791303899999999,604894.46946880,2611,5.48879000,470486.34549790,0
1791303900000000,85738.01000000,85776.01000000,85731.26000000,85776.01000000,6.07090000,1791303959999999,520578.16017300,2252,4.50860000,386611.12773970,0
1791303960000000,85776.00000000,85800.00000000,85760.06000000,85784.01000000,7.45465000,1791304019999999,639441.70352490,3326,3.40001000,291631.89421860,0
1791304020000000,85784.00000000,85784.01000000,85764.00000000,85764.00000000,3.50627000,1791304079999999,300740.39800070,2035,1.02527000,87934.78943100,0
1791304080000000,85764.01000000,85771.51000000,85744.43000000,85744.43000000,10.70131000,1791304139999999,917749.89017220,1960,6.85691000,588065.06976500,0
1791304140000000,85744.44000000,85766.01000000,85704.77000000,85718.00000000,14.38710000,1791304199999999,1233496.57479210,4185,3.82356000,327809.96843210,0
1791304200000000,85718.00000000,85744.20000000,85710.00000000,85734.00000000,16.62750000,1791304259999999,1425542.26494860,3445,10.86106000,931170.65840330,0
1791304260000000,85734.00000000,85767.39000000,85652.00000000,85659.90000000,20.56978000,1791304319999999,1763280.69303920,4647,5.52166000,473407.81738900,0
1791304320000000,85659.90000000,85698.01000000,85658.01000000,85668.00000000,10.12186000,1791304379999999,867263.71984410,2754,3.61711000,309909.40217070,0
1791304380000000,85668.00000000,85671.67000000,85650.00000000,85650.02000000,10.08250000,1791304439999999,863668.37534230,1965,3.82245000,327430.44717890,0
1791304440000000,85650.01000000,85654.01000000,85619.55000000,85630.01000000,11.61859000,1791304499999999,995008.80029450,3592,3.70453000,317250.63678680,0
1791304500000000,85630.01000000,85630.02000000,85598.01000000,85598.01000000,11.73841000,1791304559999999,1004946.45686310,3055,3.35862000,287512.12154850,0
1791304560000000,85598.01000000,85618.01000000,85574.00000000,85591.19000000,14.57541000,1791304619999999,1247556.31936160,4134,6.66727000,570681.32465200,0
1791304620000000,85591.20000000,85631.00000000,85580.00000000,85580.00000000,14.02949000,1791304679999999,1201065.61578080,3133,7.30832000,625730.06924660,0
1791304680000000,85580.00000000,85594.01000000,85572.00000000,85587.42000000,23.42404000,1791304739999999,2004708.46553240,2590,5.93503000,507933.44105470,0
1791304740000000,85587.42000000,85623.93000000,85587.41000000,85620.01000000,11.25910000,1791304799999999,963883.97819360,2047,2.52934000,216524.30246990,0
1791304800000000,85620.01000000,85636.01000000,85620.00000000,85636.01000000,3.62043000,1791304859999999,310004.04613680,1082,1.99625000,170928.37021640,0
1791304860000000,85636.01000000,85641.54000000,85636.00000000,85637.89000000,2.28510000,1791304919999999,195694.53162980,1116,1.02236000,87553.20295180,0
1791304920000000,85637.89000000,85641.74000000,85630.00000000,85630.01000000,10.63174000,1791304979999999,910508.76169320,1218,2.15967000,184950.58506970,0
1791304980000000,85630.00000000,85681.44000000,85630.00000000,85681.43000000,72.56537000,1791305039999999,6214727.31434620,1713,68.58238000,5873585.97360240,0
1791305040000000,85681.43000000,85722.01000000,85673.52000000,85718.93000000,4.25841000,1791305099999999,364925.28443960,2038,2.91667000,249948.01476700,0
1791305100000000,85718.92000000,85718.92000000,85686.00000000,85700.00000000,6.17322000,1791305159999999,529082.74665400,2469,1.49993000,128536.54923580,0
1791305160000000,85700.01000000,85740.01000000,85691.43000000,85691.43000000,7.27076000,1791305219999999,623254.55867540,3272,1.96150000,168135.06820250,0
1791305220000000,85691.43000000,85704.74000000,85680.19000000,85680.20000000,4.91444000,1791305279999999,421113.88441320,1686,1.89235000,162159.17080850,0
1791305280000000,85680.20000000,85680.20000000,85664.00000000,85664.01000000,2.59717000,1791305339999999,222508.50955080,1225,0.50916000,43620.84253850,0
1791305340000000,85664.00000000,85664.01000000,85650.00000000,85650.39000000,5.74555000,1791305399999999,492154.11701650,1792,1.21963000,104474.52268350,0
1791305400000000,85650.40000000,85674.01000000,85650.40000000,85674.00000000,4.02374000,1791305459999999,344707.65560100,1758,2.31289000,198137.55054310,0
1791305460000000,85674.00000000,85692.01000000,85660.28000000,85692.00000000,2.37128000,1791305519999999,203156.82293170,1474,1.58346000,135661.41632610,0
1791305520000000,85692.01000000,85722.01000000,85692.00000000,85696.52000000,7.26658000,1791305579999999,622799.67674770,2156,2.88289000,247083.97600460,0
1791305580000000,85696.52000000,85699.56000000,85688.10000000,85698.48000000,3.81975000,1791305639999999,327329.46812510,1276,2.04539000,175274.91553100,0
1791305640000000,85698.48000000,85698.49000000,85661.35000000,85661.36000000,3.78766000,1791305699999999,324511.65832310,1801,1.64392000,140841.57658270,0
1791305700000000,85661.36000000,85676.68000000,85646.42000000,85646.84000000,12.28845000,1791305759999999,1052569.01883250,2465,8.65246000,741103.17455070,0
1791305760000000,85646.84000000,85646.85000000,85624.00000000,85624.00000000,7.11008000,1791305819999999,608913.74903700,1196,3.77847000,323607.73447980,0
1791305820000000,85624.00000000,85624.00000000,85587.23000000,85587.23000000,4.24782000,1791305879999999,363627.77903630,2425,1.17548000,100616.95867630,0
1791305880000000,85587.23000000,85595.99000000,85587.22000000,85595.98000000,3.14132000,1791305939999999,268863.96766880,620,2.26788000,194106.76277160,0
1791305940000000,85595.98000000,85595.99000000,85587.22000000,85587.22000000,4.36370000,1791305999999999,373497.29937150,1889,0.72892000,62390.78130790,0
1791306000000000,85587.22000000,85626.70000000,85585.99000000,85607.52000000,9.02224000,1791306059999999,772375.78037680,2757,6.93911000,594028.73207390,0
1791306060000000,85607.52000000,85613.79000000,85607.51000000,85612.01000000,2.88618000,1791306119999999,247087.19779310,809,1.99744000,171001.00922610,0
1791306120000000,85612.01000000,85612.01000000,85571.00000000,85571.01000000,4.52002000,1791306179999999,386865.61290990,1684,1.08010000,92439.58694990,0
1791306180000000,85571.00000000,85593.27000000,85558.00000000,85593.27000000,8.41404000,1791306239999999,720021.32393930,2084,5.56092000,475887.17762120,0
1791306240000000,85593.27000000,85593.27000000,85532.38000000,85533.67000000,30.21558000,1791306299999999,2584807.63668900,3536,16.16279000,1382520.39219070,0
1791306300000000,85533.67000000,85576.92000000,85533.66000000,85566.01000000,4.95468000,1791306359999999,423962.81329420,2365,3.13181000,267975.81667060,0
1791306360000000,85566.00000000,85593.57000000,85566.00000000,85593.56000000,5.71755000,1791306419999999,489316.31462530,1520,3.62296000,310046.24566370,0
1791306420000000,85593.57000000,85616.01000000,85588.60000000,85616.01000000,6.05242000,1791306479999999,518093.80405530,2537,3.51729000,301092.11055350,0
1791306480000000,85616.00000000,85616.01000000,85610.00000000,85610.00000000,3.86423000,1791306539999999,330823.97080130,698,2.54889000,218213.02778150,0
1791306540000000,85610.00000000,85650.00000000,85610.00000000,85649.99000000,3.80644000,1791306599999999,325938.25469190,1261,3.29722000,282333.80120320,0
1791306600000000,85649.99000000,85650.00000000,85602.00000000,85602.00000000,5.26992000,1791306659999999,451270.18362770,1616,1.46290000,125275.06701670,0
1791306660000000,85602.00000000,85602.01000000,85559.52000000,85559.52000000,8.28981000,1791306719999999,709444.85559630,2588,1.18680000,101574.80821320,0
1791306720000000,85559.53000000,85559.53000000,85513.89000000,85513.89000000,4.78491000,1791306779999999,409299.34633180,1720,0.73030000,62466.10158610,0
1791306780000000,85513.90000000,85530.79000000,85512.00000000,85530.78000000,3.59179000,1791306839999999,307148.57842350,990,3.29690000,281931.13801860,0
1791306840000000,85530.79000000,85545.31000000,85530.78000000,85545.31000000,3.69283000,1791306899999999,315867.87020780,482,2.17591000,186111.58950740,0
1791306900000000,85545.31000000,85559.53000000,85535.74000000,85535.75000000,6.41374000,1791306959999999,548668.28199530,1376,2.88273000,246605.76806590,0
1791306960000000,85535.75000000,85548.01000000,85534.00000000,85548.01000000,9.51950000,1791307019999999,814280.02560950,1147,7.87949000,673994.25974610,0
1791307020000000,85548.01000000,85558.16000000,85524.29000000,85524.29000000,4.41454000,1791307079999999,377648.45798960,1254,0.96692000,82722.85496350,0
1791307080000000,85524.29000000,85524.29000000,85505.68000000,85508.97000000,7.08450000,1791307139999999,605786.09814450,1960,2.74257000,234511.36802900,0
1791307140000000,85508.96000000,85524.75000000,85505.19000000,85505.19000000,6.87770000,1791307199999999,588140.51494870,1757,3.38631000,289568.65520480,0
1791307200000000,85505.20000000,85505.20000000,85478.00000000,85505.19000000,17.73454000,1791307259999999,1516220.58661100,2498,4.23185000,361769.12803860,0
1791307260000000,85505.20000000,85512.01000000,85487.01000000,85512.00000000,6.04759000,1791307319999999,517048.34053450,2943,3.35349000,286711.65774630,0
1791307320000000,85512.01000000,85512.35000000,85490.00000000,85497.24000000,4.73632000,1791307379999999,404976.59103340,1094,2.00535000,171469.82711240,0
1791307380000000,85497.23000000,85516.10000000,85485.40000000,85516.09000000,4.47559000,1791307439999999,382667.79250640,1891,2.44993000,209464.93567270,0
1791307440000000,85516.10000000,85548.53000000,85516.09000000,85548.52000000,3.72896000,1791307499999999,318956.03233770,1027,3.39137000,290080.56328510,0
1791307500000000,85548.53000000,85586.45000000,85548.52000000,85586.45000000,3.19782000,1791307559999999,273614.42470060,1011,2.92590000,250349.24430840,0
1791307560000000,85586.45000000,85619.43000000,85586.44000000,85616.23000000,13.40177000,1791307619999999,1147296.57432680,1644,10.27756000,879817.91353260,0
1791307620000000,85616.23000000,85616.23000000,85602.00000000,85616.23000000,10.53379000,1791307679999999,901815.01571010,1252,5.10848000,437328.86988260,0
1791307680000000,85616.23000000,85658.83000000,85616.22000000,85646.01000000,4.48699000,1791307739999999,384250.96931690,1670,3.59095000,307505.78058780,0
1791307740000000,85646.01000000,85646.02000000,85629.73000000,85634.53000000,8.00624000,1791307799999999,685622.44962890,1069,4.03649000,345666.83775550,0
1791307800000000,85634.53000000,85634.53000000,85560.10000000,85560.11000000,10.63381000,1791307859999999,910356.61274200,2140,2.74778000,235265.13589510,0
1791307860000000,85560.11000000,85568.01000000,85560.10000000,85562.23000000,3.25725000,1791307919999999,278696.25495780,721,2.62306000,224433.59113690,0
1791307920000000,85562.24000000,85595.39000000,85562.23000000,85595.38000000,7.16582000,1791307979999999,613255.32535940,1036,6.54854000,560430.44809190,0
1791307980000000,85595.39000000,85595.39000000,85595.38000000,85595.39000000,1.89889000,1791308039999999,162536.22140090,325,1.02727000,87929.57628530,0
1791308040000000,85595.39000000,85631.84000000,85595.38000000,85631.83000000,4.20874000,1791308099999999,360311.64669940,997,3.90451000,334264.57946960,0
1791308100000000,85631.84000000,85631.84000000,85621.64000000,85622.00000000,2.17371000,1791308159999999,186121.12556450,502,1.15016000,98479.92658780,0
1791308160000000,85622.00000000,85641.02000000,85548.00000000,85573.94000000,17.98748000,1791308219999999,1539746.73341780,5369,4.10878000,351611.39589500,0
1791308220000000,85573.93000000,85610.01000000,85573.93000000,85610.01000000,4.26808000,1791308279999999,365332.44004290,1789,3.18036000,272227.76954200,0
1791308280000000,85610.00000000,85612.01000000,85575.34000000,85592.01000000,7.22123000,1791308339999999,618086.97444040,2223,3.46304000,296398.63978430,0
1791308340000000,85592.00000000,85592.01000000,85554.00000000,85570.01000000,5.28925000,1791308399999999,452556.71310980,1893,3.01482000,257941.65077680,0
1791308400000000,85570.01000000,85575.35000000,85570.00000000,85575.34000000,1.94377000,1791308459999999,166332.09773150,366,1.66679000,142629.74310330,0
1791308460000000,85575.35000000,85575.35000000,85555.00000000,85555.01000000,7.71852000,1791308519999999,660434.16989490,1158,0.56130000,48031.11345460,0
1791308520000000,85555.00000000,85555.01000000,85524.08000000,85524.09000000,5.07860000,1791308579999999,434400.78999340,2527,0.15085000,12903.00459910,0
1791308580000000,85524.08000000,85585.01000000,85524.08000000,85585.01000000,5.71049000,1791308639999999,488537.74823210,1586,4.31133000,368814.89682710,0
1791308640000000,85585.00000000,85600.03000000,85585.00000000,85600.03000000,3.04508000,1791308699999999,260641.68341630,627,1.86334000,159489.50378620,0
1791308700000000,85600.03000000,85613.76000000,85590.61000000,85590.62000000,5.54060000,1791308759999999,474308.10053970,1921,1.03800000,88857.75859380,0
1791308760000000,85590.61000000,85590.62000000,85590.61000000,85590.61000000,1.07554000,1791308819999999,92056.12976420,453,0.50848000,43521.11845760,0
1791308820000000,85590.61000000,85590.62000000,85552.82000000,85552.82000000,8.16945000,1791308879999999,699004.23764540,4233,0.27759000,23752.74234610,0
1791308880000000,85552.82000000,85552.83000000,85545.06000000,85552.82000000,5.85088000,1791308939999999,500545.31933080,2100,1.60487000,137292.65579110,0
1791308940000000,85552.82000000,85562.01000000,85546.00000000,85562.01000000,7.20909000,1791308999999999,616749.46613340,1203,6.69471000,572743.56406910,0
1791309000000000,85562.01000000,85608.00000000,85562.01000000,85608.00000000,4.27354000,1791309059999999,365765.56299390,1120,4.07914000,349126.05750970,0
1791309060000000,85608.00000000,85636.17000000,85607.99000000,85636.17000000,8.17442000,1791309119999999,699917.31436040,1106,7.21453000,617727.00857360,0
1791309120000000,85636.17000000,85698.49000000,85636.16000000,85686.87000000,5.98979000,1791309179999999,513113.90688530,2417,5.12708000,439189.42549020,0
1791309180000000,85686.88000000,85736.76000000,85686.87000000,85731.94000000,10.34731000,1791309239999999,886990.71300180,2450,6.18608000,530267.76769950,0
1791309240000000,85731.93000000,85745.37000000,85730.00000000,85739.69000000,7.12248000,1791309299999999,610648.12854320,2131,4.34075000,372154.39985550,0
1791309300000000,85739.70000000,85739.70000000,85730.76000000,85730.76000000,8.74607000,1791309359999999,749878.81112070,1449,4.87620000,418083.79870940,0
1791309360000000,85730.76000000,85730.77000000,85706.43000000,85706.43000000,11.33873000,1791309419999999,972031.91660970,3495,0.73108000,62675.32543690,0
1791309420000000,85706.43000000,85706.44000000,85696.41000000,85696.42000000,8.16098000,1791309479999999,699410.84758390,3873,0.19927000,17077.45403520,0
1791309480000000,85696.41000000,85696.42000000,85693.27000000,85693.27000000,5.51533000,1791309539999999,472629.14098730,1228,0.37214000,31889.91819440,0
1791309540000000,85693.28000000,85719.43000000,85693.28000000,85719.42000000,15.56431000,1791309599999999,1333985.44134580,1550,3.55417000,304611.28822520,0
1791309600000000,85719.43000000,85775.96000000,85719.43000000,85775.95000000,7.03218000,1791309659999999,603027.72490370,2025,5.67085000,486287.58959130,0
1791309660000000,85775.96000000,85785.93000000,85755.55000000,85775.96000000,13.46328000,1791309719999999,1154754.11664300,3420,7.32220000,628024.54578340,0
1791309720000000,85775.95000000,85790.01000000,85738.18000000,85769.37000000,13.43350000,1791309779999999,1152049.78351680,6114,5.25691000,450812.94067360,0
1791309780000000,85769.38000000,85814.01000000,85769.37000000,85797.88000000,14.91902000,1791309839999999,1280079.65488210,4292,5.27922000,452949.08706340,0
1791309840000000,85797.88000000,85797.88000000,85774.11000000,85774.12000000,5.36184000,1791309899999999,459977.31353630,2369,1.20850000,103665.96231860,0
1791309900000000,85774.12000000,85774.12000000,85760.00000000,85769.87000000,5.02141000,1791309959999999,430668.40634250,945,2.46130000,211091.79246310,0
1791309960000000,85769.87000000,85769.88000000,85749.57000000,85758.05000000,15.34302000,1791310019999999,1315769.07209550,900,8.85618000,759480.36357140,0
1791310020000000,85758.05000000,85761.35000000,85758.04000000,85761.34000000,2.18846000,1791310079999999,187684.01436570,403,1.51314000,129768.25571590,0
1791310080000000,85761.34000000,85767.97000000,85753.33000000,85767.97000000,8.05452000,1791310139999999,690760.78434920,804,7.09399000,608385.46417970,0
1791310140000000,85767.97000000,85767.97000000,85759.03000000,85759.03000000,13.48605000,1791310199999999,1156635.65920620,1444,1.29245000,110846.47499510,0
1791310200000000,85759.03000000,85791.52000000,85756.46000000,85786.15000000,5.35613000,1791310259999999,459366.84464620,1949,3.46946000,297562.04092620,0
1791310260000000,85786.16000000,85800.00000000,85786.15000000,85800.00000000,1.30579000,1791310319999999,112023.30116750,377,1.10167000,94511.88307030,0
1791310320000000,85799.99000000,85800.00000000,85799.99000000,85800.00000000,2.40314000,1791310379999999,206189.40459350,353,1.66249000,142641.64200000,0
1791310380000000,85800.00000000,85807.41000000,85778.32000000,85778.32000000,5.32018000,1791310439999999,456443.42916990,1212,1.62459000,139386.52982970,0
1791310440000000,85778.33000000,85780.38000000,85773.42000000,85780.38000000,3.32596000,1791310499999999,285284.68853270,1194,1.46571000,125721.06385600,0
1791310500000000,85780.37000000,85793.91000000,85772.00000000,85776.01000000,23.30085000,1791310559999999,1998958.26935090,1520,19.28657000,1654604.28632210,0
1791310560000000,85776.01000000,85789.79000000,85776.00000000,85787.33000000,1.85725000,1791310619999999,159328.20763990,694,1.00871000,86532.45705630,0
1791310620000000,85787.33000000,85787.33000000,85767.24000000,85767.33000000,16.05818000,1791310679999999,1377306.25782730,872,13.30522000,1141179.98525140,0
1791310680000000,85767.33000000,85767.33000000,85754.05000000,85759.97000000,18.82481000,1791310739999999,1614384.46040650,3270,11.62844000,997222.07894360,0
1791310740000000,85759.97000000,85759.98000000,85724.00000000,85724.01000000,16.56051000,1791310799999999,1420130.13266480,4011,1.27761000,109556.51334400,0
1791310800000000,85724.01000000,85731.28000000,85724.00000000,85731.27000000,3.95670000,1791310859999999,339200.05189630,1176,2.62162000,224743.50241610,0
1791310860000000,85731.27000000,85731.28000000,85718.21000000,85720.00000000,3.23037000,1791310919999999,276926.37133790,1243,0.95729000,82060.08288740,0
1791310920000000,85720.00000000,85720.01000000,85657.71000000,85658.01000000,9.80643000,1791310979999999,840308.08761410,2451,0.82664000,70812.43884770,0
1791310980000000,85658.01000000,85660.75000000,85656.56000000,85660.75000000,2.31285000,1791311039999999,198115.12733130,1150,0.69609000,59626.33950610,0
1791311040000000,85660.75000000,85672.13000000,85646.00000000,85672.12000000,5.90522000,1791311099999999,505809.30270860,1641,4.22899000,362229.55883420,0
1791311100000000,85672.13000000,85740.33000000,85672.12000000,85704.01000000,10.72463000,1791311159999999,919091.41599060,2842,9.31828000,798536.81211950,0
1791311160000000,85704.00000000,85704.01000000,85698.48000000,85698.49000000,4.32205000,1791311219999999,370407.21908070,595,1.09700000,94011.51791060,0
1791311220000000,85698.48000000,85714.92000000,85694.00000000,85714.91000000,5.28460000,1791311279999999,452896.70274940,1397,4.18982000,359076.35996950,0
1791311280000000,85714.91000000,85724.01000000,85714.91000000,85724.00000000,1.10393000,1791311339999999,94625.38053850,468,0.69876000,59896.11196170,0
1791311340000000,85724.00000000,85724.01000000,85724.00000000,85724.00000000,0.59423000,1791311399999999,50939.77682690,221,0.43069000,36920.47386690,0
1791311400000000,85724.00000000,85724.01000000,85698.00000000,85698.01000000,3.64585000,1791311459999999,312478.09382200,1638,0.51572000,44203.09179600,0
1791311460000000,85698.00000000,85698.00000000,85662.72000000,85662.72000000,1.97299000,1791311519999999,169034.18757680,1855,0.31555000,27031.29686900,0
1791311520000000,85662.73000000,85673.04000000,85659.21000000,85659.21000000,5.31520000,1791311579999999,455316.65391210,1742,2.80360000,240164.38107980,0
1791311580000000,85659.22000000,85659.22000000,85620.93000000,85620.93000000,3.77882000,1791311639999999,323620.45914440,1348,0.51287000,43921.05031050,0
1791311640000000,85620.94000000,85620.94000000,85608.20000000,85608.20000000,2.74920000,1791311699999999,235368.78455400,1334,0.24160000,20685.00399140,0
1791311700000000,85608.20000000,85608.21000000,85576.20000000,85589.37000000,20.13600000,1791311759999999,1723459.79514130,1980,3.57671000,306103.74810300,0
1791311760000000,85589.38000000,85604.01000000,85550.00000000,85557.57000000,12.87125000,1791311819999999,1101362.78436370,2670,4.33220000,370688.03860250,0
1791311820000000,85557.57000000,85578.01000000,85557.57000000,85578.00000000,6.07957000,1791311879999999,520197.80631020,1021,5.05104000,432188.95546600,0
1791311880000000,85578.00000000,85608.01000000,85578.00000000,85604.12000000,6.22943000,1791311939999999,533231.05498390,1066,5.19152000,444382.13785870,0
1791311940000000,85604.12000000,85604.12000000,85584.10000000,85584.10000000,5.12786000,1791311999999999,438922.83982170,1327,1.95648000,167481.19930260,0
1791312000000000,85584.10000000,85584.11000000,85577.00000000,85577.01000000,2.12154000,1791312059999999,181558.47130510,593,0.30203000,25846.84591430,0
1791312060000000,85577.00000000,85584.48000000,85577.00000000,85581.06000000,2.53825000,1791312119999999,217224.45588720,480,2.16218000,185039.93729720,0
1791312120000000,85581.07000000,85626.06000000,85581.06000000,85621.75000000,6.29188000,1791312179999999,538593.15274280,1713,4.52136000,387030.43207670,0
1791312180000000,85621.75000000,85621.75000000,85614.96000000,85621.09000000,4.06747000,1791312239999999,348249.67575530,700,2.25749000,193279.61691470,0
1791312240000000,85621.09000000,85636.92000000,85621.09000000,85628.83000000,2.12793000,1791312299999999,182218.48407060,1089,0.98948000,84729.10706070,0
1791312300000000,85628.82000000,85628.83000000,85604.01000000,85604.01000000,3.16321000,1791312359999999,270811.19526550,1031,1.14499000,98016.15650950,0
1791312360000000,85604.02000000,85604.02000000,85581.06000000,85589.29000000,9.63556000,1791312419999999,824687.99878510,1422,3.03033000,259345.30752950,0
1791312420000000,85589.28000000,85599.51000000,85538.01000000,85538.01000000,18.16213000,1791312479999999,1554365.67841420,1850,2.94223000,251836.19684970,0
1791312480000000,85538.00000000,85538.00000000,85524.10000000,85537.10000000,6.06378000,1791312539999999,518617.54566830,1502,4.15881000,355687.66061120,0
1791312540000000,85537.11000000,85541.98000000,85529.91000000,85541.98000000,8.32789000,1791312599999999,712310.02892360,948,3.34992000,286533.42392950,0
1791312600000000,85541.97000000,85548.39000000,85530.00000000,85542.67000000,4.91142000,1791312659999999,420106.97272580,1389,3.86312000,330434.76302860,0
1791312660000000,85542.67000000,85570.71000000,85542.67000000,85570.70000000,4.24003000,1791312719999999,362733.35957990,811,4.09528000,350348.75354880,0
1791312720000000,85570.70000000,85579.64000000,85570.70000000,85572.01000000,1.71649000,1791312779999999,146890.40595300,572,0.66111000,56573.96337000,0
1791312780000000,85572.01000000,85572.01000000,85564.00000000,85564.01000000,1.59538000,1791312839999999,136515.39492390,960,0.54128000,46316.52429830,0
1791312840000000,85564.01000000,85564.01000000,85564.00000000,85564.00000000,0.86679000,1791312899999999,74166.02167030,293,0.21103000,18056.57303030,0
1791312900000000,85564.00000000,85564.01000000,85544.73000000,85544.74000000,3.68596000,1791312959999999,315361.30474300,903,1.65625000,141701.29895520,0
1791312960000000,85544.73000000,85544.74000000,85515.00000000,85515.00000000,4.56566000,1791313019999999,390506.19332780,1248,2.85295000,244019.17963130,0
1791313020000000,85515.00000000,85515.01000000,85505.15000000,85505.15000000,4.58049000,1791313079999999,391687.84537720,458,0.60095000,51388.23372270,0
1791313080000000,85505.15000000,85505.16000000,85505.15000000,85505.15000000,1.13520000,1791313139999999,97065.45664980,159,1.03698000,88667.14081680,0
1791313140000000,85505.16000000,85507.08000000,85505.15000000,85507.07000000,9.79188000,1791313199999999,837272.27538590,457,4.94557000,422878.51021900,0
1791313200000000,85507.07000000,85507.08000000,85500.16000000,85500.18000000,4.19041000,1791313259999999,358282.99013050,683,1.87773000,160546.59010670,0
1791313260000000,85500.17000000,85518.16000000,85500.17000000,85518.00000000,11.29414000,1791313319999999,965800.18835240,996,4.03845000,345309.88661180,0
1791313320000000,85518.00000000,85518.00000000,85506.00000000,85513.81000000,7.32343000,1791313379999999,626245.29158530,1051,5.92546000,506700.36192910,0
1791313380000000,85513.82000000,85515.12000000,85505.81000000,85515.11000000,5.06072000,1791313439999999,432731.01372530,751,1.57013000,134258.31489820,0
1791313440000000,85515.12000000,85531.66000000,85515.11000000,85531.66000000,12.23042000,1791313499999999,1045956.14406590,721,12.12426000,1036877.19274970,0
1791313500000000,85531.66000000,85557.21000000,85531.65000000,85548.52000000,9.71178000,1791313559999999,830802.60646170,1196,5.95296000,509254.58082250,0
1791313560000000,85548.51000000,85548.52000000,85505.01000000,85505.01000000,4.40532000,1791313619999999,376793.94587290,1879,0.67065000,57365.31863220,0
1791313620000000,85505.00000000,85511.93000000,85500.16000000,85511.93000000,5.93006000,1791313679999999,507052.30514350,826,4.16436000,356072.63412970,0
1791313680000000,85511.93000000,85515.76000000,85493.55000000,85493.56000000,24.54397000,1791313739999999,2098525.83325880,1284,0.29435000,25170.07155750,0
1791313740000000,85493.55000000,85493.56000000,85478.47000000,85478.47000000,3.07436000,1791313799999999,262815.90456730,690,0.67442000,57651.78158820,0
1791313800000000,85478.48000000,85478.48000000,85434.16000000,85462.08000000,20.94765000,1791313859999999,1789966.56523410,4048,9.28825000,793664.42526190,0
1791313860000000,85462.08000000,85462.08000000,85421.00000000,85421.00000000,11.00235000,1791313919999999,940022.67482460,2453,2.37335000,202758.03771960,0
1791313920000000,85421.00000000,85454.01000000,85421.00000000,85454.01000000,6.00086000,1791313979999999,512646.78685090,1471,5.65915000,483453.73962760,0
1791313980000000,85454.01000000,85474.00000000,85454.00000000,85473.84000000,12.10211000,1791314039999999,1034303.63232210,794,10.56259000,902731.04649190,0
1791314040000000,85473.83000000,85497.83000000,85472.00000000,85497.82000000,4.77058000,1791314099999999,407773.83870330,1251,3.80033000,324838.19000660,0
1791314100000000,85497.83000000,85536.54000000,85497.82000000,85501.94000000,3.80886000,1791314159999999,325719.86007290,2118,1.68387000,143993.70726190,0
1791314160000000,85501.94000000,85501.94000000,85482.01000000,85482.02000000,1.69855000,1791314219999999,145209.84053620,1796,0.22236000,19009.06005650,0
1791314220000000,85482.01000000,85482.02000000,85438.00000000,85438.01000000,3.62359000,1791314279999999,309693.63959260,1451,1.50104000,128295.16832900,0
1791314280000000,85438.01000000,85455.14000000,85438.00000000,85448.00000000,5.56124000,1791314339999999,475188.05662500,1084,4.40551000,376432.38912400,0
1791314340000000,85448.01000000,85478.01000000,85448.00000000,85478.01000000,14.75855000,1791314399999999,1261357.94378110,1074,7.24791000,619425.74177720,0
1791314400000000,85478.01000000,85515.37000000,85478.01000000,85484.56000000,8.41019000,1791314459999999,719090.60506830,2112,5.05719000,432407.81574080,0
1791314460000000,85484.56000000,85492.02000000,85472.36000000,85492.02000000,3.88762000,1791314519999999,332310.03750430,1374,1.91068000,163318.10109760,0
1791314520000000,85492.01000000,85492.02000000,85476.00000000,85476.01000000,1.88430000,1791314579999999,161079.46612550,768,0.44667000,38184.28485690,0
1791314580000000,85476.01000000,85476.01000000,85476.00000000,85476.01000000,1.81007000,1791314639999999,154717.55186160,131,0.85416000,73010.18870160,0
1791314640000000,85476.01000000,85499.66000000,85476.00000000,85478.00000000,16.73977000,1791314699999999,1431093.74744350,1700,14.18994000,1213119.94150260,0
1791314700000000,85478.01000000,85478.01000000,85467.49000000,85467.50000000,4.07392000,1791314759999999,348196.34670750,1268,1.47996000,126490.82856410,0
1791314760000000,85467.49000000,85467.50000000,85457.31000000,85457.31000000,4.89985000,1791314819999999,418736.32615620,632,0.37570000,32106.86310960,0
1791314820000000,85457.32000000,85495.37000000,85457.31000000,85495.37000000,5.11690000,1791314879999999,437337.97597000,1075,3.87610000,331268.98016110,0
1791314880000000,85495.37000000,85521.58000000,85495.36000000,85506.01000000,4.77986000,1791314939999999,408719.36269210,1967,3.17504000,271487.34301530,0
1791314940000000,85506.00000000,85506.00000000,85497.91000000,85497.91000000,1.58490000,1791314999999999,135510.27690680,802,0.35484000,30338.37293090,0
1791315000000000,85497.91000000,85539.14000000,85497.91000000,85527.58000000,10.58646000,1791315059999999,905377.09665410,1973,8.66003000,740606.56945910,0
1791315060000000,85527.59000000,85575.35000000,85526.24000000,85575.35000000,5.54481000,1791315119999999,474317.06152020,1340,4.85818000,415580.71348500,0
1791315120000000,85575.35000000,85594.01000000,85573.48000000,85573.49000000,5.08679000,1791315179999999,435335.21634540,1854,1.87957000,160853.02575580,0
1791315180000000,85573.49000000,85594.01000000,85564.00000000,85564.01000000,7.97490000,1791315239999999,682481.26373700,1632,4.63263000,396446.39515000,0
1791315240000000,85564.01000000,85564.01000000,85520.10000000,85520.10000000,5.24936000,1791315299999999,449036.33300380,1242,1.60440000,137241.67313720,0
1791315300000000,85520.11000000,85528.01000000,85516.79000000,85528.00000000,2.41402000,1791315359999999,206441.30982150,719,1.97211000,168650.14668970,0
1791315360000000,85528.01000000,85544.00000000,85526.00000000,85526.01000000,7.60211000,1791315419999999,650240.36927560,779,5.01550000,428989.23426050,0
1791315420000000,85526.01000000,85526.01000000,85505.17000000,85505.18000000,13.03954000,1791315479999999,1115099.71894070,1021,5.39402000,461270.46958710,0
1791315480000000,85505.17000000,85505.18000000,85493.61000000,85493.62000000,1.75841000,1791315539999999,150343.26440720,448,0.51060000,43656.01850680,0
1791315540000000,85493.62000000,85525.00000000,85493.61000000,85525.00000000,7.83501000,1791315599999999,669974.31347360,1398,7.41116000,633727.63546400,0
1791315600000000,85525.00000000,85539.72000000,85523.08000000,85539.72000000,9.56159000,1791315659999999,817754.18377510,560,9.11309000,779393.77090960,0
1791315660000000,85539.71000000,85553.76000000,85523.37000000,85523.37000000,6.16589000,1791315719999999,527386.46094170,952,3.19271000,273080.30518550,0
1791315720000000,85523.38000000,85523.38000000,85514.41000000,85514.41000000,4.36497000,1791315779999999,373296.71895700,638,2.19927000,188083.36173100,0
1791315780000000,85514.41000000,85514.42000000,85500.00000000,85500.01000000,10.36720000,1791315839999999,886485.77814540,576,1.83255000,156706.25730210,0
1791315840000000,85500.01000000,85500.01000000,85500.00000000,85500.00000000,0.82359000,1791315899999999,70416.94877460,176,0.37746000,32272.83377460,0
1791315900000000,85500.00000000,85534.01000000,85489.93000000,85534.00000000,22.07344000,1791315959999999,1887209.15895150,1646,20.45032000,1748431.35521570,0
1791315960000000,85534.01000000,85571.62000000,85534.01000000,85571.61000000,5.00562000,1791316019999999,428269.10085180,1117,2.21498000,189499.94208830,0
1791316020000000,85571.61000000,85666.01000000,85567.46000000,85666.01000000,21.59442000,1791316079999999,1848239.45326510,2454,13.95951000,1194788.90125590,0
1791316080000000,85666.01000000,85682.95000000,85602.94000000,85608.00000000,20.64494000,1791316139999999,1768151.27480890,4810,6.15058000,526782.47692430,0
1791316140000000,85608.00000000,85608.01000000,85595.10000000,85604.72000000,8.78716000,1791316199999999,752193.39036410,1375,4.76954000,408263.48879540,0
1791316200000000,85604.72000000,85604.72000000,85579.12000000,85600.00000000,16.57509000,1791316259999999,1418570.50052940,2652,11.21470000,959779.44409500,0
1791316260000000,85600.00000000,85618.01000000,85585.20000000,85585.20000000,5.47545000,1791316319999999,468718.95498450,1278,1.73968000,148929.61023790,0
1791316320000000,85585.21000000,85585.21000000,85563.89000000,85563.89000000,4.38490000,1791316379999999,375258.97364630,695,2.35677000,201698.39772670,0
1791316380000000,85563.89000000,85563.90000000,85563.89000000,85563.89000000,1.74474000,1791316439999999,149286.75706960,220,1.56310000,133744.93209000,0
1791316440000000,85563.89000000,85578.62000000,85563.89000000,85572.19000000,8.19579000,1791316499999999,701332.04346160,662,4.13981000,354229.98440050,0
1791316500000000,85572.19000000,85596.02000000,85572.19000000,85596.02000000,5.95116000,1791316559999999,509302.42034540,743,5.69926000,487741.37962640,0
1791316560000000,85596.02000000,85596.02000000,85596.01000000,85596.01000000,0.34381000,1791316619999999,29428.76613320,142,0.19351000,16563.68583020,0
1791316620000000,85596.01000000,85597.30000000,85596.01000000,85597.29000000,8.22210000,1791316679999999,703787.01586810,691,8.02150000,686616.22027100,0
1791316680000000,85597.30000000,85631.99000000,85597.29000000,85631.99000000,4.00624000,1791316739999999,343008.20761960,861,3.30139000,282655.21452910,0
1791316740000000,85631.99000000,85640.01000000,85610.00000000,85614.00000000,23.79135000,1791316799999999,2037071.88465250,2732,10.25696000,878202.07993920,0
1791316800000000,85614.00000000,85626.32000000,85614.00000000,85626.31000000,7.45811000,1791316859999999,638561.24725650,693,7.09492000,607464.41519710,0
1791316860000000,85626.32000000,85626.32000000,85604.08000000,85604.09000000,3.67577000,1791316919999999,314717.52872770,1065,0.27125000,23222.63381210,0
1791316920000000,85604.09000000,85610.83000000,85604.08000000,85610.83000000,12.51130000,1791316979999999,1071051.58097590,903,11.83680000,1013309.40489890,0
1791316980000000,85610.82000000,85610.83000000,85580.00000000,85594.01000000,7.44839000,1791317039999999,637524.67629850,1956,3.36395000,287894.71110100,0
1791317040000000,85594.01000000,85617.48000000,85594.00000000,85605.64000000,4.37708000,1791317099999999,374688.95776630,1440,2.80252000,239902.31436690,0
1791317100000000,85605.64000000,85614.03000000,85605.64000000,85614.03000000,5.01550000,1791317159999999,429361.98104510,576,4.76005000,407492.90913140,0
1791317160000000,85614.02000000,85624.01000000,85606.22000000,85606.22000000,5.67927000,1791317219999999,486244.63088550,1444,2.32129000,198748.25353500,0
1791317220000000,85606.23000000,85606.23000000,85606.22000000,85606.23000000,1.41615000,1791317279999999,121231.25902350,126,1.05705000,90490.06542150,0
1791317280000000,85606.22000000,85606.23000000,85605.00000000,85605.01000000,3.66804000,1791317339999999,314004.18953040,256,2.26333000,193753.23919710,0
1791317340000000,85605.01000000,85605.01000000,85605.00000000,85605.00000000,0.55353000,1791317399999999,47384.93634380,146,0.06938000,5939.27559380,0
1791317400000000,85605.00000000,85605.01000000,85592.85000000,85592.85000000,4.11195000,1791317459999999,351992.39960180,691,0.58418000,50008.69610480,0
1791317460000000,85592.86000000,85592.86000000,85580.55000000,85580.55000000,4.07203000,1791317519999999,348517.24438840,514,0.33880000,28994.76029310,0
1791317520000000,85580.56000000,85580.56000000,85580.55000000,85580.55000000,0.47111000,1791317579999999,40317.85382100,155,0.09105000,7792.10998800,0
1791317580000000,85580.55000000,85592.01000000,85580.55000000,85592.00000000,3.85066000,1791317639999999,329545.26151550,515,3.64796000,312198.06090150,0
1791317640000000,85592.01000000,85624.01000000,85592.01000000,85624.01000000,2.51428000,1791317699999999,215246.18542610,1108,2.19859000,188220.13831470,0
1791317700000000,85624.00000000,85650.01000000,85624.00000000,85650.00000000,13.02552000,1791317759999999,1115505.56124480,2102,10.34271000,885760.00587870,0
1791317760000000,85650.01000000,85656.01000000,85648.04000000,85650.01000000,8.30235000,1791317819999999,711126.49694600,1113,2.29034000,196164.39909970,0
1791317820000000,85650.00000000,85651.69000000,85650.00000000,85650.01000000,0.76142000,1791317879999999,65215.84084630,431,0.40157000,34394.56370010,0
1791317880000000,85650.01000000,85650.01000000,85636.91000000,85644.00000000,7.10909000,1791317939999999,608827.53971880,1083,3.27688000,280625.62762020,0
1791317940000000,85644.01000000,85644.01000000,85640.00000000,85640.00000000,7.70180000,1791317999999999,659599.09663700,459,1.64578000,140951.08266090,0
1791318000000000,85640.00000000,85650.01000000,85640.00000000,85650.01000000,3.40415000,1791318059999999,291533.64953140,602,3.29501000,282186.77568740,0
1791318060000000,85650.01000000,85668.01000000,85650.00000000,85668.00000000,7.34130000,1791318119999999,628902.15360800,597,1.59602000,136716.73302920,0
1791318120000000,85668.00000000,85668.00000000,85610.00000000,85611.93000000,12.82805000,1791318179999999,1098508.29588500,2659,2.62338000,224592.02128830,0
1791318180000000,85611.94000000,85611.95000000,85611.93000000,85611.94000000,5.79864000,1791318239999999,496432.81897950,257,5.34151000,457297.03375640,0
1791318240000000,85611.94000000,85611.95000000,85603.02000000,85610.00000000,5.35235000,1791318299999999,458191.28892580,745,3.67985000,315010.76784870,0
1791318300000000,85610.00000000,85633.76000000,85610.00000000,85633.76000000,6.86722000,1791318359999999,587945.92284880,706,6.62466000,567175.13363570,0
1791318360000000,85633.75000000,85633.76000000,85630.00000000,85630.00000000,3.62349000,1791318419999999,310292.69550770,518,0.28950000,24790.96759500,0
1791318420000000,85630.00000000,85630.00000000,85620.00000000,85620.01000000,11.40859000,1791318479999999,976876.64256310,438,0.66115000,56607.66961150,0
1791318480000000,85620.01000000,85620.01000000,85606.53000000,85606.54000000,5.00540000,1791318539999999,428536.58461040,813,1.35214000,115769.92352680,0
1791318540000000,85606.53000000,85606.54000000,85606.53000000,85606.53000000,0.60734000,1791318599999999,51992.27390780,144,0.39776000,34050.85735040,0
1791318600000000,85606.54000000,85606.54000000,85606.53000000,85606.54000000,0.60609000,1791318659999999,51885.26426040,192,0.24927000,21339.14222580,0
1791318660000000,85606.54000000,85630.01000000,85606.53000000,85630.00000000,4.68791000,1791318719999999,401365.74239630,916,4.52564000,387471.47711900,0
1791318720000000,85630.01000000,85632.01000000,85630.00000000,85632.00000000,7.59991000,1791318779999999,650790.86269160,467,2.97443000,254702.37585380,0
1791318780000000,85632.01000000,85636.02000000,85632.00000000,85636.01000000,3.25714000,1791318839999999,278927.30088060,381,3.06653000,262604.58053510,0
1791318840000000,85636.02000000,85636.02000000,85630.33000000,85630.33000000,2.11808000,1791318899999999,181375.17125730,527,0.10561000,9043.46308050,0
1791318900000000,85630.33000000,85630.34000000,85630.33000000,85630.34000000,0.91668000,1791318959999999,78495.61259120,189,0.16868000,14444.12575120,0
1791318960000000,85630.34000000,85630.34000000,85627.97000000,85627.97000000,3.51288000,1791319019999999,300807.27485790,435,0.56174000,48101.66802520,0
1791319020000000,85627.97000000,85627.98000000,85624.00000000,85624.01000000,5.74881000,1791319079999999,492252.49210360,678,0.76883000,65833.28788730,0
1791319080000000,85624.00000000,85624.01000000,85610.00000000,85611.60000000,8.95101000,1791319139999999,766342.51437470,1302,1.66365000,142426.93153820,0
1791319140000000,85611.61000000,85652.56000000,85611.60000000,85652.56000000,10.54659000,1791319199999999,903136.02242830,2180,7.17540000,614433.20385170,0
1791319200000000,85652.56000000,85652.56000000,85648.02000000,85648.03000000,2.23544000,1791319259999999,191461.54403140,269,2.00446000,171678.08301100,0
1791319260000000,85648.02000000,85665.50000000,85644.42000000,85644.42000000,4.65294000,1791319319999999,398561.41716260,1567,1.65372000,141642.38947220,0
1791319320000000,85644.42000000,85644.43000000,85640.00000000,85640.01000000,0.91615000,1791319379999999,78462.01683600,369,0.26885000,23025.25867890,0
1791319380000000,85640.01000000,85640.01000000,85632.81000000,85632.81000000,2.22334000,1791319439999999,190405.54304970,383,0.30371000,26009.64466140,0
1791319440000000,85632.81000000,85632.82000000,85623.85000000,85623.85000000,8.18241000,1791319499999999,700637.43885980,861,0.11483000,9832.72813790,0
1791319500000000,85623.85000000,85644.43000000,85623.85000000,85644.42000000,6.35620000,1791319559999999,544285.31241180,1187,5.19937000,445231.72930230,0
1791319560000000,85644.43000000,85652.24000000,85644.43000000,85645.78000000,2.49264000,1791319619999999,213484.77902030,760,2.14893000,184046.29992420,0
1791319620000000,85645.78000000,85648.19000000,85645.77000000,85648.19000000,3.01022000,1791319679999999,257817.27573090,548,2.64255000,226327.08472170,0
1791319680000000,85648.20000000,85665.41000000,85648.19000000,85657.92000000,6.47052000,1791319739999999,554243.73591840,1108,2.96283000,253780.90929180,0
1791319740000000,85657.92000000,85657.93000000,85624.80000000,85624.81000000,9.19164000,1791319799999999,787185.74381150,1642,0.39575000,33887.09059480,0
1791319800000000,85624.81000000,85624.81000000,85624.80000000,85624.81000000,1.04131000,1791319859999999,89161.96173760,164,0.12496000,10699.67625760,0
1791319860000000,85624.80000000,85626.55000000,85624.80000000,85626.54000000,7.33149000,1791319919999999,627759.48410580,312,3.88994000,333077.38557960,0
1791319920000000,85626.54000000,85636.92000000,85626.00000000,85626.01000000,1.95013000,1791319979999999,166994.16037350,1027,0.76865000,65822.05169790,0
1791319980000000,85626.01000000,85626.01000000,85626.00000000,85626.01000000,1.02274000,1791320039999999,87573.14333150,137,0.80915000,69284.28599150,0
1791320040000000,85626.01000000,85626.01000000,85626.00000000,85626.01000000,0.79959000,1791320099999999,68465.69930230,177,0.59623000,51052.79594230,0
1791320100000000,85626.01000000,85626.01000000,85626.00000000,85626.01000000,8.11216000,1791320159999999,694611.82693270,314,1.47727000,126492.73579270,0
1791320160000000,85626.01000000,85626.01000000,85606.22000000,85606.22000000,9.45360000,1791320219999999,809397.69799650,1018,0.46183000,39539.31190430,0
1791320220000000,85606.23000000,85606.23000000,85605.00000000,85605.01000000,3.32601000,1791320279999999,284726.83668110,425,1.80493000,154513.09981130,0
1791320280000000,85605.01000000,85605.01000000,85604.03000000,85604.03000000,1.98980000,1791320339999999,170336.76246840,297,0.44197000,37834.82539530,0
1791320340000000,85604.03000000,85611.42000000,85604.03000000,85611.41000000,5.28028000,1791320399999999,452026.69641040,607,5.08922000,435670.08160180,0
1791320400000000,85611.42000000,85621.49000000,85611.42000000,85620.01000000,6.53405000,1791320459999999,559449.55499980,773,5.66501000,485041.43927530,0
1791320460000000,85620.02000000,85620.02000000,85606.96000000,85606.96000000,3.15577000,1791320519999999,270167.15167220,823,0.42241000,36161.46204080,0
1791320520000000,85606.96000000,85606.99000000,85560.89000000,85560.89000000,17.93377000,1791320579999999,1534979.25011780,2909,6.28106000,537643.47341110,0
1791320580000000,85560.89000000,85560.90000000,85536.01000000,85536.01000000,15.92051000,1791320639999999,1361976.77494200,1169,6.25255000,534915.60081440,0
1791320640000000,85536.02000000,85538.01000000,85522.82000000,85538.00000000,10.68236000,1791320699999999,913652.53250610,1140,4.78335000,409100.29270050,0
1791320700000000,85538.01000000,85575.02000000,85538.00000000,85575.01000000,4.01188000,1791320759999999,343246.31507940,1477,3.77151000,322679.19752080,0
1791320760000000,85575.02000000,85575.02000000,85575.01000000,85575.02000000,1.62370000,1791320819999999,138948.15841450,285,1.46775000,125602.73560500,0
1791320820000000,85575.02000000,85585.02000000,85575.01000000,85585.02000000,5.00443000,1791320879999999,428282.43255520,681,4.61069000,394584.89251130,0
1791320880000000,85585.01000000,85587.81000000,85585.01000000,85586.12000000,9.07607000,1791320939999999,776798.16779380,365,0.48008000,41088.09279760,0
1791320940000000,85586.12000000,85586.12000000,85552.18000000,85552.19000000,5.43391000,1791320999999999,465016.10126210,1423,0.42414000,36294.10924020,0
1791321000000000,85552.18000000,85552.19000000,85534.15000000,85534.16000000,1.83579000,1791321059999999,157040.54313170,788,0.59714000,51081.28162050,0
1791321060000000,85534.16000000,85534.70000000,85522.59000000,85534.69000000,4.96281000,1791321119999999,424464.25228180,754,2.59326000,221790.46079730,0
1791321120000000,85534.69000000,85546.01000000,85534.69000000,85546.01000000,3.34700000,1791321179999999,286295.47005570,610,3.17943000,271961.73260330,0
1791321180000000,85546.01000000,85561.80000000,85546.01000000,85561.80000000,5.13768000,1791321239999999,439571.42287860,474,4.17232000,356974.08692900,0
1791321240000000,85561.79000000,85561.80000000,85561.79000000,85561.80000000,0.92617000,1791321299999999,79244.77140080,179,0.83565000,71499.71817000,0
1791321300000000,85561.79000000,85561.80000000,85561.79000000,85561.80000000,1.58933000,1791321359999999,135985.93451630,182,1.48156000,126764.94040800,0
1791321360000000,85561.80000000,85570.01000000,85561.27000000,85561.27000000,4.98847000,1791321419999999,426836.14560660,893,3.11086000,266171.50791660,0
1791321420000000,85561.28000000,85561.28000000,85556.36000000,85556.37000000,0.88647000,1791321479999999,75845.98016610,368,0.12003000,10269.64619170,0
1791321480000000,85556.36000000,85556.37000000,85524.00000000,85524.00000000,4.97737000,1791321539999999,425739.45067190,1312,1.92757000,164856.87799990,0
1791321540000000,85524.00000000,85524.01000000,85502.45000000,85502.46000000,6.21549000,1791321599999999,531515.08475260,1247,0.20576000,17594.03363740,0
1791321600000000,85502.46000000,85522.01000000,85495.01000000,85522.01000000,12.90423000,1791321659999999,1103366.01754450,1920,8.64877000,739528.32513270,0
1791321660000000,85522.01000000,85531.51000000,85522.00000000,85531.50000000,1.77518000,1791321719999999,151828.74629990,426,1.40721000,120355.94859910,0
1791321720000000,85531.50000000,85531.51000000,85531.50000000,85531.50000000,1.61229000,1791321779999999,137901.59088760,242,0.87526000,74862.30944260,0
1791321780000000,85531.51000000,85542.01000000,85531.50000000,85542.01000000,1.32314000,1791321839999999,113175.03468080,758,1.20362000,102951.31182080,0
1791321840000000,85542.01000000,85564.00000000,85542.00000000,85564.00000000,3.39537000,1791321899999999,290473.91520160,1067,3.10760000,265854.28026860,0
1791321900000000,85564.01000000,85575.35000000,85564.00000000,85564.00000000,4.06323000,1791321959999999,347692.99614770,1147,0.94870000,81176.13116210,0
1791321960000000,85564.00000000,85564.01000000,85558.31000000,85558.31000000,1.40644000,1791322019999999,120336.88046880,320,0.61685000,52777.91235990,0
1791322020000000,85558.32000000,85558.32000000,85558.31000000,85558.32000000,3.00372000,1791322079999999,256993.22794450,167,2.10313000,179940.26954160,0
1791322080000000,85558.32000000,85564.81000000,85558.32000000,85564.81000000,9.96515000,1791322139999999,852653.08044720,509,2.52803000,216297.39507120,0
1791322140000000,85564.80000000,85580.01000000,85564.80000000,85580.01000000,12.56936000,1791322199999999,1075578.22708380,460,12.40809000,1061777.12685980,0
1791322200000000,85580.00000000,85580.01000000,85575.34000000,85575.35000000,1.10396000,1791322259999999,94474.63427890,459,0.37034000,31692.08495770,0
1791322260000000,85575.34000000,85592.01000000,85575.34000000,85592.00000000,2.36968000,1791322319999999,202801.06260340,872,2.09597000,179376.09360760,0
1791322320000000,85592.00000000,85600.80000000,85592.00000000,85600.80000000,1.49436000,1791322379999999,127910.66759020,732,1.34421000,115058.76101950,0
1791322380000000,85600.80000000,85605.79000000,85600.79000000,85605.79000000,1.29173000,1791322439999999,110574.53904980,416,1.20993000,103572.23034690,0
1791322440000000,85605.78000000,85610.00000000,85605.78000000,85609.99000000,1.47175000,1791322499999999,125992.89523680,295,1.42737000,122193.55482740,0
1791322500000000,85610.00000000,85610.00000000,85609.99000000,85610.00000000,7.52817000,1791322559999999,644486.57894030,176,2.05220000,175688.84200000,0
1791322560000000,85609.99000000,85610.00000000,85609.99000000,85609.99000000,3.11555000,1791322619999999,266722.20780570,284,0.34612000,29631.33320000,0
1791322620000000,85610.00000000,85610.00000000,85609.99000000,85609.99000000,0.87010000,1791322679999999,74489.25374240,190,0.14434000,12356.94740000,0
1791322680000000,85609.99000000,85609.99000000,85582.81000000,85592.00000000,10.57643000,1791322739999999,905300.34471030,2119,4.67617000,400243.65665120,0
1791322740000000,85592.00000000,85610.00000000,85592.00000000,85609.99000000,2.13198000,1791322799999999,182501.83280120,545,2.01554000,172534.89042680,0
1791322800000000,85610.00000000,85610.00000000,85598.68000000,85598.69000000,6.26322000,1791322859999999,536180.38665180,606,2.21561000,189677.72335840,0
1791322860000000,85598.68000000,85598.69000000,85598.68000000,85598.69000000,2.18605000,1791322919999999,187123.01285410,163,1.84401000,157844.84034690,0
1791322920000000,85598.69000000,85598.69000000,85598.68000000,85598.68000000,0.79447000,1791322979999999,68005.58655260,167,0.32530000,27845.25385700,0
1791322980000000,85598.68000000,85598.69000000,85592.00000000,85595.97000000,6.10687000,1791323039999999,522710.21355090,745,3.77360000,322995.17177860,0
1791323040000000,85595.96000000,85595.97000000,85584.88000000,85584.89000000,2.08397000,1791323099999999,178368.62656200,544,0.73196000,62647.31974980,0
1791323100000000,85584.88000000,85584.89000000,85584.88000000,85584.88000000,0.23864000,1791323159999999,20423.97765220,65,0.18890000,16166.98572100,0
1791323160000000,85584.89000000,85584.89000000,85584.88000000,85584.88000000,0.22018000,1791323219999999,18844.07990330,74,0.10249000,8771.59537610,0
1791323220000000,85584.89000000,85590.70000000,85584.88000000,85590.70000000,2.87961000,1791323279999999,246453.83666500,384,2.77261000,237295.88850210,0
1791323280000000,85590.70000000,85590.70000000,85590.69000000,85590.70000000,0.18715000,1791323339999999,16018.29883440,121,0.12009000,10278.58716300,0
1791323340000000,85590.69000000,85590.70000000,85590.69000000,85590.69000000,0.40627000,1791323399999999,34772.93056250,149,0.09362000,8013.00133400,0
1791323400000000,85590.70000000,85590.70000000,85590.69000000,85590.69000000,0.38315000,1791323459999999,32794.07414130,140,0.12678000,10851.18894600,0
1791323460000000,85590.69000000,85590.70000000,85582.00000000,85582.00000000,1.34946000,1791323519999999,115496.75183750,619,0.25491000,21815.94760990,0
1791323520000000,85582.01000000,85582.01000000,85582.00000000,85582.00000000,1.84592000,1791323579999999,157977.54295270,133,1.75127000,149877.20665270,0
1791323580000000,85582.01000000,85582.01000000,85578.75000000,85579.46000000,1.95374000,1791323639999999,167203.69253500,333,0.09613000,8226.97271330,0
1791323640000000,85579.47000000,85579.47000000,85554.00000000,85554.00000000,3.51944000,1791323699999999,301153.41316090,595,0.18635000,15943.91057410,0
1791323700000000,85554.01000000,85554.01000000,85548.06000000,85548.79000000,1.48489000,1791323759999999,127036.04493190,382,0.12716000,10878.66575540,0
1791323760000000,85548.78000000,85564.01000000,85548.78000000,85564.01000000,10.20813000,1791323819999999,873300.37919950,1447,2.74866000,235151.41503110,0
1791323820000000,85564.00000000,85590.01000000,85564.00000000,85590.01000000,22.10449000,1791323879999999,1891688.12946520,1997,19.98291000,1710126.45973360,0
1791323880000000,85590.01000000,85612.01000000,85590.01000000,85609.79000000,9.94467000,1791323939999999,851361.45085930,1284,2.13555000,182808.22252610,0
1791323940000000,85609.79000000,85610.00000000,85609.78000000,85610.00000000,3.29557000,1791323999999999,282133.39706940,297,3.16353000,270829.47620380,0
1791324000000000,85609.99000000,85610.00000000,85609.99000000,85610.00000000,1.01793000,1791324059999999,87144.98583500,136,0.87143000,74603.12230000,0
1791324060000000,85610.00000000,85610.00000000,85592.00000000,85592.01000000,5.65557000,1791324119999999,484144.66341090,1947,3.42898000,293534.37455810,0
1791324120000000,85592.01000000,85595.09000000,85582.00000000,85585.20000000,10.32259000,1791324179999999,883522.81579690,1831,4.29884000,367936.59931080,0
1791324180000000,85585.21000000,85636.92000000,85585.21000000,85636.92000000,18.74879000,1791324239999999,1605105.22363680,1648,18.43706000,1578418.51892780,0
1791324240000000,85636.91000000,85644.01000000,85634.00000000,85634.00000000,3.22820000,1791324299999999,276459.97485370,805,1.39871000,119783.10378450,0
1791324300000000,85634.01000000,85636.01000000,85620.79000000,85626.55000000,7.32050000,1791324359999999,626851.51626530,1459,3.68123000,315215.34429680,0
1791324360000000,85626.54000000,85626.55000000,85626.54000000,85626.55000000,0.53090000,1791324419999999,45459.13158100,94,0.14950000,12801.16922500,0
1791324420000000,85626.55000000,85626.55000000,85626.54000000,85626.55000000,2.75033000,1791324479999999,235501.26211530,126,2.03571000,174310.82410050,0
1791324480000000,85626.54000000,85644.97000000,85626.54000000,85644.96000000,21.81884000,1791324539999999,1868434.26286760,580,21.26410000,1820925.26816060,0
1791324540000000,85644.96000000,85657.01000000,85644.96000000,85657.01000000,3.48273000,1791324599999999,298284.97199060,332,1.03692000,88811.01443370,0
1791324600000000,85657.00000000,85657.00000000,85621.01000000,85621.02000000,10.09668000,1791324659999999,864751.72285970,1205,0.50602000,43327.09720730,0
1791324660000000,85621.02000000,85621.02000000,85621.01000000,85621.01000000,5.04956000,1791324719999999,432348.45734960,165,3.00940000,257667.89758800,0
1791324720000000,85621.01000000,85621.02000000,85592.98000000,85592.98000000,4.41651000,1791324779999999,378099.05553600,1006,0.15149000,12970.17127480,0
1791324780000000,85592.98000000,85592.99000000,85592.06000000,85592.06000000,1.01312000,1791324839999999,86715.51582250,225,0.16532000,14150.11115160,0
1791324840000000,85592.06000000,85592.07000000,85583.50000000,85583.50000000,1.76786000,1791324899999999,151307.50289490,362,0.22654000,19388.09383380,0
1791324900000000,85583.51000000,85583.51000000,85561.72000000,85561.72000000,4.91301000,1791324959999999,420425.59368950,1127,0.87592000,74957.77481080,0
1791324960000000,85561.73000000,85561.73000000,85553.92000000,85554.00000000,2.63898000,1791325019999999,225781.22201430,395,1.64286000,140553.47440380,0
1791325020000000,85554.01000000,85554.01000000,85554.00000000,85554.01000000,0.47996000,1791325079999999,41062.49945210,86,0.16121000,13792.16195210,0
1791325080000000,85554.00000000,85576.00000000,85554.00000000,85575.99000000,4.89027000,1791325139999999,418396.13357890,772,4.84544000,414560.50323010,0
1791325140000000,85575.99000000,85593.25000000,85575.99000000,85593.24000000,2.38690000,1791325199999999,204267.11596900,619,2.31367000,197999.69929180,0
1791325200000000,85593.24000000,85615.37000000,85593.24000000,85615.37000000,14.52388000,1791325259999999,1243322.23474380,1025,9.19195000,786829.71313220,0
1791325260000000,85615.37000000,85615.37000000,85604.00000000,85604.00000000,3.02247000,1791325319999999,258755.39363640,506,0.45704000,39128.81601680,0
1791325320000000,85604.01000000,85613.95000000,85582.93000000,85588.01000000,16.77107000,1791325379999999,1435548.10929930,2185,4.19808000,359318.29540700,0
1791325380000000,85588.00000000,85588.01000000,85588.00000000,85588.01000000,0.56064000,1791325439999999,47984.06084270,103,0.45227000,38708.88928270,0
1791325440000000,85588.01000000,85588.01000000,85551.59000000,85551.59000000,4.62080000,1791325499999999,395431.25224600,1295,0.14601000,12492.96920500,0
1791325500000000,85551.59000000,85551.60000000,85538.00000000,85538.01000000,3.89554000,1791325559999999,333228.16029110,790,0.68149000,58293.30237600,0
1791325560000000,85538.01000000,85540.02000000,85530.55000000,85540.01000000,5.84319000,1791325619999999,499810.21016910,1172,4.36935000,373741.13489210,0
1791325620000000,85540.02000000,85545.40000000,85540.00000000,85540.01000000,5.84073000,1791325679999999,499634.87601820,714,2.80866000,240258.65639140,0
1791325680000000,85540.01000000,85540.01000000,85508.34000000,85520.25000000,5.90929000,1791325739999999,505382.05774820,1595,2.19508000,187712.84929720,0
1791325740000000,85520.25000000,85520.25000000,85488.71000000,85488.71000000,17.38373000,1791325799999999,1486318.58407940,1327,2.12026000,181266.00999550,0
1791325800000000,85488.72000000,85506.01000000,85469.65000000,85492.01000000,11.82791000,1791325859999999,1011130.99206090,2559,5.74279000,490915.97128540,0
1791325860000000,85492.01000000,85507.93000000,85492.00000000,85507.92000000,2.57577000,1791325919999999,220223.87452940,823,2.25207000,192548.40725660,0
1791325920000000,85507.93000000,85507.93000000,85504.00000000,85504.01000000,3.34033000,1791325979999999,285613.97079500,388,2.09772000,179364.18898200,0
1791325980000000,85504.01000000,85523.08000000,85504.00000000,85523.07000000,2.41404000,1791326039999999,206415.08595190,768,1.97011000,168457.24793830,0
1791326040000000,85523.07000000,85532.86000000,85523.07000000,85532.85000000,1.54300000,1791326099999999,131971.63087600,372,0.89622000,76652.29506850,0
1791326100000000,85532.85000000,85536.01000000,85528.19000000,85528.19000000,4.84267000,1791326159999999,414209.27346280,661,2.66168000,227663.03527130,0
1791326160000000,85528.18000000,85528.20000000,85528.18000000,85528.19000000,0.46802000,1791326219999999,40028.90622620,135,0.34280000,29319.06644930,0
1791326220000000,85528.20000000,85528.20000000,85528.19000000,85528.19000000,1.08185000,1791326279999999,92528.68214760,137,0.97961000,83784.28000200,0
1791326280000000,85528.20000000,85528.20000000,85528.19000000,85528.20000000,1.26287000,1791326339999999,108010.99772000,152,1.24147000,106180.69445400,0
1791326340000000,85528.20000000,85528.20000000,85528.19000000,85528.20000000,0.60669000,1791326399999999,51889.10264240,117,0.50513000,43202.85966600,0
1791326400000000,85528.20000000,85548.00000000,85528.19000000,85546.46000000,5.05656000,1791326459999999,432488.98507530,660,4.97134000,425199.26396510,0
1791326460000000,85546.46000000,85551.99000000,85546.46000000,85551.99000000,0.33460000,1791326519999999,28625.03431000,287,0.30977000,26500.78386040,0
1791326520000000,85551.99000000,85551.99000000,85551.98000000,85551.98000000,0.30631000,1791326579999999,26205.42908030,88,0.20865000,17850.42271350,0
1791326580000000,85551.98000000,85551.99000000,85551.98000000,85551.99000000,0.13568000,1791326639999999,11607.69342190,75,0.07755000,6634.55682450,0
1791326640000000,85551.98000000,85552.01000000,85551.98000000,85552.01000000,1.13901000,1791326699999999,97444.57190180,390,1.08186000,92555.27621430,0
1791326700000000,85552.01000000,85569.63000000,85552.00000000,85569.63000000,6.22798000,1791326759999999,532868.19690100,574,5.91690000,506251.77970730,0
1791326760000000,85569.62000000,85570.01000000,85569.62000000,85570.01000000,1.09880000,1791326819999999,94024.23829380,290,0.83922000,71812.00922620,0
1791326820000000,85570.01000000,85585.07000000,85570.00000000,85585.06000000,5.79063000,1791326879999999,495564.25487980,370,5.41085000,463064.09191440,0
1791326880000000,85585.07000000,85585.07000000,85585.06000000,85585.07000000,2.30935000,1791326939999999,197645.88023050,177,2.19195000,187598.19418650,0
1791326940000000,85585.07000000,85585.07000000,85585.06000000,85585.07000000,0.27016000,1791326999999999,23121.66145520,121,0.16456000,14083.87911920,0
1791327000000000,85585.07000000,85585.07000000,85581.44000000,85581.44000000,1.29086000,1791327059999999,110477.67589340,311,0.20826000,17823.82776120,0
1791327060000000,85581.45000000,85581.45000000,85581.44000000,85581.44000000,0.41906000,1791327119999999,35863.76056900,94,0.23226000,19877.14757700,0
1791327120000000,85581.45000000,85581.45000000,85581.44000000,85581.45000000,0.85998000,1791327179999999,73598.33407340,148,0.73022000,62493.28641900,0
1791327180000000,85581.44000000,85581.45000000,85551.98000000,85551.98000000,3.95615000,1791327239999999,338520.75983930,1585,0.20193000,17276.63865720,0
1791327240000000,85551.99000000,85551.99000000,85551.98000000,85551.98000000,0.18462000,1791327299999999,15794.60736210,97,0.08145000,6968.20958550,0
1791327300000000,85551.98000000,85551.99000000,85551.98000000,85551.99000000,0.57151000,1791327359999999,48893.81699700,81,0.49072000,41982.07253280,0
1791327360000000,85551.98000000,85551.99000000,85551.98000000,85551.99000000,2.35554000,1791327419999999,201521.13219470,85,2.12255000,181588.37637450,0
1791327420000000,85551.98000000,85551.99000000,85551.98000000,85551.98000000,1.24137000,1791327479999999,106201.67112960,82,0.97170000,83130.86868300,0
1791327480000000,85551.99000000,85551.99000000,85534.53000000,85534.53000000,18.69289000,1791327539999999,1599062.10391510,635,0.18759000,16048.03295360,0
1791327540000000,85534.53000000,85534.54000000,85534.53000000,85534.53000000,1.10157000,1791327599999999,94222.27314650,141,0.09344000,7992.34741760,0
1791327600000000,85534.53000000,85534.54000000,85530.01000000,85530.01000000,0.60882000,1791327659999999,52075.00984620,283,0.12560000,10743.13822400,0
1791327660000000,85530.01000000,85550.01000000,85530.01000000,85550.01000000,6.31001000,1791327719999999,539765.71245110,1085,6.25502000,535061.51004380,0
1791327720000000,85550.00000000,85550.01000000,85550.00000000,85550.01000000,0.23882000,1791327779999999,20431.05192980,113,0.09298000,7954.43992980,0
1791327780000000,85550.00000000,85551.16000000,85528.26000000,85528.27000000,9.35688000,1791327839999999,800470.72212710,1016,2.20042000,188244.52452160,0
1791327840000000,85528.27000000,85528.27000000,85528.26000000,85528.26000000,1.47242000,1791327899999999,125933.52195800,112,0.13688000,11707.10959760,0
1791327900000000,85528.27000000,85528.27000000,85504.74000000,85504.75000000,4.69673000,1791327959999999,401679.77761410,1263,0.14490000,12392.10872750,0
1791327960000000,85504.74000000,85504.75000000,85500.00000000,85500.01000000,0.79743000,1791328019999999,68180.90238460,265,0.16472000,14083.57762100,0
1791328020000000,85500.01000000,85500.01000000,85500.00000000,85500.00000000,3.19251000,1791328079999999,272959.61668290,179,1.16829000,99888.80668290,0
1791328080000000,85500.00000000,85504.01000000,85500.00000000,85504.00000000,2.90111000,1791328139999999,248046.56971290,373,2.75662000,235692.45031290,0
1791328140000000,85504.01000000,85504.01000000,85504.00000000,85504.00000000,0.61210000,1791328199999999,52337.00341450,83,0.50145000,42875.98581450,0
1791328200000000,85504.01000000,85525.99000000,85504.01000000,85525.99000000,6.24244000,1791328259999999,533814.32540490,815,5.90793000,505207.36577670,0
1791328260000000,85525.99000000,85525.99000000,85525.98000000,85525.99000000,0.49034000,1791328319999999,41936.81242610,128,0.33929000,29018.11314710,0
1791328320000000,85525.99000000,85533.91000000,85525.98000000,85533.91000000,1.99557000,1791328379999999,170678.74737570,357,1.68785000,144358.36060770,0
1791328380000000,85533.91000000,85533.91000000,85533.90000000,85533.91000000,0.32539000,1791328439999999,27831.87820850,56,0.24875000,21276.56011250,0
1791328440000000,85533.90000000,85533.90000000,85497.86000000,85497.86000000,30.22337000,1791328499999999,2584556.41317430,913,2.99974000,256487.54964370,0
1791328500000000,85497.86000000,85497.87000000,85497.86000000,85497.87000000,0.61449000,1791328559999999,52537.58025890,189,0.02675000,2287.06802250,0
1791328560000000,85497.87000000,85497.87000000,85456.00000000,85456.00000000,11.45993000,1791328619999999,979490.44525210,2095,5.45228000,465964.77311180,0
1791328620000000,85456.00000000,85472.16000000,85456.00000000,85472.15000000,9.91633000,1791328679999999,847424.75067070,948,9.63528000,823406.26106000,0
1791328680000000,85472.16000000,85484.89000000,85472.15000000,85473.09000000,11.72430000,1791328739999999,1002154.81335720,1175,8.51584000,727889.14208860,0
1791328740000000,85473.10000000,85477.96000000,85473.09000000,85477.95000000,0.93921000,1791328799999999,80279.44948640,300,0.45733000,39089.84371970,0
1791328800000000,85477.96000000,85491.55000000,85477.95000000,85491.55000000,1.47292000,1791328859999999,125916.18183790,561,1.40132000,119795.35945910,0
1791328860000000,85491.55000000,85519.48000000,85491.54000000,85519.48000000,2.60668000,1791328919999999,222882.20376320,985,1.47126000,125795.62176890,0
1791328920000000,85519.48000000,85521.86000000,85519.47000000,85521.85000000,2.23682000,1791328979999999,191294.18394640,369,2.19441000,187667.27713890,0
1791328980000000,85521.85000000,85521.86000000,85521.85000000,85521.86000000,0.69726000,1791329039999999,59630.97069370,131,0.55627000,47573.24506220,0
1791329040000000,85521.86000000,85531.49000000,85521.85000000,85531.48000000,2.44391000,1791329099999999,209019.50402610,637,2.26425000,193653.21924930,0
1791329100000000,85531.49000000,85531.49000000,85531.48000000,85531.48000000,1.16016000,1791329159999999,99230.20737990,166,0.55431000,47410.96022190,0
1791329160000000,85531.48000000,85531.49000000,85531.48000000,85531.49000000,0.70061000,1791329219999999,59924.21270870,185,0.25059000,21433.33607910,0
1791329220000000,85531.49000000,85535.67000000,85531.48000000,85535.66000000,7.47523000,1791329279999999,639385.64494690,295,6.48244000,554467.22632710,0
1791329280000000,85535.67000000,85535.67000000,85447.55000000,85464.43000000,39.02351000,1791329339999999,3336590.46107940,3334,4.28744000,366408.30986150,0
1791329340000000,85464.44000000,85498.70000000,85464.44000000,85498.70000000,6.05206000,1791329399999999,517357.67157370,1431,5.67883000,485453.69813550,0
1791329400000000,85498.69000000,85505.07000000,85454.00000000,85454.01000000,14.92522000,1791329459999999,1275826.06674560,1660,0.46877000,40074.76520160,0
1791329460000000,85454.01000000,85454.01000000,85444.00000000,85444.00000000,2.91363000,1791329519999999,248968.79464880,516,0.52452000,44821.85715570,0
1791329520000000,85444.01000000,85444.01000000,85346.77000000,85358.01000000,46.85080000,1791329579999999,4000557.73988740,5529,17.92752000,1530701.22161160,0
1791329580000000,85358.01000000,85392.80000000,85358.01000000,85392.80000000,26.48585000,1791329639999999,2261076.34599730,2196,12.31264000,1051102.96736030,0
1791329640000000,85392.80000000,85399.40000000,85362.00000000,85387.63000000,9.87196000,1791329699999999,842942.78298770,2259,4.45061000,380037.52237240,0
1791329700000000,85387.63000000,85424.01000000,85387.62000000,85424.01000000,4.10688000,1791329759999999,350748.72196050,1520,3.88986000,332212.91102730,0
1791329760000000,85424.01000000,85460.50000000,85424.00000000,85453.26000000,7.20460000,1791329819999999,615576.92275660,1507,5.38667000,460270.52906430,0
1791329820000000,85453.25000000,85482.20000000,85453.25000000,85482.20000000,3.89414000,1791329879999999,332804.99944300,870,2.81895000,240918.80777670,0
1791329880000000,85482.20000000,85497.41000000,85482.20000000,85492.00000000,2.90786000,1791329939999999,248591.16647140,887,1.97963000,169231.62700630,0
1791329940000000,85492.00000000,85503.11000000,85484.00000000,85503.11000000,6.96336000,1791329999999999,595307.23287740,1002,5.41325000,462783.76567920,0
1791330000000000,85503.10000000,85503.12000000,85503.10000000,85503.12000000,1.19620000,1791330059999999,102278.81418780,290,0.58557000,50068.05621300,0
1791330060000000,85503.11000000,85538.01000000,85503.11000000,85538.00000000,7.74275000,1791330119999999,662201.61552420,1235,6.26643000,535937.56745520,0
1791330120000000,85538.01000000,85546.01000000,85536.63000000,85546.01000000,2.56317000,1791330179999999,219248.31576410,532,1.24975000,106901.51882320,0
1791330180000000,85546.00000000,85554.01000000,85546.00000000,85554.00000000,2.38041000,1791330239999999,203642.81771340,704,2.21698000,189661.68910420,0
1791330240000000,85554.01000000,85575.35000000,85554.00000000,85575.35000000,5.77082000,1791330299999999,493789.54973040,1497,5.13236000,439160.96360000,0
1791330300000000,85575.34000000,85581.45000000,85575.34000000,85581.44000000,1.67543000,1791330359999999,143377.85165750,420,1.54518000,132231.58851430,0
1791330360000000,85581.45000000,85608.01000000,85581.45000000,85603.27000000,5.70556000,1791330419999999,488373.89949110,1493,5.11823000,438095.90437760,0
1791330420000000,85603.27000000,85603.27000000,85594.00000000,85594.06000000,3.50983000,1791330479999999,300425.94630050,719,2.37782000,203527.40741860,0
1791330480000000,85594.05000000,85594.06000000,85583.41000000,85583.41000000,2.52408000,1791330539999999,216041.81066160,914,0.19935000,17062.67341370,0
1791330540000000,85583.41000000,85598.01000000,85583.40000000,85598.00000000,2.58620000,1791330599999999,221361.04085940,728,1.48495000,127097.74088460,0
1791330600000000,85598.01000000,85619.21000000,85598.00000000,85619.20000000,5.77452000,1791330659999999,494371.36708680,1000,2.82942000,242214.91458210,0
1791330660000000,85619.20000000,85619.21000000,85600.94000000,85612.00000000,2.21790000,1791330719999999,189867.43034500,1213,0.45817000,39221.66002820,0
1791330720000000,85612.00000000,85612.40000000,85612.00000000,85612.00000000,1.54860000,1791330779999999,132578.91855430,238,1.16451000,99696.12842340,0
1791330780000000,85612.00000000,85612.01000000,85593.29000000,85593.30000000,4.03404000,1791330839999999,345322.97083950,963,1.43954000,123218.60572120,0
1791330840000000,85593.29000000,85593.29000000,85580.00000000,85582.54000000,5.74927000,1791330899999999,492041.90934120,554,4.26555000,365052.32379640,0
1791330900000000,85582.55000000,85582.55000000,85582.54000000,85582.55000000,0.33147000,1791330959999999,28368.04643750,121,0.19037000,16292.35004350,0
1791330960000000,85582.54000000,85582.55000000,85582.54000000,85582.54000000,0.54825000,1791331019999999,46920.62943030,217,0.18753000,16049.29560150,0
1791331020000000,85582.55000000,85582.55000000,85577.47000000,85577.48000000,5.94377000,1791331079999999,508678.00791190,376,2.76936000,237007.11713130,0
1791331080000000,85577.47000000,85577.48000000,85551.84000000,85551.85000000,49.38702000,1791331139999999,4225760.83845710,906,2.13662000,182802.84741810,0
1791331140000000,85551.85000000,85551.85000000,85549.93000000,85549.93000000,11.17629000,1791331199999999,956143.29637010,371,0.40714000,34830.97737590,0
