1790985600000000,84518.00000000,84521.09000000,84518.00000000,84521.09000000,5.97045000,1790985659999999,504626.08175190,466,2.66895000,225579.74965310,0
1790985660000000,84521.08000000,84521.09000000,84500.02000000,84500.02000000,5.28761000,1790985719999999,446866.18001010,1036,0.70773000,59810.39087830,0
1790985720000000,84500.02000000,84500.03000000,84500.02000000,84500.03000000,1.66633000,1790985779999999,140804.92754560,228,0.92190000,77900.57765700,0
1790985780000000,84500.03000000,84500.03000000,84500.00000000,84500.01000000,4.81981000,1790985839999999,407273.97346230,631,0.74033000,62557.89599610,0
1790985840000000,84500.01000000,84500.01000000,84466.01000000,84475.78000000,7.98237000,1790985899999999,674411.09793980,1773,1.77790000,150185.78355490,0
1790985900000000,84475.78000000,84475.79000000,84462.00000000,84462.00000000,4.64465000,1790985959999999,392344.61990880,830,0.63669000,53784.46075250,0
1790985960000000,84462.01000000,84472.01000000,84461.33000000,84471.68000000,5.20403000,1790986019999999,439553.59132050,981,3.42791000,289536.34226500,0
1790986020000000,84471.68000000,84471.69000000,84460.10000000,84460.11000000,2.47177000,1790986079999999,208786.42228380,978,0.25955000,21922.47103810,0
1790986080000000,84460.10000000,84460.11000000,84458.88000000,84458.89000000,4.33266000,1790986139999999,365936.63930140,459,0.78538000,66333.17679360,0
1790986140000000,84458.89000000,84458.89000000,84456.67000000,84456.67000000,1.38058000,1790986199999999,116599.71299900,572,0.27756000,23442.00846140,0
1790986200000000,84456.67000000,84507.22000000,84456.02000000,84507.22000000,11.80085000,1790986259999999,996854.47492520,1467,9.82952000,830334.86983830,0
1790986260000000,84507.22000000,84507.22000000,84488.00000000,84488.00000000,4.55275000,1790986319999999,384712.24835450,2042,0.71505000,60416.11744260,0
1790986320000000,84488.01000000,84534.27000000,84488.00000000,84534.26000000,4.74476000,1790986379999999,400960.61613410,1099,4.27007000,360840.61682090,0
1790986380000000,84534.26000000,84534.27000000,84534.26000000,84534.26000000,0.41928000,1790986439999999,35443.52745320,80,0.29204000,24687.38821080,0
1790986440000000,84534.26000000,84534.26000000,84509.81000000,84519.32000000,28.21824000,1790986499999999,2384934.26526620,904,9.03009000,763134.77408730,0
1790986500000000,84519.31000000,84561.77000000,84519.31000000,84552.51000000,3.05075000,1790986559999999,257930.73031200,1071,1.48766000,125766.01496010,0
1790986560000000,84552.52000000,84556.02000000,84550.00000000,84550.01000000,13.92036000,1790986619999999,1177047.49432580,819,6.70955000,567330.86356020,0
1790986620000000,84550.01000000,84550.01000000,84531.67000000,84531.68000000,5.44958000,1790986679999999,460747.04542050,620,3.97675000,336228.82769130,0
1790986680000000,84531.67000000,84547.52000000,84531.67000000,84547.52000000,1.17332000,1790986739999999,99196.81703060,570,0.87969000,74371.18286720,0
1790986740000000,84547.52000000,84547.52000000,84536.00000000,84536.01000000,1.47494000,1790986799999999,124697.74510100,611,0.28621000,24197.93873860,0
1790986800000000,84536.01000000,84545.99000000,84536.00000000,84545.99000000,5.32796000,1790986859999999,450453.48974920,460,0.86587000,73201.95378550,0
1790986860000000,84545.99000000,84545.99000000,84540.26000000,84540.26000000,2.88498000,1790986919999999,243899.10357920,403,0.30006000,25367.39919290,0
1790986920000000,84540.27000000,84540.27000000,84540.26000000,84540.27000000,2.88102000,1790986979999999,243562.20682840,256,2.69632000,227947.62080640,0
1790986980000000,84540.27000000,84540.27000000,84540.26000000,84540.27000000,3.77247000,1790987039999999,318925.61962330,224,2.49811000,211190.89388970,0
1790987040000000,84540.27000000,84540.27000000,84540.26000000,84540.26000000,0.34890000,1790987099999999,29496.09921790,128,0.25039000,21168.03820530,0
1790987100000000,84540.27000000,84540.28000000,84540.26000000,84540.27000000,2.40564000,1790987159999999,203373.45135900,389,0.98318000,83118.30731210,0
1790987160000000,84540.27000000,84540.27000000,84540.26000000,84540.27000000,1.32760000,1790987219999999,112235.65665340,203,0.74774000,63214.14148980,0
1790987220000000,84540.27000000,84540.27000000,84532.32000000,84538.01000000,14.43130000,1790987279999999,1219999.39606320,872,2.40777000,203545.97482770,0
1790987280000000,84538.01000000,84561.96000000,84538.00000000,84561.15000000,7.34461000,1790987339999999,621044.28029150,1014,1.83472000,155121.87846980,0
1790987340000000,84561.15000000,84571.03000000,84552.04000000,84558.69000000,5.09331000,1790987399999999,430703.92193450,869,2.66312000,225188.06316280,0
1790987400000000,84558.68000000,84585.16000000,84558.68000000,84585.16000000,3.22570000,1790987459999999,272810.68030010,900,3.09046000,261372.86213570,0
1790987460000000,84585.16000000,84597.15000000,84585.15000000,84594.44000000,6.78977000,1790987519999999,574348.80996350,738,5.69770000,481965.74251310,0
1790987520000000,84594.44000000,84610.00000000,84594.44000000,84610.00000000,7.11276000,1790987579999999,601745.01060990,698,6.57430000,556187.10689200,0
1790987580000000,84610.00000000,84617.54000000,84609.99000000,84617.54000000,6.04442000,1790987639999999,511424.35381230,309,5.47976000,463647.07818890,0
1790987640000000,84617.53000000,84640.00000000,84617.53000000,84629.80000000,19.66816000,1790987699999999,1664503.50018170,1591,13.80207000,1168011.25045990,0
1790987700000000,84629.79000000,84629.80000000,84629.79000000,84629.80000000,1.19061000,1790987759999999,100761.08544160,129,1.11697000,94528.94770600,0
1790987760000000,84629.80000000,84650.00000000,84626.11000000,84649.99000000,7.83493000,1790987819999999,663135.43206720,723,6.44870000,545810.33335850,0
1790987820000000,84649.99000000,84650.00000000,84643.61000000,84646.34000000,6.07742000,1790987879999999,514444.53751900,584,2.47740000,209708.00834300,0
1790987880000000,84646.35000000,84646.35000000,84585.73000000,84605.32000000,19.65620000,1790987939999999,1663221.88847960,1764,10.69254000,904622.09680590,0
1790987940000000,84605.32000000,84624.63000000,84605.31000000,84624.63000000,2.65925000,1790987999999999,225001.04356290,479,2.48549000,210297.82472380,0
1790988000000000,84624.63000000,84624.63000000,84605.32000000,84605.33000000,3.01815000,1790988059999999,255386.77821330,551,0.49717000,42067.67014840,0
1790988060000000,84605.32000000,84609.24000000,84605.32000000,84606.82000000,1.14713000,1790988119999999,97055.92158760,324,0.76165000,64441.09866470,0
1790988120000000,84606.82000000,84614.34000000,84606.81000000,84614.33000000,2.14301000,1790988179999999,181315.70372240,296,1.64354000,139056.97596230,0
1790988180000000,84614.33000000,84620.00000000,84614.33000000,84620.00000000,3.27883000,1790988239999999,277440.83932770,523,3.21221000,271803.51828440,0
1790988240000000,84620.00000000,84631.16000000,84619.99000000,84630.90000000,1.88322000,1790988299999999,159367.93338470,471,1.54553000,130790.23023990,0
1790988300000000,84630.90000000,84630.91000000,84630.90000000,84630.90000000,0.61801000,1790988359999999,52302.74607790,82,0.35689000,30203.92546990,0
1790988360000000,84630.91000000,84630.91000000,84630.90000000,84630.91000000,0.78075000,1790988419999999,66075.58057700,136,0.54020000,45717.61758200,0
1790988420000000,84630.90000000,84636.93000000,84630.90000000,84636.93000000,2.61504000,1790988479999999,221321.75217840,281,2.04919000,173430.63053400,0
1790988480000000,84636.93000000,84636.93000000,84636.92000000,84636.92000000,2.56645000,1790988539999999,217216.42817030,129,0.48363000,40932.95845590,0
1790988540000000,84636.93000000,84660.00000000,84636.92000000,84660.00000000,6.48300000,1790988599999999,548781.78167610,686,5.77810000,489111.81137560,0
1790988600000000,84659.99000000,84686.28000000,84659.99000000,84686.28000000,12.22231000,1790988659999999,1034783.89919420,883,11.80874000,999766.26880140,0
1790988660000000,84686.28000000,84686.28000000,84676.03000000,84676.04000000,4.17377000,1790988719999999,353441.06408140,726,0.65119000,55142.89026360,0
1790988720000000,84676.04000000,84676.04000000,84676.03000000,84676.04000000,3.15083000,1790988779999999,266799.79171120,209,1.61063000,136381.77030520,0
1790988780000000,84676.03000000,84676.04000000,84676.03000000,84676.04000000,2.09227000,1790988839999999,177165.13475350,189,1.74654000,147890.09090160,0
1790988840000000,84676.04000000,84676.04000000,84676.03000000,84676.04000000,3.89712000,1790988899999999,329992.68560790,229,3.55743000,301229.08497720,0
1790988900000000,84676.04000000,84676.04000000,84666.00000000,84666.01000000,2.60644000,1790988959999999,220685.75745610,503,0.75217000,63684.59942950,0
1790988960000000,84666.00000000,84666.01000000,84656.79000000,84656.80000000,2.96705000,1790989019999999,251189.41354730,567,0.90982000,77022.45356050,0
1790989020000000,84656.79000000,84656.80000000,84656.79000000,84656.80000000,1.46102000,1790989079999999,123685.26649330,228,0.31675000,26815.04140000,0
1790989080000000,84656.80000000,84656.80000000,84656.79000000,84656.79000000,4.86763000,1790989139999999,412077.97269480,179,4.19871000,355449.35272800,0
1790989140000000,84656.80000000,84660.11000000,84656.79000000,84660.11000000,6.23191000,1790989199999999,527574.32771340,368,4.87581000,412771.25479440,0
1790989200000000,84660.11000000,84660.11000000,84646.00000000,84646.00000000,8.24452000,1790989259999999,697894.77641920,616,0.37142000,31441.07494420,0
1790989260000000,84646.00000000,84646.01000000,84640.28000000,84640.28000000,1.26882000,1790989319999999,107397.96063780,217,0.31165000,26378.33365130,0
1790989320000000,84640.29000000,84640.29000000,84640.28000000,84640.29000000,2.49331000,1790989379999999,211034.47220790,129,1.56811000,132725.28515190,0
1790989380000000,84640.29000000,84640.29000000,84631.72000000,84631.72000000,1.81008000,1790989439999999,153196.80160160,704,0.22760000,19263.40248960,0
1790989440000000,84631.73000000,84665.85000000,84631.72000000,84652.01000000,14.65760000,1790989499999999,1240679.80277140,1292,12.81571000,1084744.03743080,0
1790989500000000,84652.01000000,84652.01000000,84641.60000000,84650.32000000,6.64422000,1790989559999999,562435.87865810,557,5.73448000,485426.53784710,0
1790989560000000,84650.32000000,84663.94000000,84650.32000000,84663.94000000,1.93893000,1790989619999999,164138.82052790,414,1.34593000,113938.33423640,0
1790989620000000,84663.94000000,84663.94000000,84663.93000000,84663.94000000,1.35359000,1790989679999999,114600.25640590,96,0.73972000,62627.60969680,0
1790989680000000,84663.93000000,84683.91000000,84663.93000000,84683.91000000,2.48776000,1790989739999999,210638.17929390,662,2.36567000,200300.82752360,0
1790989740000000,84683.90000000,84683.91000000,84683.90000000,84683.90000000,0.39764000,1790989799999999,33673.70933230,83,0.33363000,28253.09289330,0
1790989800000000,84683.90000000,84683.91000000,84683.90000000,84683.91000000,1.44132000,1790989859999999,122056.60857140,131,0.98234000,83188.39214940,0
1790989860000000,84683.90000000,84688.91000000,84673.05000000,84673.05000000,7.61231000,1790989919999999,644656.69098910,1293,2.95546000,250284.63036180,0
1790989920000000,84673.06000000,84673.06000000,84673.05000000,84673.05000000,0.57524000,1790989979999999,48707.32954310,89,0.42611000,36080.03759660,0
1790989980000000,84673.05000000,84676.37000000,84669.28000000,84669.29000000,3.39277000,1790990039999999,287281.48664770,641,0.98214000,83162.28636280,0
1790990040000000,84669.28000000,84669.29000000,84639.99000000,84651.80000000,16.65810000,1790990099999999,1410078.05827660,910,1.77749000,150450.11065060,0
1790990100000000,84651.79000000,84678.74000000,84651.79000000,84678.74000000,2.76928000,1790990159999999,234470.71361440,617,2.54580000,215549.76283180,0
1790990160000000,84678.74000000,84706.21000000,84678.74000000,84698.89000000,7.93666000,1790990219999999,672220.86983780,1285,3.46901000,293787.20621270,0
1790990220000000,84698.89000000,84720.58000000,84636.00000000,84636.41000000,31.87712000,1790990279999999,2700011.18641050,2362,3.94382000,334070.39940280,0
1790990280000000,84636.40000000,84636.40000000,84635.00000000,84635.01000000,2.20343000,1790990339999999,186488.80573820,221,0.88862000,75208.36258620,0
1790990340000000,84635.01000000,84635.01000000,84635.00000000,84635.00000000,0.77927000,1790990399999999,65953.52102380,135,0.45738000,38710.36087380,0
1790990400000000,84635.01000000,84635.01000000,84625.23000000,84625.24000000,2.06503000,1790990459999999,174768.78283780,765,0.44031000,37263.07682350,0
1790990460000000,84625.23000000,84625.24000000,84612.61000000,84612.61000000,1.20345000,1790990519999999,101837.38852700,426,0.37553000,31778.58675740,0
1790990520000000,84612.62000000,84612.62000000,84608.19000000,84608.19000000,1.71377000,1790990579999999,145000.64420440,361,0.99092000,83840.16272040,0
1790990580000000,84608.19000000,84612.73000000,84608.19000000,84612.73000000,4.05622000,1790990639999999,343189.83665550,409,2.82961000,239408.57570490,0
1790990640000000,84612.73000000,84634.56000000,84612.73000000,84619.24000000,5.40845000,1790990699999999,457682.39662310,1194,4.15720000,351791.29451160,0
1790990700000000,84619.23000000,84619.24000000,84619.23000000,84619.23000000,0.53159000,1790990759999999,44982.73829210,100,0.18164000,15370.23875360,0
1790990760000000,84619.24000000,84619.24000000,84619.23000000,84619.23000000,0.62436000,1790990819999999,52832.86718380,91,0.47410000,40117.98168400,0
1790990820000000,84619.24000000,84619.24000000,84613.23000000,84613.24000000,3.75221000,1790990879999999,317505.11822910,406,1.49025000,126102.09489000,0
1790990880000000,84613.24000000,84614.60000000,84613.23000000,84614.59000000,3.10352000,1790990939999999,262599.51439270,264,3.06857000,259642.23711060,0
1790990940000000,84614.59000000,84614.60000000,84614.59000000,84614.59000000,1.19711000,1790990999999999,101292.97954370,114,0.77088000,65227.70284800,0
1790991000000000,84614.60000000,84620.01000000,84614.60000000,84620.01000000,2.24964000,1790991059999999,190357.26812390,355,2.19764000,185957.09628540,0
1790991060000000,84620.01000000,84649.12000000,84620.00000000,84649.12000000,3.03225000,1790991119999999,256625.98880650,679,2.97430000,251722.03247430,0
1790991120000000,84649.11000000,84669.73000000,84649.11000000,84656.66000000,3.99950000,1790991179999999,338604.94299950,1170,2.13214000,180503.37881170,0
1790991180000000,84656.66000000,84656.66000000,84636.66000000,84636.67000000,1.02087000,1790991239999999,86416.34697180,474,0.28332000,23982.14420860,0
1790991240000000,84636.67000000,84636.67000000,84636.66000000,84636.67000000,1.40110000,1790991299999999,118584.42807410,103,0.37481000,31722.67028270,0
1790991300000000,84636.67000000,84647.13000000,84636.66000000,84647.13000000,3.29357000,1790991359999999,278771.76174500,454,2.92546000,247612.88482230,0
1790991360000000,84647.13000000,84652.14000000,84647.12000000,84647.12000000,3.97028000,1790991419999999,336086.32436000,559,2.20526000,186674.86430450,0
1790991420000000,84647.13000000,84649.49000000,84647.13000000,84649.49000000,5.47862000,1790991479999999,463750.49517110,243,5.39443000,456623.85544990,0
1790991480000000,84649.49000000,84649.49000000,84629.99000000,84629.99000000,9.28127000,1790991539999999,785602.75437460,331,0.57196000,48415.94883940,0
1790991540000000,84630.00000000,84649.33000000,84629.99000000,84649.32000000,20.61236000,1790991599999999,1744433.15809910,589,13.22562000,1119292.77859810,0
1790991600000000,84649.33000000,84649.33000000,84644.00000000,84644.00000000,1.68783000,1790991659999999,142872.45870460,226,0.41734000,35327.51956860,0
1790991660000000,84644.01000000,84644.01000000,84622.85000000,84622.85000000,1.91172000,1790991719999999,161807.14316630,461,1.19657000,101279.85008220,0
1790991720000000,84622.86000000,84635.90000000,84622.85000000,84635.89000000,1.64670000,1790991779999999,139354.97711910,373,1.55166000,131311.37447350,0
1790991780000000,84635.90000000,84635.90000000,84627.16000000,84627.17000000,3.45078000,1790991839999999,292047.37631860,354,1.21714000,103005.73911110,0
1790991840000000,84627.17000000,84627.17000000,84627.16000000,84627.16000000,0.54383000,1790991899999999,46022.79187240,124,0.34496000,29192.98856320,0
1790991900000000,84627.17000000,84627.17000000,84627.16000000,84627.16000000,0.64479000,1790991959999999,54566.74975080,88,0.32544000,27541.06620480,0
1790991960000000,84627.17000000,84648.83000000,84627.16000000,84648.82000000,1.96836000,1790992019999999,166585.28096240,771,1.86145000,157536.95759340,0
1790992020000000,84648.82000000,84648.83000000,84648.82000000,84648.82000000,2.74524000,1790992079999999,232381.35227510,150,2.56583000,217194.50747890,0
1790992080000000,84648.83000000,84648.83000000,84648.82000000,84648.83000000,0.77244000,1790992139999999,65386.14058350,108,0.60627000,51320.04616410,0
1790992140000000,84648.83000000,84648.83000000,84642.19000000,84642.19000000,0.61088000,1790992199999999,51708.01896950,225,0.19791000,16751.86114710,0
1790992200000000,84642.19000000,84642.20000000,84642.19000000,84642.19000000,0.74029000,1790992259999999,62659.77130190,164,0.44668000,37807.97789600,0
1790992260000000,84642.19000000,84642.20000000,84625.21000000,84625.22000000,2.74879000,1790992319999999,232647.59833010,437,0.13690000,11585.91340420,0
1790992320000000,84625.21000000,84625.22000000,84617.11000000,84617.11000000,1.33042000,1790992379999999,112585.08803390,284,0.49796000,42139.58558920,0
1790992380000000,84617.11000000,84617.12000000,84613.98000000,84613.98000000,0.57638000,1790992439999999,48771.10472170,179,0.24221000,20495.00515100,0
1790992440000000,84613.99000000,84613.99000000,84613.98000000,84613.99000000,0.85433000,1790992499999999,72288.26446430,129,0.29309000,24799.51432910,0
1790992500000000,84613.99000000,84613.99000000,84613.98000000,84613.99000000,0.54313000,1790992559999999,45956.39568340,100,0.47260000,39988.57167400,0
1790992560000000,84613.98000000,84613.99000000,84613.98000000,84613.99000000,1.19992000,1790992619999999,101530.00964400,132,0.27624000,23373.76859760,0
1790992620000000,84613.99000000,84613.99000000,84613.98000000,84613.98000000,1.94047000,1790992679999999,164190.90354010,121,1.37695000,116509.23353050,0
1790992680000000,84613.99000000,84640.01000000,84613.98000000,84640.00000000,17.89694000,1790992739999999,1514589.13022240,658,17.81832000,1507936.50694560,0
1790992740000000,84640.00000000,84640.01000000,84640.00000000,84640.00000000,0.40263000,1790992799999999,34078.60671180,93,0.35118000,29723.87871180,0
1790992800000000,84640.01000000,84640.01000000,84640.00000000,84640.01000000,3.77728000,1790992859999999,319709.01373560,178,3.45356000,292309.35293560,0
1790992860000000,84640.01000000,84640.01000000,84640.00000000,84640.01000000,0.82368000,1790992919999999,69716.27691370,106,0.17137000,14504.75851370,0
1790992920000000,84640.01000000,84640.01000000,84640.00000000,84640.01000000,2.52470000,1790992979999999,213690.62241670,173,1.44167000,122022.96321670,0
1790992980000000,84640.01000000,84640.01000000,84640.00000000,84640.00000000,0.75050000,1790993039999999,63522.32488920,157,0.48892000,41382.19368920,0
1790993040000000,84640.00000000,84640.01000000,84640.00000000,84640.00000000,0.49613000,1790993099999999,41992.44638760,124,0.31876000,26979.84958760,0
1790993100000000,84640.00000000,84640.01000000,84640.00000000,84640.01000000,0.63927000,1790993159999999,54107.81802440,87,0.52244000,44219.32682440,0
1790993160000000,84640.01000000,84640.01000000,84614.00000000,84614.01000000,8.97548000,1790993219999999,759663.54787570,977,0.24681000,20887.01530810,0
1790993220000000,84614.00000000,84614.01000000,84612.00000000,84612.00000000,3.50503000,1790993279999999,296568.58626230,273,0.19956000,16885.34829560,0
1790993280000000,84612.01000000,84612.01000000,84605.32000000,84605.32000000,4.99696000,1790993339999999,422788.70410880,232,1.67112000,141385.94506760,0
1790993340000000,84605.33000000,84605.33000000,84605.32000000,84605.32000000,1.62333000,1790993399999999,137342.36674620,97,1.26306000,106861.60810980,0
1790993400000000,84605.32000000,84605.33000000,84605.32000000,84605.32000000,1.06060000,1790993459999999,89732.40556120,97,0.31692000,26813.12118360,0
1790993460000000,84605.32000000,84605.33000000,84605.32000000,84605.32000000,3.48287000,1790993519999999,294669.33249510,184,0.16267000,13762.74903110,0
1790993520000000,84605.32000000,84612.01000000,84605.32000000,84612.00000000,2.32226000,1790993579999999,196479.19492660,339,1.90910000,161521.18831340,0
1790993580000000,84612.01000000,84612.01000000,84612.00000000,84612.01000000,0.76472000,1790993639999999,64704.49371740,85,0.50774000,42960.90195740,0
1790993640000000,84612.01000000,84614.00000000,84612.00000000,84614.00000000,4.92101000,1790993699999999,416376.87111780,204,3.52228000,298027.51347260,0
1790993700000000,84614.00000000,84627.17000000,84613.99000000,84627.16000000,5.81604000,1790993759999999,492123.43708880,460,5.70163000,482442.47576670,0
1790993760000000,84627.17000000,84627.17000000,84627.16000000,84627.17000000,1.92923000,1790993819999999,163265.25983710,148,0.39503000,33430.27096510,0
1790993820000000,84627.16000000,84646.56000000,84627.16000000,84646.56000000,2.62786000,1790993879999999,222404.88656030,623,2.15704000,182558.22951220,0
1790993880000000,84646.56000000,84658.71000000,84646.55000000,84658.71000000,1.29478000,1790993939999999,109606.20847570,380,1.21727000,103044.99583320,0
1790993940000000,84658.71000000,84668.00000000,84658.70000000,84668.00000000,1.98890000,1790993999999999,168388.54450040,329,0.91083000,77112.82362990,0
1790994000000000,84667.99000000,84669.06000000,84667.99000000,84669.05000000,2.39092000,1790994059999999,202434.92003620,210,2.30802000,195415.87857060,0
1790994060000000,84669.05000000,84680.51000000,84669.05000000,84680.51000000,1.63114000,1790994119999999,138121.26366760,290,1.48728000,125939.12808260,0
1790994120000000,84680.50000000,84680.52000000,84680.50000000,84680.52000000,5.94742000,1790994179999999,503630.57112900,179,5.41463000,458513.64222300,0
1790994180000000,84680.51000000,84680.52000000,84654.01000000,84654.01000000,5.76056000,1790994239999999,487775.70873650,1116,0.41139000,34835.08998610,0
1790994240000000,84654.01000000,84654.02000000,84641.59000000,84641.60000000,2.46802000,1790994299999999,208918.64586150,463,0.33566000,28414.11278640,0
1790994300000000,84641.60000000,84641.60000000,84641.59000000,84641.59000000,1.67644000,1790994359999999,141896.55036860,95,0.32290000,27330.77264000,0
1790994360000000,84641.59000000,84656.01000000,84641.59000000,84656.01000000,15.73392000,1790994419999999,1331845.12877410,496,14.71060000,1245219.04228540,0
1790994420000000,84656.01000000,84656.01000000,84656.00000000,84656.01000000,0.73039000,1790994479999999,61831.89965120,77,0.38112000,32264.09853120,0
1790994480000000,84656.00000000,84656.01000000,84656.00000000,84656.01000000,1.79963000,1790994539999999,152349.49263250,136,1.53525000,129968.13935250,0
1790994540000000,84656.01000000,84656.01000000,84641.51000000,84641.51000000,10.80769000,1790994599999999,914889.65062490,488,0.39008000,33022.50205470,0
1790994600000000,84641.52000000,84641.52000000,84641.51000000,84641.52000000,0.66338000,1790994659999999,56149.49005650,110,0.51527000,43613.23601040,0
1790994660000000,84641.51000000,84641.52000000,84641.51000000,84641.52000000,0.82910000,1790994719999999,70176.28313480,79,0.71938000,60889.41665760,0
1790994720000000,84641.52000000,84650.01000000,84641.51000000,84650.01000000,3.12473000,1790994779999999,264492.61864370,321,2.98796000,252915.50606470,0
1790994780000000,84650.01000000,84659.25000000,84650.00000000,84659.24000000,1.21418000,1790994839999999,102787.58291200,255,0.86165000,72942.68930920,0
1790994840000000,84659.25000000,84659.25000000,84659.24000000,84659.25000000,2.64755000,1790994899999999,224139.59039260,197,1.95306000,165344.59480500,0
1790994900000000,84659.25000000,84659.26000000,84659.24000000,84659.25000000,9.35383000,1790994959999999,791888.23337930,393,8.21600000,695560.41025280,0
1790994960000000,84659.26000000,84663.22000000,84659.25000000,84663.22000000,4.61176000,1790995019999999,390429.93918420,584,4.42478000,374600.28618030,0
1790995020000000,84663.21000000,84663.22000000,84663.21000000,84663.21000000,13.02893000,1790995079999999,1103071.16559740,336,12.89321000,1091580.67473620,0
1790995080000000,84663.22000000,84663.22000000,84663.21000000,84663.22000000,1.75957000,1790995139999999,148970.84996000,78,0.55403000,46905.96377660,0
1790995140000000,84663.21000000,84663.22000000,84663.21000000,84663.21000000,1.19366000,1790995199999999,101059.09714230,114,0.98937000,83763.24997140,0
1790995200000000,84663.21000000,84663.22000000,84663.21000000,84663.22000000,1.33748000,1790995259999999,113235.36035680,96,1.02460000,86745.93521200,0
1790995260000000,84663.21000000,84665.78000000,84663.21000000,84665.78000000,1.82023000,1790995319999999,154106.89759560,284,1.74992000,148154.22627740,0
1790995320000000,84665.78000000,84701.38000000,84665.77000000,84699.99000000,4.56430000,1790995379999999,386528.21644810,740,3.58584000,303660.31899370,0
1790995380000000,84699.99000000,84700.00000000,84684.00000000,84684.00000000,6.21193000,1790995439999999,526122.76145410,1142,0.82843000,70162.08377690,0
1790995440000000,84684.01000000,84684.01000000,84679.03000000,84679.04000000,2.77414000,1790995499999999,234917.67638580,914,0.61212000,51834.24832780,0
1790995500000000,84679.03000000,84679.04000000,84673.63000000,84673.65000000,1.88595000,1790995559999999,159692.38685250,667,0.91755000,77692.36885640,0
1790995560000000,84673.66000000,84673.66000000,84650.00000000,84650.00000000,17.01016000,1790995619999999,1440205.17279950,897,0.40249000,34076.75498640,0
1790995620000000,84650.01000000,84650.01000000,84650.00000000,84650.01000000,0.84580000,1790995679999999,71596.97373350,110,0.37335000,31604.08123350,0
1790995680000000,84650.00000000,84650.01000000,84650.00000000,84650.00000000,1.66792000,1790995739999999,141189.43129240,164,0.32924000,27870.16929240,0
1790995740000000,84650.00000000,84650.01000000,84650.00000000,84650.00000000,1.20249000,1790995799999999,101790.78520520,118,0.67052000,56759.52470520,0
1790995800000000,84650.01000000,84653.84000000,84650.00000000,84650.00000000,9.85548000,1790995859999999,834284.70651840,671,5.58496000,472769.17553690,0
1790995860000000,84650.00000000,84650.01000000,84623.41000000,84644.85000000,11.67549000,1790995919999999,988171.47270320,1443,4.63325000,392093.66599950,0
1790995920000000,84644.86000000,84644.86000000,84633.23000000,84634.60000000,4.19065000,1790995979999999,354678.00810590,576,1.92459000,162885.10609210,0
1790995980000000,84634.60000000,84634.60000000,84634.59000000,84634.59000000,0.73004000,1790996039999999,61786.64265850,149,0.65749000,55646.40315400,0
1790996040000000,84634.59000000,84634.60000000,84634.59000000,84634.59000000,6.51858000,1790996099999999,551697.36928860,145,2.36064000,199791.82214400,0
1790996100000000,84634.60000000,84634.60000000,84634.59000000,84634.60000000,0.65910000,1790996159999999,55782.66265850,106,0.43895000,37150.35767000,0
1790996160000000,84634.60000000,84634.60000000,84613.99000000,84614.00000000,3.44584000,1790996219999999,291600.57341370,837,0.38414000,32506.25150970,0
1790996220000000,84613.99000000,84614.00000000,84604.00000000,84604.01000000,3.79096000,1790996279999999,320752.22549430,347,0.28243000,23896.33558070,0
1790996280000000,84604.00000000,84604.01000000,84600.00000000,84600.01000000,0.96905000,1790996339999999,81983.10119860,238,0.44978000,38051.85303040,0
1790996340000000,84600.00000000,84600.01000000,84600.00000000,84600.00000000,0.38852000,1790996399999999,32868.79425720,87,0.22572000,19095.91425720,0
1790996400000000,84600.01000000,84600.01000000,84600.00000000,84600.00000000,0.64445000,1790996459999999,54520.47528050,161,0.52805000,44673.03528050,0
1790996460000000,84600.01000000,84600.01000000,84600.00000000,84600.01000000,3.43565000,1790996519999999,290655.99354070,173,0.35407000,29954.32554070,0
1790996520000000,84600.01000000,84614.01000000,84600.00000000,84614.00000000,6.41603000,1790996579999999,542813.65038980,772,5.68490000,480959.73267870,0
1790996580000000,84614.01000000,84614.01000000,84614.00000000,84614.01000000,0.73122000,1790996639999999,61871.45421790,104,0.51379000,43473.83219790,0
1790996640000000,84614.01000000,84614.01000000,84599.95000000,84599.95000000,10.73163000,1790996699999999,907965.40422780,386,0.54900000,46452.44322300,0
1790996700000000,84599.96000000,84599.96000000,84564.05000000,84584.81000000,11.46365000,1790996759999999,969564.78558790,1802,4.20279000,355431.08924860,0
1790996760000000,84584.82000000,84584.82000000,84584.81000000,84584.82000000,0.87108000,1790996819999999,73680.14270430,94,0.64095000,54214.64037900,0
1790996820000000,84584.82000000,84584.82000000,84584.81000000,84584.81000000,1.13705000,1790996879999999,96177.16680220,92,0.85917000,72672.73979940,0
1790996880000000,84584.82000000,84584.82000000,84569.37000000,84570.56000000,5.05032000,1790996939999999,427149.16883200,627,0.41367000,34987.34291920,0
1790996940000000,84570.56000000,84570.56000000,84570.55000000,84570.56000000,3.12221000,1790996999999999,264047.03905530,229,2.21398000,187237.52842880,0
1790997000000000,84570.55000000,84570.56000000,84558.00000000,84558.01000000,5.38257000,1790997059999999,455187.41643760,523,0.60402000,51079.61441320,0
1790997060000000,84558.01000000,84558.01000000,84532.77000000,84532.78000000,7.78203000,1790997119999999,657930.72422370,955,0.45707000,38646.30590720,0
1790997120000000,84532.78000000,84532.78000000,84522.63000000,84522.64000000,1.19357000,1790997179999999,100892.81350520,347,0.64184000,54254.94386060,0
1790997180000000,84522.64000000,84532.64000000,84522.63000000,84532.64000000,4.33631000,1790997239999999,366541.76905350,676,3.96030000,334756.85995760,0
1790997240000000,84532.64000000,84532.64000000,84532.63000000,84532.64000000,0.64942000,1790997299999999,54897.18435690,133,0.37823000,31972.78042720,0
1790997300000000,84532.64000000,84580.81000000,84532.63000000,84580.81000000,6.97857000,1790997359999999,590027.63790330,891,6.86512000,580437.31044180,0
1790997360000000,84580.81000000,84603.11000000,84580.81000000,84603.11000000,2.10955000,1790997419999999,178451.03556300,570,1.80272000,152495.35635580,0
1790997420000000,84603.11000000,84603.11000000,84603.10000000,84603.11000000,0.76632000,1790997479999999,64833.05312130,113,0.55293000,46779.59761230,0
1790997480000000,84603.11000000,84603.11000000,84603.10000000,84603.10000000,0.47859000,1790997539999999,40490.20141240,133,0.37834000,32008.74063740,0
1790997540000000,84603.11000000,84603.11000000,84589.97000000,84589.97000000,6.78352000,1790997599999999,573848.27115850,969,1.05047000,88862.27385540,0
1790997600000000,84589.97000000,84589.98000000,84588.70000000,84588.70000000,1.18228000,1790997659999999,100008.17155340,285,0.38594000,32646.35309720,0
1790997660000000,84588.70000000,84588.71000000,84588.70000000,84588.71000000,0.51852000,1790997719999999,43860.93614500,151,0.34210000,28937.79769100,0
1790997720000000,84588.70000000,84588.70000000,84570.81000000,84570.82000000,5.18578000,1790997779999999,438600.86453870,818,1.24890000,105626.21532530,0
1790997780000000,84570.82000000,84570.82000000,84570.81000000,84570.81000000,0.74671000,1790997839999999,63149.87287430,98,0.33392000,28239.88821440,0
1790997840000000,84570.82000000,84578.70000000,84570.81000000,84578.69000000,4.53388000,1790997899999999,383436.38651630,429,4.17326000,352938.43272490,0
1790997900000000,84578.70000000,84578.70000000,84578.69000000,84578.69000000,2.51510000,1790997959999999,212723.88351130,184,2.02923000,171629.63540100,0
1790997960000000,84578.70000000,84599.99000000,84578.69000000,84599.98000000,9.07568000,1790998019999999,767629.46282350,605,9.00779000,761886.94825140,0
1790998020000000,84599.99000000,84599.99000000,84594.00000000,84594.01000000,2.93690000,1790998079999999,248460.72136650,305,0.25535000,21602.27400170,0
1790998080000000,84594.00000000,84594.01000000,84594.00000000,84594.01000000,0.48375000,1790998139999999,40922.35127750,108,0.37775000,31955.38727750,0
1790998140000000,84594.00000000,84594.01000000,84594.00000000,84594.01000000,0.81011000,1790998199999999,68530.45172800,90,0.63880000,54038.65358800,0
1790998200000000,84594.01000000,84595.37000000,84594.00000000,84595.36000000,1.12332000,1790998259999999,95026.21714070,237,0.77517000,65574.74453190,0
1790998260000000,84595.36000000,84599.44000000,84595.36000000,84599.43000000,3.91287000,1790998319999999,331014.92260580,196,3.62303000,306495.22308140,0
1790998320000000,84599.44000000,84599.44000000,84599.43000000,84599.44000000,0.37635000,1790998379999999,31838.99899440,129,0.35139000,29727.39722160,0
1790998380000000,84599.43000000,84609.28000000,84599.43000000,84609.28000000,1.83185000,1790998439999999,154982.58317230,485,1.62425000,137417.75553310,0
1790998440000000,84609.27000000,84616.01000000,84609.27000000,84616.01000000,3.05724000,1790998499999999,258673.32034870,254,2.75503000,233102.37821000,0
1790998500000000,84616.01000000,84616.01000000,84616.00000000,84616.01000000,1.00481000,1790998559999999,85023.00760530,120,0.46453000,39306.67512530,0
1790998560000000,84616.01000000,84616.01000000,84616.00000000,84616.00000000,0.79823000,1790998619999999,67543.03731550,96,0.76355000,64608.55443550,0
1790998620000000,84616.01000000,84616.01000000,84616.00000000,84616.01000000,0.80222000,1790998679999999,67880.65405070,111,0.65307000,55260.17765070,0
1790998680000000,84616.01000000,84616.01000000,84616.00000000,84616.00000000,1.24923000,1790998739999999,105704.85308180,116,0.74018000,62631.07828180,0
1790998740000000,84616.01000000,84625.79000000,84616.00000000,84625.78000000,5.74235000,1790998799999999,485911.51622730,265,3.53515000,299143.91162270,0
1790998800000000,84625.78000000,84625.80000000,84625.78000000,84625.79000000,9.11558000,1790998859999999,771413.14620940,185,7.62749000,645482.36859080,0
1790998860000000,84625.80000000,84625.80000000,84625.79000000,84625.79000000,1.32546000,1790998919999999,112168.10333850,84,0.37251000,31523.95675800,0
1790998920000000,84625.80000000,84640.01000000,84625.79000000,84640.01000000,4.94680000,1790998979999999,418654.19087450,445,4.60305000,389560.66846520,0
1790998980000000,84640.01000000,84655.11000000,84640.00000000,84655.10000000,7.49478000,1790999039999999,634449.75172700,306,6.97359000,590329.76018280,0
1790999040000000,84655.10000000,84655.40000000,84655.10000000,84655.40000000,2.12943000,1790999099999999,180267.11712420,190,0.44733000,37868.77336490,0
1790999100000000,84655.39000000,84655.40000000,84655.39000000,84655.40000000,0.36058000,1790999159999999,30525.04353460,105,0.30084000,25467.73053600,0
1790999160000000,84655.39000000,84655.40000000,84655.39000000,84655.39000000,1.59521000,1790999219999999,135043.13188190,163,0.72000000,60951.88800000,0
1790999220000000,84655.39000000,84663.56000000,84655.39000000,84663.55000000,2.68666000,1790999279999999,227454.32086990,387,1.96052000,165977.53007370,0
1790999280000000,84663.56000000,84669.05000000,84663.55000000,84664.01000000,16.61711000,1790999339999999,1406948.91615250,806,2.03784000,172538.61666530,0
1790999340000000,84664.00000000,84664.01000000,84664.00000000,84664.01000000,6.78752000,1790999399999999,574658.65363050,199,6.03505000,510951.53355050,0
1790999400000000,84664.01000000,84664.01000000,84664.00000000,84664.00000000,1.45141000,1790999459999999,122882.18118110,149,0.49411000,41833.33398110,0
1790999460000000,84664.01000000,84664.01000000,84664.00000000,84664.00000000,2.83047000,1790999519999999,239638.93637230,129,2.42923000,205668.35301230,0
1790999520000000,84664.00000000,84664.01000000,84664.00000000,84664.01000000,3.66987000,1790999579999999,310705.89821610,166,2.45361000,207732.46157610,0
1790999580000000,84664.01000000,84664.02000000,84664.01000000,84664.02000000,3.59278000,1790999639999999,304179.16485520,242,3.47284000,294024.56349580,0
1790999640000000,84664.02000000,84664.02000000,84664.01000000,84664.02000000,0.69641000,1790999699999999,58960.86894290,198,0.57388000,48586.98779760,0
1790999700000000,84664.01000000,84669.05000000,84664.01000000,84669.04000000,2.81088000,1790999759999999,237982.23695770,359,2.71923000,230222.71173140,0
1790999760000000,84669.05000000,84670.00000000,84669.04000000,84669.99000000,0.70024000,1790999819999999,59288.66307330,198,0.65606000,55547.98103860,0
1790999820000000,84670.00000000,84698.73000000,84669.99000000,84698.72000000,8.36690000,1790999879999999,708589.25588360,859,8.27788000,701050.00231280,0
1790999880000000,84698.72000000,84698.73000000,84698.72000000,84698.72000000,4.53130000,1790999939999999,383795.35332560,111,4.33896000,367504.40152080,0
1790999940000000,84698.72000000,84699.56000000,84698.72000000,84699.56000000,1.17012000,1790999999999999,99107.83686100,238,1.01710000,86147.22973770,0
1791000000000000,84699.56000000,84699.56000000,84699.55000000,84699.55000000,3.37294000,1791000059999999,285686.51570820,307,1.55312000,131548.58062720,0
1791000060000000,84699.56000000,84699.56000000,84699.55000000,84699.56000000,1.22325000,1791000119999999,103608.73117290,176,0.66354000,56201.54604240,0
1791000120000000,84699.56000000,84711.33000000,84699.55000000,84711.32000000,1.57196000,1791000179999999,133148.12960950,466,1.46174000,123812.21426530,0
1791000180000000,84711.32000000,84722.01000000,84711.32000000,84722.01000000,1.66422000,1791000239999999,140980.89215370,447,1.51432000,128282.62327530,0
1791000240000000,84722.01000000,84725.04000000,84722.00000000,84725.04000000,2.29341000,1791000299999999,194307.28565070,312,1.17676000,99700.25511710,0
1791000300000000,84725.03000000,84725.04000000,84706.92000000,84706.92000000,7.66435000,1791000359999999,649321.73415040,1047,2.18256000,184907.74290880,0
1791000360000000,84706.92000000,84706.92000000,84700.92000000,84700.92000000,1.70397000,1791000419999999,144329.06436550,401,0.58830000,49829.82804210,0
1791000420000000,84700.93000000,84700.93000000,84700.92000000,84700.93000000,0.70994000,1791000479999999,60132.57596040,140,0.48156000,40788.57985080,0
1791000480000000,84700.92000000,84700.93000000,84672.01000000,84672.01000000,3.48045000,1791000539999999,294760.03697450,1057,0.43135000,36527.22610300,0
1791000540000000,84672.02000000,84672.02000000,84664.00000000,84664.00000000,1.17249000,1791000599999999,99273.23460720,302,0.25706000,21765.21089890,0
1791000600000000,84664.01000000,84664.01000000,84664.00000000,84664.01000000,0.49133000,1791000659999999,41597.96703160,118,0.39116000,33117.17415160,0
1791000660000000,84664.00000000,84664.01000000,84664.00000000,84664.01000000,0.71107000,1791000719999999,60202.03461640,108,0.41364000,35020.42109640,0
1791000720000000,84664.01000000,84664.01000000,84664.00000000,84664.01000000,0.55833000,1791000779999999,47270.45499460,110,0.38746000,32803.91731460,0
1791000780000000,84664.01000000,84664.01000000,84663.63000000,84663.64000000,1.18360000,1791000839999999,100207.94338090,186,0.93783000,79400.10920830,0
1791000840000000,84663.63000000,84663.64000000,84663.63000000,84663.64000000,0.52290000,1791000899999999,44270.61641710,85,0.42901000,36321.54819640,0
1791000900000000,84663.63000000,84663.64000000,84653.84000000,84653.85000000,1.49097000,1791000959999999,126225.23957430,286,0.50609000,42845.36495890,0
1791000960000000,84653.85000000,84653.85000000,84609.22000000,84609.22000000,4.90780000,1791001019999999,415296.52042940,1052,0.29291000,24785.00081690,0
1791001020000000,84609.23000000,84609.23000000,84597.41000000,84609.07000000,8.01919000,1791001079999999,678444.30780260,733,3.50047000,296136.68870230,0
1791001080000000,84609.07000000,84609.07000000,84609.06000000,84609.06000000,1.11503000,1791001139999999,94341.64954040,177,0.93686000,79266.85332020,0
1791001140000000,84609.07000000,84609.07000000,84600.00000000,84600.01000000,4.03674000,1791001199999999,341523.06335860,507,0.37996000,32146.25772640,0
1791001200000000,84600.00000000,84600.00000000,84591.44000000,84591.44000000,2.45061000,1791001259999999,207308.97902730,362,0.57093000,48297.06267570,0
1791001260000000,84591.45000000,84591.45000000,84591.43000000,84591.44000000,1.52588000,1791001319999999,129076.38916100,270,0.85354000,72202.18378430,0
1791001320000000,84591.43000000,84591.44000000,84578.76000000,84578.77000000,1.70992000,1791001379999999,144636.55963670,379,0.39598000,33493.92713440,0
1791001380000000,84578.77000000,84578.77000000,84578.76000000,84578.76000000,0.49115000,1791001439999999,41540.86082690,138,0.28529000,24129.47729330,0
1791001440000000,84578.77000000,84591.44000000,84578.76000000,84591.44000000,6.30859000,1791001499999999,533592.23193260,947,6.14760000,519973.99255240,0
1791001500000000,84591.43000000,84591.44000000,84576.00000000,84576.00000000,2.17721000,1791001559999999,184159.79857900,565,0.36332000,30731.45153870,0
1791001560000000,84576.01000000,84576.01000000,84576.00000000,84576.00000000,0.71146000,1791001619999999,60172.44662900,137,0.56690000,47946.14006900,0
1791001620000000,84576.00000000,84576.01000000,84544.01000000,84544.02000000,4.39589000,1791001679999999,371705.68113550,610,0.37919000,32064.24382240,0
1791001680000000,84544.01000000,84544.02000000,84544.01000000,84544.02000000,0.65723000,1791001739999999,55564.86337570,110,0.36834000,31140.94432680,0
1791001740000000,84544.02000000,84544.02000000,84527.99000000,84528.00000000,6.48352000,1791001799999999,548074.99620720,434,0.98731000,83456.28666560,0
1791001800000000,84528.00000000,84536.59000000,84527.99000000,84536.59000000,12.94117000,1791001859999999,1093978.57541150,325,3.06378000,258979.21123880,0
1791001860000000,84536.59000000,84544.02000000,84536.58000000,84544.02000000,2.19835000,1791001919999999,185844.08161500,381,2.09848000,177401.22197360,0
1791001920000000,84544.02000000,84559.87000000,84544.01000000,84559.86000000,3.65630000,1791001979999999,309158.31124210,627,2.05184000,173486.90842000,0
1791001980000000,84559.86000000,84559.87000000,84558.00000000,84558.00000000,4.83164000,1791002039999999,408555.56628630,274,3.80731000,321939.03563110,0
1791002040000000,84558.01000000,84558.01000000,84538.38000000,84538.38000000,2.18517000,1791002099999999,184757.10779100,488,0.32230000,27248.41926730,0
1791002100000000,84538.38000000,84538.39000000,84538.38000000,84538.39000000,0.72421000,1791002159999999,61223.54491550,87,0.47357000,40034.84535230,0
1791002160000000,84538.39000000,84538.39000000,84536.00000000,84536.01000000,2.84007000,1791002219999999,240093.29195150,210,0.56616000,47860.95083280,0
1791002220000000,84536.01000000,84536.01000000,84536.00000000,84536.01000000,0.42773000,1791002279999999,36158.58735030,79,0.40703000,34408.69215030,0
1791002280000000,84536.01000000,84536.01000000,84536.00000000,84536.01000000,1.86291000,1791002339999999,157482.97233960,144,1.25796000,106342.91913960,0
1791002340000000,84536.01000000,84554.01000000,84536.00000000,84554.01000000,3.74391000,1791002399999999,316531.15788450,728,2.53874000,214630.27427730,0
1791002400000000,84554.01000000,84554.01000000,84554.00000000,84554.00000000,0.86770000,1791002459999999,73367.51007780,175,0.42778000,36170.51439780,0
1791002460000000,84554.01000000,84554.01000000,84549.26000000,84549.27000000,2.48396000,1791002519999999,210023.98705390,326,0.39535000,33426.66921870,0
1791002520000000,84549.27000000,84549.27000000,84525.00000000,84525.00000000,4.71123000,1791002579999999,398270.49213470,403,0.62493000,52826.54812480,0
1791002580000000,84525.00000000,84534.01000000,84525.00000000,84534.00000000,2.49933000,1791002639999999,211262.98265440,616,2.12831000,179900.29232440,0
1791002640000000,84534.01000000,84550.01000000,84534.00000000,84550.01000000,1.80691000,1791002699999999,152759.23544730,760,1.51321000,127929.86861030,0
1791002700000000,84550.01000000,84562.01000000,84550.00000000,84562.01000000,2.66653000,1791002759999999,225480.78904100,430,1.85472000,156832.73756110,0
1791002760000000,84562.01000000,84569.98000000,84562.00000000,84569.97000000,1.44487000,1791002819999999,122186.06049550,301,1.22143000,103291.20447970,0
1791002820000000,84569.98000000,84587.31000000,84569.98000000,84587.31000000,1.70348000,1791002879999999,144075.47534520,799,1.65928000,140337.17784760,0
1791002880000000,84587.30000000,84595.01000000,84587.30000000,84595.00000000,1.00805000,1791002939999999,85274.20829510,518,0.73923000,62533.47368470,0
1791002940000000,84595.00000000,84606.33000000,84595.00000000,84606.33000000,1.60519000,1791002999999999,135796.15534900,316,1.35515000,114643.27165670,0
1791003000000000,84606.33000000,84606.33000000,84586.02000000,84586.02000000,3.73604000,1791003059999999,316069.29068020,774,0.47676000,40329.21072220,0
1791003060000000,84586.03000000,84586.03000000,84576.00000000,84576.01000000,2.03340000,1791003119999999,171986.69421310,451,0.44911000,37985.60970750,0
1791003120000000,84576.00000000,84588.01000000,84576.00000000,84588.00000000,1.57646000,1791003179999999,133334.70358450,372,1.40429000,118772.67039350,0
1791003180000000,84588.01000000,84588.01000000,84588.00000000,84588.01000000,0.51543000,1791003239999999,43599.19673300,108,0.38930000,32930.11229300,0
1791003240000000,84588.00000000,84588.01000000,84587.30000000,84587.31000000,0.74329000,1791003299999999,62873.11470340,205,0.50646000,42840.22048960,0
1791003300000000,84587.30000000,84587.30000000,84587.28000000,84587.29000000,4.01255000,1791003359999999,339410.76033040,222,0.48812000,41288.74799480,0
1791003360000000,84587.28000000,84587.29000000,84587.28000000,84587.29000000,0.47355000,1791003419999999,40056.30948290,114,0.30389000,25705.23155810,0
1791003420000000,84587.28000000,84587.29000000,84574.52000000,84574.53000000,4.60729000,1791003479999999,389695.52987180,412,0.31017000,26235.95166930,0
1791003480000000,84574.52000000,84577.24000000,84574.52000000,84577.24000000,2.85667000,1791003539999999,241602.22144840,277,2.65176000,224271.89455140,0
1791003540000000,84577.24000000,84577.24000000,84577.23000000,84577.23000000,0.60662000,1791003599999999,51306.24214130,101,0.28787000,24347.25007880,0
1791003600000000,84577.23000000,84577.24000000,84574.55000000,84574.56000000,4.13036000,1791003659999999,349333.61397040,265,0.29335000,24810.59755840,0
1791003660000000,84574.55000000,84574.56000000,84557.55000000,84557.56000000,2.82024000,1791003719999999,238497.68711080,660,1.34372000,113632.02147890,0
1791003720000000,84557.55000000,84557.56000000,84557.55000000,84557.55000000,0.94297000,1791003779999999,79735.23479170,161,0.18682000,15797.04335920,0
1791003780000000,84557.56000000,84557.56000000,84553.14000000,84553.14000000,1.50136000,1791003839999999,126950.92055460,388,0.28571000,24158.94007070,0
1791003840000000,84553.15000000,84562.01000000,84553.14000000,84562.01000000,5.33155000,1791003899999999,450815.25029580,405,4.91306000,415427.12245360,0
1791003900000000,84562.00000000,84572.53000000,84562.00000000,84572.53000000,1.86345000,1791003959999999,157591.10980410,262,1.35505000,114594.47998090,0
1791003960000000,84572.52000000,84572.53000000,84568.87000000,84568.88000000,1.12938000,1791004019999999,95513.69486300,291,0.46428000,39264.87210190,0
1791004020000000,84568.87000000,84568.88000000,84564.97000000,84564.97000000,0.70478000,1791004079999999,59600.63833400,180,0.32838000,27769.73107740,0
1791004080000000,84564.98000000,84564.98000000,84564.97000000,84564.98000000,1.37928000,1791004139999999,116638.78230110,132,1.04795000,88619.87079100,0
1791004140000000,84564.98000000,84576.41000000,84564.97000000,84576.41000000,3.03858000,1791004199999999,256980.46317960,489,2.89928000,245199.58765100,0
1791004200000000,84576.41000000,84584.01000000,84572.01000000,84572.02000000,3.98188000,1791004259999999,336782.23138930,757,1.91161000,161680.03153310,0
1791004260000000,84572.02000000,84572.02000000,84572.01000000,84572.01000000,0.74882000,1791004319999999,63329.21784010,114,0.53119000,44923.81130380,0
1791004320000000,84572.02000000,84572.02000000,84570.19000000,84570.20000000,1.79451000,1791004379999999,151763.92775280,316,0.54384000,45993.31471540,0
1791004380000000,84570.19000000,84570.20000000,84570.19000000,84570.19000000,1.06710000,1791004439999999,90244.85481860,138,0.50696000,42873.70859200,0
1791004440000000,84570.19000000,84570.20000000,84570.19000000,84570.19000000,1.26920000,1791004499999999,107336.49178730,201,0.66393000,56148.69288600,0
1791004500000000,84570.20000000,84570.20000000,84570.19000000,84570.20000000,2.35294000,1791004559999999,198988.59939600,126,1.65374000,139857.12254800,0
1791004560000000,84570.20000000,84570.20000000,84570.19000000,84570.20000000,0.98278000,1791004619999999,83113.89649990,133,0.51717000,43737.17033400,0
1791004620000000,84570.20000000,84579.59000000,84570.19000000,84578.02000000,4.50072000,1791004679999999,380633.24751840,549,3.64371000,308154.51512010,0
1791004680000000,84578.02000000,84583.99000000,84578.01000000,84583.99000000,4.61042000,1791004739999999,389944.47303590,338,4.20698000,355821.94706420,0
1791004740000000,84583.99000000,84587.30000000,84583.98000000,84587.30000000,2.31958000,1791004799999999,196203.66956780,256,2.09324000,177058.71274360,0
1791004800000000,84587.30000000,84587.30000000,84587.29000000,84587.30000000,2.51018000,1791004859999999,212329.34652950,152,2.29173000,193851.25302900,0
1791004860000000,84587.29000000,84587.30000000,84587.29000000,84587.30000000,1.82104000,1791004919999999,154036.85628770,119,1.77061000,149771.11925300,0
1791004920000000,84587.30000000,84610.13000000,84587.29000000,84610.13000000,7.55445000,1791004979999999,639060.14068300,796,7.21625000,610447.48808520,0
1791004980000000,84610.12000000,84610.13000000,84610.12000000,84610.13000000,0.90926000,1791005039999999,76932.60536150,152,0.76503000,64729.28775390,0
1791005040000000,84610.12000000,84610.13000000,84610.12000000,84610.13000000,0.67145000,1791005099999999,56811.47048600,205,0.54120000,45791.00235600,0
1791005100000000,84610.13000000,84610.13000000,84610.12000000,84610.12000000,1.10526000,1791005159999999,93516.18944950,111,0.82183000,69535.14313790,0
1791005160000000,84610.12000000,84610.13000000,84610.12000000,84610.13000000,1.16548000,1791005219999999,98611.40920520,230,0.65476000,55399.32871880,0
1791005220000000,84610.12000000,84619.64000000,84610.12000000,84619.64000000,2.19777000,1791005279999999,185963.38191780,360,2.04625000,173142.03669340,0
1791005280000000,84619.64000000,84619.64000000,84619.63000000,84619.64000000,0.93672000,1791005339999999,79264.90466670,178,0.48531000,41066.75748840,0
1791005340000000,84619.63000000,84619.64000000,84619.63000000,84619.63000000,1.60684000,1791005399999999,135970.21841600,161,1.21468000,102785.78431520,0
1791005400000000,84619.64000000,84625.28000000,84619.63000000,84625.27000000,0.82095000,1791005459999999,69470.40556150,479,0.60623000,51300.36507680,0
1791005460000000,84625.28000000,84634.40000000,84625.27000000,84634.40000000,1.70922000,1791005519999999,144657.62539760,315,0.60525000,51223.80133490,0
1791005520000000,84634.40000000,84634.41000000,84634.39000000,84634.41000000,1.51004000,1791005579999999,127801.32134100,234,0.63843000,54033.14056450,0
1791005580000000,84634.41000000,84637.51000000,84634.40000000,84637.51000000,1.06072000,1791005639999999,89774.19797660,247,1.02523000,86770.48994860,0
1791005640000000,84637.51000000,84637.51000000,84637.50000000,84637.51000000,1.37213000,1791005699999999,116133.66627330,174,1.33983000,113399.87502330,0
1791005700000000,84637.51000000,84637.51000000,84637.43000000,84637.44000000,3.78573000,1791005759999999,320414.65167920,622,1.24860000,105678.32238760,0
1791005760000000,84637.44000000,84637.44000000,84637.43000000,84637.43000000,0.70066000,1791005819999999,59302.06469100,131,0.29872000,25282.89607680,0
1791005820000000,84637.43000000,84637.44000000,84637.43000000,84637.44000000,0.64615000,1791005879999999,54688.47973250,113,0.43380000,36715.72147200,0
1791005880000000,84637.44000000,84637.44000000,84637.43000000,84637.44000000,0.71668000,1791005939999999,60657.95884770,155,0.55153000,46680.08728320,0
1791005940000000,84637.44000000,84637.44000000,84637.43000000,84637.44000000,0.48908000,1791005999999999,41394.47596160,111,0.16972000,14364.66631680,0
1791006000000000,84637.44000000,84637.44000000,84637.43000000,84637.43000000,0.84182000,1791006059999999,71249.48406330,139,0.27407000,23196.58318080,0
1791006060000000,84637.44000000,84637.44000000,84637.43000000,84637.43000000,1.27932000,1791006119999999,108278.35957440,126,0.26268000,22232.56273920,0
1791006120000000,84637.44000000,84637.44000000,84637.43000000,84637.44000000,1.22165000,1791006179999999,103397.32133710,181,0.49776000,42129.13213440,0
1791006180000000,84637.44000000,84637.44000000,84637.43000000,84637.43000000,0.34862000,1791006239999999,29506.30335030,56,0.25037000,21190.67585280,0
1791006240000000,84637.44000000,84637.44000000,84637.43000000,84637.43000000,1.43864000,1791006299999999,121762.80439250,90,1.20973000,102388.45029120,0
1791006300000000,84637.44000000,84637.44000000,84637.43000000,84637.44000000,0.73548000,1791006359999999,62249.14099110,121,0.39747000,33640.84327680,0
1791006360000000,84637.43000000,84637.44000000,84637.43000000,84637.44000000,0.52654000,1791006419999999,44564.99696070,70,0.45685000,38666.61446400,0
1791006420000000,84637.44000000,84648.01000000,84637.43000000,84648.01000000,2.60910000,1791006479999999,220839.58919970,1189,2.44107000,206616.77566050,0
1791006480000000,84648.01000000,84654.01000000,84648.00000000,84651.47000000,1.61797000,1791006539999999,136964.60500630,610,0.88581000,74984.99198730,0
1791006540000000,84651.47000000,84651.47000000,84651.46000000,84651.47000000,0.60113000,1791006599999999,50886.53551160,134,0.33618000,28458.13118460,0
1791006600000000,84651.46000000,84651.47000000,84650.00000000,84650.00000000,1.93650000,1791006659999999,163926.88687910,724,0.51919000,43950.04830030,0
1791006660000000,84650.00000000,84650.00000000,84646.90000000,84646.91000000,1.11080000,1791006719999999,94026.45485040,264,0.34430000,29143.93111300,0
1791006720000000,84646.90000000,84646.91000000,84638.38000000,84638.39000000,1.66238000,1791006779999999,140710.59308950,347,0.48216000,40810.92950400,0
1791006780000000,84638.38000000,84638.39000000,84628.64000000,84628.65000000,2.55127000,1791006839999999,215926.02763680,504,0.23584000,19960.28326800,0
1791006840000000,84628.65000000,84652.01000000,84627.02000000,84652.01000000,35.95350000,1791006899999999,3043032.36948560,749,33.62947000,2846320.90504380,0
1791006900000000,84652.00000000,84652.01000000,84652.00000000,84652.00000000,0.85926000,1791006959999999,72738.08404600,91,0.65260000,55243.90172600,0
1791006960000000,84652.01000000,84652.01000000,84652.00000000,84652.01000000,1.00520000,1791007019999999,85092.19938990,128,0.89899000,76101.31046990,0
1791007020000000,84652.01000000,84652.01000000,84647.96000000,84647.96000000,2.13854000,1791007079999999,181028.21709360,568,0.25751000,21798.43290350,0
1791007080000000,84647.97000000,84647.97000000,84640.84000000,84640.84000000,1.75649000,1791007139999999,148676.51632800,488,0.42074000,35613.09414940,0
1791007140000000,84640.85000000,84652.10000000,84636.48000000,84652.09000000,7.98705000,1791007199999999,676055.21197000,766,6.27595000,531229.49058570,0
1791007200000000,84652.09000000,84659.23000000,84652.09000000,84659.23000000,1.23959000,1791007259999999,104934.43428880,319,0.99377000,84125.19820340,0
1791007260000000,84659.23000000,84674.01000000,84659.22000000,84674.00000000,2.09151000,1791007319999999,177078.77037640,502,1.85524000,157074.49111400,0
1791007320000000,84674.01000000,84674.01000000,84673.78000000,84673.78000000,1.73604000,1791007379999999,146997.33156900,324,0.24014000,20333.60988860,0
1791007380000000,84673.78000000,84673.78000000,84668.15000000,84670.07000000,1.70059000,1791007439999999,143987.34664060,405,1.32419000,112117.53686560,0
1791007440000000,84670.06000000,84670.07000000,84649.17000000,84649.96000000,12.76635000,1791007499999999,1080832.21509470,967,0.41475000,35113.20297840,0
1791007500000000,84649.95000000,84649.96000000,84638.01000000,84638.02000000,1.66829000,1791007559999999,141206.76239120,738,0.43367000,36705.94973180,0
1791007560000000,84638.02000000,84644.01000000,84638.01000000,84644.00000000,1.36553000,1791007619999999,115579.48559150,315,1.02875000,87074.03761160,0
1791007620000000,84644.00000000,84644.01000000,84644.00000000,84644.00000000,0.71396000,1791007679999999,60432.43467850,66,0.44385000,37569.24383850,0
1791007680000000,84644.01000000,84656.00000000,84644.01000000,84655.99000000,1.50837000,1791007739999999,127686.27029120,401,1.34463000,113824.71608450,0
1791007740000000,84655.99000000,84672.37000000,84649.80000000,84649.80000000,8.95561000,1791007799999999,758185.22553600,1529,2.80922000,237832.25610300,0
1791007800000000,84649.81000000,84649.81000000,84649.80000000,84649.80000000,1.13240000,1791007859999999,95857.43672470,95,0.32047000,27127.72461070,0
1791007860000000,84649.80000000,84655.52000000,84649.80000000,84655.52000000,1.55384000,1791007919999999,131534.08650640,391,0.87117000,73745.30336190,0
1791007920000000,84655.52000000,84656.01000000,84633.69000000,84638.01000000,14.79037000,1791007979999999,1251989.69986540,910,0.76717000,64932.63542940,0
1791007980000000,84638.00000000,84644.01000000,84630.01000000,84630.01000000,6.67452000,1791008039999999,564936.48629920,980,1.89277000,160204.46836510,0
1791008040000000,84630.01000000,84630.01000000,84628.37000000,84628.37000000,7.88457000,1791008099999999,667269.80574490,357,1.10295000,93342.50343030,0
1791008100000000,84628.37000000,84634.77000000,84628.37000000,84634.77000000,2.21485000,1791008159999999,187442.52083990,327,1.92205000,162663.33410390,0
1791008160000000,84634.77000000,84634.77000000,84634.76000000,84634.76000000,0.62866000,1791008219999999,53206.49230980,109,0.40882000,34600.38667140,0
1791008220000000,84634.77000000,84641.43000000,84634.76000000,84641.42000000,3.23420000,1791008279999999,273731.53638690,237,3.08354000,260979.46497810,0
1791008280000000,84641.43000000,84655.17000000,84641.42000000,84655.17000000,2.42596000,1791008339999999,205348.09707570,421,2.17421000,184039.48797710,0
1791008340000000,84655.17000000,84655.17000000,84655.16000000,84655.17000000,1.60187000,1791008399999999,135606.57476990,142,1.36207000,115306.26740190,0
1791008400000000,84655.16000000,84655.17000000,84655.16000000,84655.17000000,0.43639000,1791008459999999,36942.66794610,91,0.26737000,22634.25280290,0
1791008460000000,84655.16000000,84655.17000000,84655.16000000,84655.16000000,0.89940000,1791008519999999,76138.85780070,85,0.68967000,58384.13109390,0
1791008520000000,84655.17000000,84660.00000000,84645.55000000,84645.56000000,7.30700000,1791008579999999,618555.37403720,998,1.65921000,140448.21372710,0
1791008580000000,84645.56000000,84645.56000000,84645.55000000,84645.55000000,0.70722000,1791008639999999,59863.03019470,91,0.43237000,36598.20077720,0
1791008640000000,84645.56000000,84645.56000000,84645.55000000,84645.55000000,0.72263000,1791008699999999,61167.41851890,107,0.47224000,39973.01925440,0
1791008700000000,84645.55000000,84645.56000000,84645.55000000,84645.56000000,0.61744000,1791008759999999,52263.55140070,106,0.30087000,25467.30963720,0
1791008760000000,84645.56000000,84664.61000000,84645.56000000,84664.60000000,4.12300000,1791008819999999,349021.57634380,1666,3.84954000,325870.09525530,0
1791008820000000,84664.61000000,84666.01000000,84664.61000000,84666.01000000,1.48708000,1791008879999999,125904.16293720,661,1.23662000,104698.89553470,0
1791008880000000,84666.01000000,84668.03000000,84649.54000000,84649.55000000,4.20932000,1791008939999999,356371.97457820,717,0.88328000,74778.21723620,0
1791008940000000,84649.54000000,84649.55000000,84649.54000000,84649.55000000,1.22819000,1791008999999999,103965.72854120,102,1.00086000,84722.34861300,0
1791009000000000,84649.55000000,84654.43000000,84649.54000000,84654.43000000,4.12796000,1791009059999999,349436.33355710,782,2.48321000,210206.97152360,0
1791009060000000,84654.43000000,84658.01000000,84652.01000000,84652.01000000,3.69439000,1791009119999999,312747.53339690,915,0.56656000,47962.01853420,0
1791009120000000,84652.02000000,84660.56000000,84652.01000000,84660.55000000,2.84156000,1791009179999999,240551.37966570,634,2.33113000,197341.59338510,0
1791009180000000,84660.55000000,84662.78000000,84660.55000000,84661.36000000,2.59787000,1791009239999999,219941.14937850,491,2.15808000,182707.45596770,0
1791009240000000,84661.35000000,84661.35000000,84652.01000000,84652.02000000,2.32617000,1791009299999999,196924.99193280,462,0.37510000,31753.48800090,0
1791009300000000,84652.02000000,84656.27000000,84652.01000000,84656.26000000,3.43579000,1791009359999999,290847.38390290,533,2.64921000,224261.52295460,0
1791009360000000,84656.26000000,84656.26000000,84628.00000000,84638.22000000,6.93697000,1791009419999999,587127.91118820,1007,3.23718000,273962.07551890,0
1791009420000000,84638.22000000,84656.58000000,84638.22000000,84656.57000000,6.35044000,1791009479999999,537557.31416320,1064,6.25163000,529193.54349780,0
1791009480000000,84656.58000000,84664.00000000,84652.00000000,84652.01000000,5.08467000,1791009539999999,430466.87778890,1171,2.41763000,204678.55821200,0
1791009540000000,84652.01000000,84658.01000000,84652.00000000,84658.01000000,4.12650000,1791009599999999,349327.23905810,930,3.87982000,328444.54902220,0
1791009600000000,84658.01000000,84659.39000000,84658.01000000,84659.39000000,2.69098000,1791009659999999,227816.10138360,600,2.01576000,170652.40043110,0
1791009660000000,84659.39000000,84659.39000000,84659.38000000,84659.39000000,1.14921000,1791009719999999,97291.40978690,106,0.36971000,31299.42307690,0
1791009720000000,84659.39000000,84659.39000000,84648.21000000,84648.21000000,5.41076000,1791009779999999,458053.02541870,602,1.98973000,168441.50687850,0
1791009780000000,84648.21000000,84648.22000000,84626.37000000,84626.38000000,9.08626000,1791009839999999,769075.71163050,693,2.26356000,191592.13635310,0
1791009840000000,84626.37000000,84660.01000000,84626.37000000,84652.82000000,51.20624000,1791009899999999,4334351.47913240,814,45.80832000,3877366.10988010,0
1791009900000000,84652.82000000,84652.83000000,84643.22000000,84644.00000000,2.84498000,1791009959999999,240821.82041670,361,0.50639000,42863.30531620,0
1791009960000000,84644.01000000,84644.01000000,84628.36000000,84628.37000000,5.42710000,1791010019999999,459321.42271470,929,0.58378000,49406.29206450,0
1791010020000000,84628.37000000,84632.01000000,84628.37000000,84632.01000000,1.32671000,1791010079999999,112279.07779350,347,1.10815000,93782.46017800,0
1791010080000000,84632.01000000,84632.01000000,84632.00000000,84632.00000000,0.61990000,1791010139999999,52463.38062850,121,0.38285000,32401.36502850,0
1791010140000000,84632.00000000,84632.01000000,84568.53000000,84568.54000000,11.98523000,1791010199999999,1013875.78652890,700,0.31264000,26447.35711260,0
1791010200000000,84568.53000000,84568.54000000,84550.00000000,84557.84000000,10.08965000,1791010259999999,853144.32594130,791,4.35201000,367970.94418830,0
1791010260000000,84557.85000000,84558.69000000,84557.84000000,84558.69000000,1.61565000,1791010319999999,136616.12705180,322,0.80219000,67831.63447020,0
1791010320000000,84558.69000000,84592.01000000,84558.68000000,84592.00000000,2.58534000,1791010379999999,218645.50467530,1251,2.28378000,193141.07613450,0
1791010380000000,84592.01000000,84601.53000000,84588.00000000,84591.99000000,3.90314000,1791010439999999,330179.76144970,890,0.77716000,65741.84896120,0
1791010440000000,84592.00000000,84592.00000000,84585.97000000,84585.97000000,4.74311000,1791010499999999,401213.54222980,419,0.67417000,57027.32849930,0
1791010500000000,84585.98000000,84585.98000000,84585.97000000,84585.98000000,0.79173000,1791010559999999,66969.25338440,117,0.33563000,28389.59246740,0
1791010560000000,84585.98000000,84585.98000000,84573.47000000,84573.48000000,2.27707000,1791010619999999,192596.78689390,471,0.40397000,34167.87717830,0
1791010620000000,84573.47000000,84573.48000000,84573.47000000,84573.48000000,1.06542000,1791010679999999,90106.27050710,158,0.40997000,34672.58959560,0
1791010680000000,84573.48000000,84573.48000000,84573.47000000,84573.48000000,0.45036000,1791010739999999,38088.51142760,115,0.34784000,29418.03928320,0
1791010740000000,84573.48000000,84586.00000000,84570.01000000,84586.00000000,13.89522000,1791010799999999,1175195.06081920,530,12.39459000,1048271.57720230,0
1791010800000000,84586.01000000,84586.01000000,84586.00000000,84586.01000000,1.57470000,1791010859999999,133197.57717020,223,0.29702000,25123.73669020,0
1791010860000000,84586.01000000,84586.01000000,84586.00000000,84586.00000000,1.34827000,1791010919999999,114044.76880850,145,0.25885000,21895.08868850,0
1791010920000000,84586.00000000,84586.01000000,84586.00000000,84586.01000000,0.51932000,1791010979999999,43927.20526050,137,0.37405000,31639.39704050,0
1791010980000000,84586.00000000,84586.01000000,84586.00000000,84586.01000000,0.62540000,1791011039999999,52900.08815910,109,0.37591000,31796.72701910,0
1791011040000000,84586.00000000,84586.01000000,84572.00000000,84574.74000000,3.66096000,1791011099999999,309642.86797630,910,0.79647000,67362.38106130,0
1791011100000000,84574.75000000,84589.27000000,84574.74000000,84589.27000000,3.83148000,1791011159999999,324080.13130460,778,3.35943000,284153.92149920,0
1791011160000000,84589.27000000,84589.27000000,84589.26000000,84589.26000000,0.54203000,1791011219999999,45849.92073920,122,0.41414000,35031.80027780,0
1791011220000000,84589.26000000,84589.27000000,84589.26000000,84589.27000000,0.90233000,1791011279999999,76327.43073040,131,0.37546000,31759.88731420,0
1791011280000000,84589.27000000,84589.27000000,84589.26000000,84589.27000000,0.68130000,1791011339999999,57630.66840210,135,0.55641000,47066.31572070,0
1791011340000000,84589.27000000,84589.27000000,84589.26000000,84589.27000000,0.58422000,1791011399999999,49418.74055670,93,0.30795000,26049.26569650,0
1791011400000000,84589.26000000,84589.27000000,84589.26000000,84589.27000000,0.56334000,1791011459999999,47652.51547720,76,0.17488000,14792.97153760,0
1791011460000000,84589.27000000,84589.27000000,84589.26000000,84589.27000000,0.87632000,1791011519999999,74127.26835380,82,0.80306000,67930.25916620,0
1791011520000000,84589.27000000,84600.00000000,84589.26000000,84600.00000000,17.74966000,1791011579999999,1501456.39931290,522,17.42111000,1473662.89436050,0
1791011580000000,84599.99000000,84610.00000000,84599.99000000,84609.99000000,16.87387000,1791011639999999,1427595.47057920,288,16.76420000,1418317.25337590,0
1791011640000000,84610.00000000,84610.00000000,84587.98000000,84587.99000000,34.88869000,1791011699999999,2951761.83493120,582,0.62114000,52553.48732930,0
1791011700000000,84587.99000000,84602.01000000,84587.98000000,84602.00000000,2.08148000,1791011759999999,176074.89353020,500,1.36642000,115589.00195230,0
1791011760000000,84602.00000000,84610.00000000,84596.00000000,84602.01000000,5.09071000,1791011819999999,430674.68671020,910,3.52222000,297976.34153790,0
1791011820000000,84602.01000000,84602.01000000,84602.00000000,84602.00000000,0.58851000,1791011879999999,49789.12689380,125,0.38738000,32773.12663380,0
1791011880000000,84602.01000000,84610.00000000,84599.52000000,84599.52000000,9.17678000,1791011939999999,776387.94567030,970,2.79694000,236636.57764730,0
1791011940000000,84599.52000000,84603.45000000,84591.70000000,84603.45000000,13.86937000,1791011999999999,1173262.21624490,915,3.95619000,334668.09815120,0
1791012000000000,84603.45000000,84603.45000000,84587.42000000,84587.43000000,16.24427000,1791012059999999,1374144.43703680,1156,0.76978000,65121.51504180,0
1791012060000000,84587.43000000,84603.45000000,84572.07000000,84578.01000000,39.75709000,1791012119999999,3362831.22647520,4183,6.82977000,577679.70586870,0
1791012120000000,84578.00000000,84586.01000000,84578.00000000,84586.00000000,1.45173000,1791012179999999,122786.62239750,410,1.40401000,118750.49554950,0
1791012180000000,84586.01000000,84588.00000000,84586.00000000,84588.00000000,1.34009000,1791012239999999,113354.21022750,239,0.88248000,74646.62628410,0
1791012240000000,84588.00000000,84597.08000000,84587.99000000,84597.08000000,1.70315000,1791012299999999,144068.51878590,758,1.41420000,119626.73025940,0
1791012300000000,84597.08000000,84610.00000000,84597.07000000,84610.00000000,2.62878000,1791012359999999,222404.31332820,399,2.06845000,174998.78558970,0
1791012360000000,84609.99000000,84610.00000000,84609.99000000,84610.00000000,0.89027000,1791012419999999,75325.74236880,262,0.65715000,55601.46150000,0
1791012420000000,84610.00000000,84612.01000000,84609.99000000,84612.01000000,4.68017000,1791012479999999,395990.30200090,325,2.70028000,228470.70532990,0
1791012480000000,84612.00000000,84612.01000000,84612.00000000,84612.01000000,0.71953000,1791012539999999,60880.87691080,162,0.45508000,38505.23351080,0
1791012540000000,84612.01000000,84629.66000000,84612.00000000,84629.65000000,6.30462000,1791012599999999,533517.27906740,399,5.55558000,470132.63337190,0
1791012600000000,84629.66000000,84638.01000000,84629.65000000,84638.01000000,2.72522000,1791012659999999,230650.98447600,300,1.38673000,117364.26972050,0
1791012660000000,84638.01000000,84640.00000000,84638.00000000,84640.00000000,2.51703000,1791012719999999,213038.91069790,195,1.61274000,136500.84243350,0
1791012720000000,84639.99000000,84648.01000000,84639.99000000,84648.01000000,11.61021000,1791012779999999,982705.95270340,321,10.17795000,861471.39037060,0
1791012780000000,84648.00000000,84648.01000000,84640.39000000,84640.39000000,10.26709000,1791012839999999,869069.49777710,1339,0.85011000,71958.49025390,0
1791012840000000,84640.39000000,84640.40000000,84637.58000000,84637.59000000,3.95587000,1791012899999999,334817.57666180,650,0.84093000,71174.42995430,0
1791012900000000,84637.58000000,84648.01000000,84629.65000000,84648.01000000,10.36742000,1791012959999999,877463.18992800,1247,5.57669000,471990.37564660,0
1791012960000000,84648.00000000,84648.01000000,84637.20000000,84638.56000000,6.44516000,1791013019999999,545539.85565270,853,0.90562000,76651.71850700,0
1791013020000000,84638.56000000,84638.57000000,84632.21000000,84632.21000000,8.43033000,1791013079999999,713493.10267010,678,0.86799000,73461.52107280,0
1791013080000000,84632.22000000,84638.00000000,84632.21000000,84637.99000000,2.27923000,1791013139999999,192902.84241540,284,1.62686000,137687.87483690,0
1791013140000000,84637.99000000,84638.00000000,84627.48000000,84627.48000000,9.26062000,1791013199999999,783745.68092640,639,0.81378000,68869.08281730,0
1791013200000000,84627.48000000,84627.49000000,84618.07000000,84618.07000000,2.50221000,1791013259999999,211751.04102830,498,1.22669000,103810.77000180,0
1791013260000000,84618.08000000,84618.08000000,84609.06000000,84609.07000000,2.87255000,1791013319999999,243047.70918810,544,1.66621000,140976.48131780,0
1791013320000000,84609.07000000,84609.07000000,84582.02000000,84588.74000000,5.92693000,1791013379999999,501380.94568580,1103,1.55162000,131246.91799600,0
1791013380000000,84588.74000000,84588.74000000,84584.39000000,84584.40000000,2.77232000,1791013439999999,234499.14781540,427,0.91090000,77048.46555940,0
1791013440000000,84584.39000000,84584.40000000,84570.00000000,84570.01000000,7.32496000,1791013499999999,619501.65801080,1101,4.14813000,350812.32365450,0
1791013500000000,84570.00000000,84570.92000000,84570.00000000,84570.91000000,2.94077000,1791013559999999,248701.79711620,402,2.64877000,224007.27282290,0
1791013560000000,84570.92000000,84605.20000000,84570.91000000,84580.00000000,12.62882000,1791013619999999,1068209.17962290,1085,7.22278000,610900.87544020,0
1791013620000000,84580.01000000,84600.01000000,84580.00000000,84600.01000000,2.40836000,1791013679999999,203720.53285280,907,2.22604000,188298.70317210,0
1791013680000000,84600.01000000,84609.06000000,84600.00000000,84609.06000000,1.38724000,1791013739999999,117364.31481470,425,1.16215000,98320.63750690,0
1791013740000000,84609.06000000,84609.06000000,84600.00000000,84600.00000000,4.63592000,1791013799999999,392225.38170400,916,0.79716000,67443.97820860,0
1791013800000000,84600.01000000,84609.07000000,84600.00000000,84609.06000000,3.13836000,1791013859999999,265520.88220450,481,2.76170000,233653.05119810,0
1791013860000000,84609.07000000,84609.07000000,84597.84000000,84598.01000000,6.08248000,1791013919999999,514593.75276560,960,1.10839000,93775.54068860,0
1791013920000000,84598.01000000,84598.01000000,84598.00000000,84598.00000000,1.57405000,1791013979999999,133161.49583080,242,1.39308000,117851.79577080,0
1791013980000000,84598.00000000,84598.01000000,84566.11000000,84566.11000000,8.22163000,1791014039999999,695374.46975130,1475,0.87541000,74037.24367350,0
1791014040000000,84566.12000000,84600.04000000,84566.11000000,84600.04000000,21.49907000,1791014099999999,1818573.23437290,921,19.21145000,1625069.65721830,0
1791014100000000,84600.03000000,84600.04000000,84582.05000000,84582.06000000,5.74966000,1791014159999999,486365.40237400,1095,0.80234000,67867.06658110,0
1791014160000000,84582.05000000,84587.33000000,84582.05000000,84587.33000000,4.10829000,1791014219999999,347501.08866780,289,1.61999000,137023.33755600,0
1791014220000000,84587.33000000,84589.25000000,84587.32000000,84589.25000000,1.78446000,1791014279999999,150943.68399100,417,1.34280000,113584.77090140,0
1791014280000000,84589.25000000,84589.25000000,84577.80000000,84577.81000000,6.12891000,1791014339999999,518413.31452930,1247,1.10321000,93314.40561680,0
1791014340000000,84577.80000000,84581.44000000,84560.00000000,84560.00000000,12.72788000,1791014399999999,1076426.61131810,848,3.58441000,303142.37021470,0
1791014400000000,84560.00000000,84596.01000000,84557.36000000,84596.01000000,7.87487000,1791014459999999,665957.94199140,1306,6.12607000,518051.89357330,0
1791014460000000,84596.01000000,84609.07000000,84594.00000000,84594.00000000,4.01266000,1791014519999999,339476.55836280,677,1.94563000,164598.03889340,0
1791014520000000,84594.00000000,84606.66000000,84592.63000000,84597.54000000,3.39122000,1791014579999999,286901.59391930,763,1.22876000,103954.14761720,0
1791014580000000,84597.55000000,84597.55000000,84592.00000000,84592.02000000,7.04415000,1791014639999999,595880.07492590,328,6.33111000,535561.80437110,0
1791014640000000,84592.01000000,84594.72000000,84592.01000000,84594.71000000,0.83961000,1791014699999999,71025.45959550,409,0.74388000,62927.38717920,0
1791014700000000,84594.72000000,84597.95000000,84594.71000000,84597.95000000,1.65073000,1791014759999999,139645.06110530,463,1.59157000,134640.35656910,0
1791014760000000,84598.01000000,84614.01000000,84598.01000000,84614.00000000,1.36860000,1791014819999999,115792.96544720,577,1.24363000,105219.51270640,0
1791014820000000,84614.01000000,84630.01000000,84614.01000000,84630.01000000,1.10823000,1791014879999999,93780.11909780,717,0.96346000,81529.57269490,0
1791014880000000,84630.01000000,84642.01000000,84630.00000000,84642.01000000,1.41227000,1791014939999999,119527.93572270,543,1.06978000,90540.86682770,0
1791014940000000,84642.01000000,84644.01000000,84631.63000000,84631.63000000,7.63975000,1791014999999999,646637.53897420,676,0.72558000,61412.84508450,0
1791015000000000,84631.64000000,84638.00000000,84631.63000000,84637.99000000,0.81379000,1791015059999999,68874.15087390,284,0.65515000,55447.83328010,0
1791015060000000,84637.99000000,84638.00000000,84637.99000000,84638.00000000,0.63922000,1791015119999999,54102.30068390,99,0.47161000,39916.12718000,0
1791015120000000,84638.00000000,84643.46000000,84638.00000000,84643.46000000,1.45947000,1791015179999999,123532.30393660,454,1.16346000,98477.13032070,0
1791015180000000,84643.46000000,84643.46000000,84643.45000000,84643.46000000,2.13143000,1791015239999999,180411.60640600,111,1.77725000,150432.58928500,0
1791015240000000,84643.46000000,84643.46000000,84643.45000000,84643.46000000,0.53364000,1791015299999999,45169.13465630,105,0.39983000,33842.99461180,0
1791015300000000,84643.46000000,84643.46000000,84638.06000000,84638.06000000,3.92032000,1791015359999999,331819.43315920,456,0.32945000,27884.18836180,0
1791015360000000,84638.07000000,84638.07000000,84622.28000000,84624.00000000,6.16960000,1791015419999999,522139.45596420,1122,0.89504000,75742.62034590,0
1791015420000000,84624.01000000,84624.02000000,84624.00000000,84624.01000000,4.98326000,1791015479999999,421703.44536710,231,4.45429000,376939.88328930,0
1791015480000000,84624.02000000,84624.02000000,84624.01000000,84624.01000000,0.92009000,1791015539999999,77861.71400450,139,0.86436000,73145.61792720,0
1791015540000000,84624.01000000,84624.02000000,84624.01000000,84624.02000000,0.45001000,1791015599999999,38081.65383120,106,0.30911000,26158.13082220,0
1791015600000000,84624.02000000,84624.02000000,84590.00000000,84590.01000000,6.38968000,1791015659999999,540640.38465980,1146,0.52204000,44162.10312660,0
1791015660000000,84590.01000000,84590.01000000,84590.00000000,84590.01000000,0.77873000,1791015719999999,65872.77313730,119,0.24373000,20617.12313730,0
1791015720000000,84590.00000000,84590.12000000,84583.46000000,84590.12000000,17.24039000,1791015779999999,1458282.74576140,929,16.27815000,1376889.41339820,0
1791015780000000,84590.11000000,84590.12000000,84590.01000000,84590.01000000,10.65864000,1791015839999999,901614.85454550,270,2.59741000,219715.21905820,0
1791015840000000,84590.01000000,84590.02000000,84590.01000000,84590.02000000,1.27626000,1791015899999999,107958.85073420,122,0.45716000,38671.17354320,0
1791015900000000,84590.01000000,84590.02000000,84576.01000000,84576.02000000,7.12388000,1791015959999999,602567.96866580,772,0.59074000,49966.70111250,0
1791015960000000,84576.01000000,84576.02000000,84576.01000000,84576.01000000,1.61397000,1791016019999999,136503.14782400,316,0.53906000,45591.54891490,0
1791016020000000,84576.01000000,84589.48000000,84570.00000000,84589.48000000,5.01150000,1791016079999999,423850.00383370,973,4.28787000,362648.86693860,0
1791016080000000,84589.47000000,84607.02000000,84589.47000000,84607.01000000,5.80360000,1791016139999999,490963.93648980,602,5.01389000,424158.40929410,0
1791016140000000,84607.02000000,84607.02000000,84589.87000000,84589.87000000,19.95686000,1791016199999999,1688326.00116330,594,1.57226000,133003.45295060,0
1791016200000000,84589.86000000,84589.87000000,84584.00000000,84584.01000000,1.93981000,1791016259999999,164082.16978850,542,0.39405000,33331.31024450,0
1791016260000000,84584.00000000,84584.00000000,84573.41000000,84579.19000000,3.98640000,1791016319999999,337150.35324030,965,2.33833000,197762.41779160,0
1791016320000000,84579.20000000,84579.20000000,84579.19000000,84579.20000000,2.48895000,1791016379999999,210513.39669220,368,2.17388000,183865.03129600,0
1791016380000000,84579.20000000,84579.21000000,84579.20000000,84579.20000000,1.34718000,1791016439999999,113943.41350880,439,0.68528000,57960.44102880,0
1791016440000000,84579.21000000,84590.00000000,84579.20000000,84590.00000000,9.33625000,1791016499999999,789685.70484750,694,8.14335000,688791.13141790,0
1791016500000000,84589.99000000,84590.00000000,84589.99000000,84589.99000000,0.48039000,1791016559999999,40636.18870240,209,0.34063000,28813.89170000,0
1791016560000000,84589.99000000,84600.01000000,84589.99000000,84600.00000000,1.07748000,1791016619999999,91148.11124550,736,0.58394000,49396.65662000,0
1791016620000000,84600.01000000,84608.68000000,84600.00000000,84608.67000000,0.86855000,1791016679999999,73481.17869540,503,0.69909000,59144.50414880,0
1791016680000000,84608.68000000,84610.00000000,84608.67000000,84610.00000000,1.04084000,1791016739999999,88065.10189890,293,0.59965000,50736.13140890,0
1791016740000000,84609.99000000,84610.00000000,84609.99000000,84610.00000000,0.41046000,1791016799999999,34729.02021400,100,0.37186000,31463.07460000,0
1791016800000000,84610.00000000,84610.00000000,84609.99000000,84609.99000000,0.38068000,1791016859999999,32209.33325010,128,0.22569000,19095.63090000,0
1791016860000000,84610.00000000,84620.01000000,84609.99000000,84620.00000000,4.48139000,1791016919999999,379197.03838500,427,4.29985000,363835.82312240,0
1791016920000000,84620.00000000,84623.61000000,84620.00000000,84623.60000000,0.76769000,1791016979999999,64962.66988530,629,0.64886000,54907.24214730,0
1791016980000000,84623.61000000,84624.01000000,84623.60000000,84624.01000000,0.61442000,1791017039999999,51994.52554040,301,0.43626000,36917.96542800,0
1791017040000000,84624.01000000,84625.63000000,84624.00000000,84625.63000000,0.60013000,1791017099999999,50785.81644960,423,0.45798000,38756.35053490,0
1791017100000000,84625.63000000,84641.89000000,84625.63000000,84641.88000000,6.09567000,1791017159999999,515931.18859410,869,4.70216000,397983.56334890,0
1791017160000000,84641.88000000,84641.89000000,84641.88000000,84641.89000000,1.61537000,1791017219999999,136727.96385320,168,1.01576000,85975.84618640,0
1791017220000000,84641.89000000,84644.01000000,84631.33000000,84631.34000000,5.52772000,1791017279999999,467865.09719590,1029,0.86730000,73410.06846570,0
1791017280000000,84631.34000000,84631.34000000,84631.33000000,84631.34000000,1.23678000,1791017339999999,104670.34028030,251,0.39629000,33538.55372860,0
1791017340000000,84631.34000000,84634.47000000,84631.33000000,84634.46000000,3.24041000,1791017399999999,274242.97658310,288,3.14950000,266549.07094620,0
1791017400000000,84634.47000000,84640.49000000,84634.46000000,84640.48000000,3.45191000,1791017459999999,292156.28945880,331,3.19322000,270260.68968040,0
1791017460000000,84640.48000000,84640.49000000,84640.48000000,84640.49000000,1.49220000,1791017519999999,126300.53075420,136,0.64982000,55001.08321180,0
1791017520000000,84640.48000000,84640.49000000,84640.48000000,84640.48000000,0.78358000,1791017579999999,66322.59168860,119,0.43702000,36989.58693980,0
1791017580000000,84640.48000000,84640.51000000,84640.48000000,84640.50000000,1.19024000,1791017639999999,100742.50360860,286,0.94947000,80363.61283280,0
1791017640000000,84640.49000000,84640.62000000,84640.49000000,84640.62000000,1.83279000,1791017699999999,155128.39171720,372,1.23120000,104209.46665800,0
1791017700000000,84640.62000000,84644.47000000,84640.61000000,84644.47000000,1.71691000,1791017759999999,145322.73537410,596,1.66006000,140510.73060540,0
1791017760000000,84644.47000000,84644.47000000,84644.46000000,84644.46000000,0.98245000,1791017819999999,83158.95625510,143,0.65281000,55256.75646070,0
1791017820000000,84644.47000000,84644.47000000,84644.46000000,84644.47000000,0.54575000,1791017879999999,46194.71753830,101,0.34933000,29568.85270510,0
1791017880000000,84644.46000000,84644.47000000,84619.93000000,84619.99000000,26.22235000,1791017939999999,2219268.29398440,806,2.04799000,173309.45015570,0
1791017940000000,84619.99000000,84620.00000000,84614.99000000,84616.01000000,24.10930000,1791017999999999,2040101.30316420,704,4.22400000,357420.65063390,0
1791018000000000,84616.02000000,84624.04000000,84616.01000000,84624.03000000,2.29705000,1791018059999999,194374.88719840,500,1.45778000,123357.46961290,0
1791018060000000,84624.04000000,84624.69000000,84624.03000000,84624.68000000,1.15296000,1791018119999999,97568.19744350,202,0.94657000,80102.62647180,0
1791018120000000,84624.68000000,84628.00000000,84624.68000000,84627.99000000,1.83120000,1791018179999999,154968.40576290,319,0.76701000,64909.00151650,0
1791018180000000,84627.99000000,84641.15000000,84627.99000000,84641.14000000,3.91125000,1791018239999999,331034.88555580,521,1.61040000,136289.77655420,0
1791018240000000,84641.14000000,84641.15000000,84641.14000000,84641.15000000,4.03040000,1791018299999999,341137.68746460,156,3.68086000,311552.22338900,0
1791018300000000,84641.15000000,84642.01000000,84641.14000000,84642.00000000,2.01838000,1791018359999999,170838.33141620,334,1.70586000,144386.24739870,0
1791018360000000,84642.01000000,84642.01000000,84642.00000000,84642.00000000,0.59051000,1791018419999999,49981.95231020,127,0.48902000,41391.63573020,0
1791018420000000,84642.01000000,84642.01000000,84642.00000000,84642.01000000,1.27520000,1791018479999999,107935.48533160,126,0.69316000,58670.45565160,0
1791018480000000,84642.00000000,84643.25000000,84642.00000000,84642.01000000,0.64170000,1791018539999999,54314.77901510,182,0.57017000,48260.33655180,0
1791018540000000,84642.02000000,84660.83000000,84642.01000000,84660.83000000,1.85831000,1791018599999999,157300.09590820,658,1.64030000,138846.70800070,0
1791018600000000,84660.82000000,84660.83000000,84660.82000000,84660.83000000,1.23280000,1791018659999999,104369.86863110,159,0.97351000,82418.16461330,0
1791018660000000,84660.82000000,84664.01000000,84660.82000000,84664.01000000,1.66349000,1791018719999999,140832.62605890,404,1.55432000,131590.14262700,0
1791018720000000,84664.01000000,84665.88000000,84664.00000000,84665.88000000,0.64536000,1791018779999999,54639.70202980,283,0.49548000,41950.00695250,0
1791018780000000,84665.87000000,84665.88000000,84653.07000000,84653.07000000,4.73813000,1791018839999999,401143.68472500,1327,0.49180000,41636.95589020,0
1791018840000000,84653.07000000,84653.08000000,84640.00000000,84640.01000000,3.17080000,1791018899999999,268398.69074060,1229,0.52563000,44490.54367060,0
1791018900000000,84640.01000000,84640.01000000,84624.68000000,84624.68000000,2.69952000,1791018959999999,228470.33368160,1020,0.41359000,35002.97451550,0
1791018960000000,84624.68000000,84624.69000000,84615.57000000,84615.57000000,2.01505000,1791019019999999,170511.82099670,631,0.24390000,20639.49963120,0
1791019020000000,84615.58000000,84615.58000000,84615.57000000,84615.57000000,1.33646000,1791019079999999,113085.33073000,111,0.60478000,51173.81047240,0
1791019080000000,84615.58000000,84616.01000000,84615.57000000,84616.01000000,0.97279000,1791019139999999,82313.39513260,212,0.89472000,75707.42691510,0
1791019140000000,84616.01000000,84643.81000000,84610.00000000,84610.00000000,15.25292000,1791019199999999,1290962.68364930,1111,1.46961000,124367.34742540,0
1791019200000000,84610.00000000,84610.01000000,84610.00000000,84610.00000000,1.62066000,1791019259999999,137124.04896220,133,0.63622000,53830.58056220,0
1791019260000000,84610.01000000,84610.01000000,84610.00000000,84610.01000000,1.36820000,1791019319999999,115763.40628810,139,0.42881000,36281.61838810,0
1791019320000000,84610.01000000,84610.01000000,84610.00000000,84610.00000000,1.01245000,1791019379999999,85663.40343810,113,0.89381000,75625.27303810,0
1791019380000000,84610.01000000,84610.01000000,84610.00000000,84610.00000000,1.02427000,1791019439999999,86663.48882690,121,0.41269000,34917.70502690,0
1791019440000000,84610.01000000,84610.01000000,84610.00000000,84610.01000000,0.87734000,1791019499999999,74231.74293960,129,0.55396000,46870.56113960,0
1791019500000000,84610.00000000,84610.01000000,84610.00000000,84610.01000000,0.78316000,1791019559999999,66263.16980030,206,0.22003000,18616.74050030,0
1791019560000000,84610.00000000,84610.01000000,84610.00000000,84610.01000000,1.04015000,1791019619999999,88007.10061130,125,0.91113000,77090.71841130,0
1791019620000000,84610.01000000,84610.01000000,84610.00000000,84610.00000000,8.62965000,1791019679999999,730154.68826040,224,0.17604000,14894.74616040,0
1791019680000000,84610.00000000,84610.01000000,84610.00000000,84610.00000000,0.94861000,1791019739999999,80261.89789060,121,0.57906000,48994.27239060,0
1791019740000000,84610.01000000,84610.01000000,84598.05000000,84598.06000000,5.84605000,1791019799999999,494606.12387210,447,0.39498000,33416.08084330,0
1791019800000000,84598.06000000,84598.06000000,84591.42000000,84591.43000000,5.91534000,1791019859999999,500417.03755570,300,0.52472000,44388.45083690,0
1791019860000000,84591.42000000,84591.43000000,84591.42000000,84591.42000000,1.57371000,1791019919999999,133122.36671230,138,0.31441000,26596.39150630,0
1791019920000000,84591.42000000,84591.43000000,84591.42000000,84591.43000000,1.77518000,1791019979999999,150165.01117110,165,1.42155000,120250.94731650,0
1791019980000000,84591.42000000,84591.43000000,84591.42000000,84591.43000000,1.07338000,1791020039999999,90798.74289530,183,0.44957000,38029.76918510,0
1791020040000000,84591.43000000,84591.43000000,84591.42000000,84591.43000000,1.19521000,1791020099999999,101104.51974890,148,0.86507000,73177.50835010,0
1791020100000000,84591.43000000,84591.43000000,84591.42000000,84591.43000000,0.80372000,1791020159999999,67987.82083250,131,0.47501000,40181.77516430,0
1791020160000000,84591.42000000,84591.43000000,84590.00000000,84590.01000000,3.39485000,1791020219999999,287170.97153560,427,0.66114000,55925.91058060,0
1791020220000000,84590.01000000,84590.01000000,84590.00000000,84590.00000000,3.60203000,1791020279999999,304695.73989660,206,2.21966000,187761.06159660,0
1791020280000000,84590.01000000,84590.01000000,84590.00000000,84590.00000000,1.03034000,1791020339999999,87156.46292970,147,0.23297000,19706.93462970,0
1791020340000000,84590.01000000,84590.01000000,84590.00000000,84590.00000000,0.94807000,1791020399999999,80197.24349950,168,0.21995000,18605.57269950,0
1791020400000000,84590.01000000,84590.01000000,84588.00000000,84588.01000000,2.08725000,1791020459999999,176557.36248400,338,0.60823000,51449.26033190,0
1791020460000000,84588.01000000,84588.01000000,84588.00000000,84588.00000000,0.72196000,1791020519999999,61069.15653330,78,0.40533000,34286.05809330,0
1791020520000000,84588.00000000,84588.01000000,84588.00000000,84588.00000000,0.72308000,1791020579999999,61163.89479460,101,0.37546000,31759.41423460,0
1791020580000000,84588.00000000,84588.01000000,84588.00000000,84588.01000000,1.26453000,1791020639999999,106964.06734620,78,0.37062000,31350.00826620,0
1791020640000000,84588.00000000,84590.06000000,84588.00000000,84590.06000000,7.15626000,1791020699999999,605334.59015430,526,7.04145000,595623.04187430,0
1791020700000000,84590.06000000,84590.06000000,84590.05000000,84590.06000000,0.56262000,1791020759999999,47592.05784170,125,0.39107000,33080.63476420,0
1791020760000000,84590.05000000,84590.06000000,84590.05000000,84590.06000000,1.31762000,1791020819999999,111457.54718190,177,0.55009000,46532.14610540,0
1791020820000000,84590.05000000,84590.06000000,84590.05000000,84590.06000000,4.01030000,1791020879999999,339231.51243900,255,3.49240000,295422.32554400,0
1791020880000000,84590.06000000,84590.06000000,84590.05000000,84590.06000000,0.63443000,1791020939999999,53666.46995800,167,0.45365000,38374.28071900,0
1791020940000000,84590.06000000,84590.06000000,84590.05000000,84590.06000000,0.95162000,1791020999999999,80497.59137160,139,0.79906000,67592.53334360,0
1791021000000000,84590.05000000,84590.06000000,84590.04000000,84590.04000000,7.67971000,1791021059999999,649627.05522420,309,0.76171000,64433.09339770,0
1791021060000000,84590.05000000,84590.05000000,84590.04000000,84590.05000000,0.96324000,1791021119999999,81480.51838270,104,0.82531000,69813.01416550,0
1791021120000000,84590.05000000,84590.05000000,84590.04000000,84590.05000000,0.35484000,1791021179999999,30015.93258000,85,0.27864000,23570.17153200,0
1791021180000000,84590.05000000,84590.05000000,84590.04000000,84590.05000000,2.72086000,1791021239999999,230157.67591590,125,1.96815000,166485.90690750,0
1791021240000000,84590.04000000,84590.05000000,84590.04000000,84590.04000000,0.99665000,1791021299999999,84306.66594520,180,0.25792000,21817.46569600,0
1791021300000000,84590.05000000,84590.05000000,84590.04000000,84590.04000000,0.59313000,1791021359999999,50172.89329690,98,0.28717000,24291.72465850,0
1791021360000000,84590.04000000,84600.01000000,84590.04000000,84600.00000000,7.76087000,1791021419999999,656527.73926490,364,6.77643000,573245.63077850,0
1791021420000000,84600.00000000,84600.01000000,84579.99000000,84579.99000000,21.12235000,1791021479999999,1786763.54347990,624,1.79798000,152080.10907860,0
1791021480000000,84579.99000000,84600.01000000,84579.99000000,84600.01000000,11.67670000,1791021539999999,987765.79651800,417,10.94489000,925864.17947010,0
1791021540000000,84600.01000000,84600.01000000,84600.00000000,84600.01000000,0.61232000,1791021599999999,51802.27595070,125,0.39507000,33422.92595070,0
1791021600000000,84600.00000000,84600.01000000,84592.56000000,84592.56000000,7.34240000,1791021659999999,621158.94351160,557,0.35261000,29830.30612370,0
1791021660000000,84592.57000000,84592.57000000,84592.56000000,84592.57000000,1.57032000,1791021719999999,132837.39836820,173,0.95490000,80777.44509300,0
1791021720000000,84592.57000000,84592.57000000,84592.56000000,84592.56000000,0.71482000,1791021779999999,60468.45872900,126,0.49898000,42210.00057860,0
1791021780000000,84592.56000000,84592.57000000,84592.56000000,84592.57000000,1.24467000,1791021839999999,105289.83003840,155,0.83832000,70915.64328240,0
1791021840000000,84592.56000000,84620.01000000,84592.56000000,84620.01000000,53.36472000,1791021899999999,4514982.60471300,851,45.86767000,3880604.69583460,0
1791021900000000,84620.01000000,84620.01000000,84611.00000000,84611.01000000,35.50411000,1791021959999999,3004137.59264040,415,1.20280000,101771.07043800,0
1791021960000000,84611.00000000,84611.01000000,84611.00000000,84611.01000000,0.64173000,1791022019999999,54297.42157920,131,0.45492000,38491.24066920,0
1791022020000000,84611.00000000,84611.01000000,84590.63000000,84590.64000000,5.47007000,1791022079999999,462799.72063850,598,0.48874000,41350.94683860,0
1791022080000000,84590.63000000,84590.64000000,84590.63000000,84590.63000000,2.13406000,1791022139999999,180521.48864340,104,0.87856000,74317.95267840,0
1791022140000000,84590.64000000,84590.64000000,84590.63000000,84590.64000000,1.11182000,1791022199999999,94049.55971720,143,0.54706000,46276.15551840,0
1791022200000000,84590.63000000,84590.64000000,84590.63000000,84590.63000000,0.53689000,1791022259999999,45415.86760440,111,0.42637000,36066.91117680,0
1791022260000000,84590.64000000,84590.64000000,84590.63000000,84590.64000000,1.29037000,1791022319999999,109153.22246790,148,1.12348000,95035.89222720,0
1791022320000000,84590.63000000,84590.64000000,84590.63000000,84590.63000000,1.67011000,1791022379999999,141275.66352050,119,0.64512000,54571.11367680,0
1791022380000000,84590.64000000,84590.64000000,84590.63000000,84590.63000000,1.32782000,1791022439999999,112321.13597200,115,0.56454000,47754.79990560,0
1791022440000000,84590.64000000,84590.64000000,84580.75000000,84580.76000000,11.92793000,1791022499999999,1008947.27318200,456,0.38835000,32846.95919040,0
1791022500000000,84580.76000000,84580.76000000,84580.75000000,84580.75000000,1.09161000,1791022559999999,92329.19822200,92,0.57145000,48333.67530200,0
1791022560000000,84580.76000000,84580.76000000,84580.75000000,84580.75000000,0.93520000,1791022619999999,79099.92071860,99,0.33186000,28068.97101360,0
1791022620000000,84580.75000000,84580.76000000,84580.75000000,84580.75000000,0.68423000,1791022679999999,57872.69031230,72,0.37398000,31631.51262480,0
1791022680000000,84580.76000000,84580.76000000,84580.75000000,84580.75000000,6.22592000,1791022739999999,526592.98745860,257,0.44186000,37372.85461360,0
1791022740000000,84580.75000000,84580.76000000,84574.00000000,84574.00000000,3.70549000,1791022799999999,313395.32988050,525,0.51036000,43163.86181610,0
1791022800000000,84574.00000000,84574.01000000,84570.67000000,84570.68000000,2.65070000,1791022859999999,224178.62985670,560,0.62272000,52665.52020780,0
1791022860000000,84570.68000000,84570.68000000,84570.67000000,84570.67000000,1.35482000,1791022919999999,114578.03827070,218,0.31413000,26566.18770840,0
1791022920000000,84570.67000000,84570.68000000,84570.67000000,84570.68000000,0.74713000,1791022979999999,63185.28838730,86,0.37102000,31377.41369360,0
1791022980000000,84570.68000000,84570.68000000,84570.67000000,84570.67000000,0.47019000,1791023039999999,39764.28664480,72,0.33175000,28056.32309000,0
1791023040000000,84570.68000000,84574.74000000,84570.67000000,84574.74000000,5.50863000,1791023099999999,465870.42897980,243,5.05758000,427723.94080090,0
1791023100000000,84574.74000000,84590.01000000,84574.73000000,84590.01000000,13.54829000,1791023159999999,1145928.53962800,321,13.27545000,1122851.51395790,0
1791023160000000,84590.01000000,84590.01000000,84580.35000000,84582.26000000,16.44365000,1791023219999999,1390900.01781620,532,2.28745000,193479.06037200,0
1791023220000000,84582.25000000,84591.34000000,84582.25000000,84591.34000000,0.66807000,1791023279999999,56508.21042600,273,0.60316000,51017.91594890,0
1791023280000000,84591.33000000,84611.01000000,84591.33000000,84611.01000000,1.25685000,1791023339999999,106333.98649470,404,1.03713000,87744.25742710,0
1791023340000000,84611.00000000,84611.01000000,84574.72000000,84586.23000000,58.12616000,1791023399999999,4916812.24848630,695,16.51317000,1396640.16123180,0
1791023400000000,84586.24000000,84586.24000000,84586.23000000,84586.24000000,4.11896000,1791023459999999,348407.30621750,165,0.82967000,70178.66574080,0
1791023460000000,84586.24000000,84615.44000000,84586.23000000,84615.44000000,3.15614000,1791023519999999,267008.44552670,473,2.95682000,250144.22353420,0
1791023520000000,84615.43000000,84615.44000000,84615.43000000,84615.43000000,0.54480000,1791023579999999,46098.49124900,114,0.49850000,42180.79684000,0
1791023580000000,84615.44000000,84615.44000000,84605.92000000,84606.00000000,5.09183000,1791023639999999,430836.38698330,320,0.56753000,48020.93529840,0
1791023640000000,84606.00000000,84606.00000000,84605.99000000,84605.99000000,0.36805000,1791023699999999,31139.23783510,90,0.32156000,27205.90536000,0
1791023700000000,84605.99000000,84606.00000000,84605.99000000,84606.00000000,0.50195000,1791023759999999,42467.98018340,74,0.35029000,29636.63574000,0
1791023760000000,84605.99000000,84606.00000000,84605.99000000,84606.00000000,1.98740000,1791023819999999,168145.95489530,118,1.03693000,87730.49958000,0
1791023820000000,84606.00000000,84606.00000000,84605.99000000,84606.00000000,0.45302000,1791023879999999,38328.20906940,134,0.34796000,29439.50376000,0
1791023880000000,84606.00000000,84606.00000000,84600.99000000,84600.99000000,6.01575000,1791023939999999,508957.17454100,283,0.54263000,45908.20838000,0
1791023940000000,84601.00000000,84601.00000000,84600.99000000,84601.00000000,1.55473000,1791023999999999,131531.70095850,158,0.37758000,31943.64558000,0
1791024000000000,84601.00000000,84601.00000000,84600.99000000,84601.00000000,15.53878000,1791024059999999,1314596.32575260,335,15.43604000,1305904.42004000,0
1791024060000000,84601.00000000,84601.00000000,84600.99000000,84600.99000000,21.57780000,1791024119999999,1825503.45644050,434,21.44185000,1814001.95185000,0
1791024120000000,84601.00000000,84601.00000000,84600.99000000,84601.00000000,0.48147000,1791024179999999,40732.84180550,132,0.31502000,26651.00702000,0
1791024180000000,84601.00000000,84601.00000000,84600.99000000,84601.00000000,0.72073000,1791024239999999,60974.47849250,106,0.69698000,58965.20498000,0
1791024240000000,84600.99000000,84601.00000000,84600.99000000,84601.00000000,0.75793000,1791024299999999,64121.63469850,139,0.63478000,53703.02278000,0
1791024300000000,84601.00000000,84608.01000000,84600.99000000,84608.01000000,1.80792000,1791024359999999,152957.81893560,614,1.19309000,100939.82569830,0
1791024360000000,84608.00000000,84613.93000000,84608.00000000,84613.93000000,2.89153000,1791024419999999,244654.30663520,266,2.15536000,182367.12855360,0
1791024420000000,84613.93000000,84629.55000000,84613.92000000,84629.55000000,5.31456000,1791024479999999,449728.03146750,583,4.66751000,394969.40461350,0
1791024480000000,84629.54000000,84629.55000000,84623.04000000,84623.05000000,7.68391000,1791024539999999,650274.18787290,846,0.73390000,62108.61079080,0
1791024540000000,84623.05000000,84623.05000000,84623.04000000,84623.05000000,0.67271000,1791024599999999,56926.77098100,184,0.57426000,48595.63269300,0
1791024600000000,84623.05000000,84623.05000000,84623.04000000,84623.05000000,0.59792000,1791024659999999,50597.81177870,142,0.37019000,31326.60687950,0
1791024660000000,84623.05000000,84623.05000000,84623.04000000,84623.05000000,1.56600000,1791024719999999,132519.69215920,172,1.15192000,97478.98375600,0
1791024720000000,84623.05000000,84623.05000000,84623.04000000,84623.05000000,2.02146000,1791024779999999,171062.09517310,186,0.47347000,40066.47548350,0
1791024780000000,84623.05000000,84627.68000000,84623.04000000,84627.68000000,1.25798000,1791024839999999,106456.21327860,226,1.05053000,88900.58617700,0
1791024840000000,84627.68000000,84635.96000000,84627.67000000,84635.96000000,1.07472000,1791024899999999,90954.69811800,324,0.85731000,72555.41348160,0
1791024900000000,84635.96000000,84635.96000000,84635.95000000,84635.96000000,1.01248000,1791024959999999,85692.21465180,220,0.79958000,67673.22089680,0
1791024960000000,84635.95000000,84649.25000000,84635.95000000,84644.46000000,6.54680000,1791025019999999,554140.61848230,337,6.32282000,535183.04654030,0
1791025020000000,84644.46000000,84644.47000000,84644.46000000,84644.46000000,0.38259000,1791025079999999,32384.12661680,80,0.26654000,22561.13703380,0
1791025080000000,84644.46000000,84644.47000000,84644.46000000,84644.47000000,0.84567000,1791025139999999,71581.28534070,128,0.48525000,41073.72906750,0
1791025140000000,84644.46000000,84644.47000000,84636.13000000,84636.13000000,4.79107000,1791025199999999,405532.98931450,786,1.27267000,107724.03958830,0
1791025200000000,84636.13000000,84636.14000000,84636.13000000,84636.14000000,2.13624000,1791025259999999,180803.08947730,339,0.31261000,26458.10372540,0
1791025260000000,84636.13000000,84636.14000000,84633.27000000,84633.27000000,1.45809000,1791025319999999,123404.26528580,374,0.61787000,52292.37069100,0
1791025320000000,84633.28000000,84633.28000000,84633.27000000,84633.27000000,0.92588000,1791025379999999,78360.25456480,133,0.25372000,21473.15580160,0
1791025380000000,84633.27000000,84633.28000000,84633.27000000,84633.28000000,0.53905000,1791025439999999,45621.56749390,183,0.33004000,27932.36773120,0
1791025440000000,84633.27000000,84644.50000000,84616.03000000,84644.49000000,31.94838000,1791025499999999,2703658.44029070,1242,31.01041000,2624282.04662350,0
1791025500000000,84644.50000000,84644.50000000,84644.49000000,84644.49000000,0.78375000,1791025559999999,66340.12209010,132,0.30526000,25838.58007000,0
1791025560000000,84644.50000000,84644.50000000,84644.49000000,84644.50000000,1.61528000,1791025619999999,136724.56005440,158,0.82472000,69808.01204000,0
1791025620000000,84644.49000000,84644.50000000,84644.49000000,84644.49000000,1.50559000,1791025679999999,127439.91022270,165,1.25236000,106005.38602000,0
1791025680000000,84644.50000000,84644.50000000,84644.49000000,84644.50000000,1.42047000,1791025739999999,120234.96448820,121,0.57779000,48906.74565500,0
1791025740000000,84644.50000000,84644.50000000,84644.49000000,84644.50000000,4.39449000,1791025799999999,371969.37167790,168,0.68178000,57708.92721000,0
1791025800000000,84644.50000000,84644.50000000,84638.42000000,84638.42000000,6.42348000,1791025859999999,543691.82087020,440,0.33769000,28582.58949220,0
1791025860000000,84638.43000000,84638.43000000,84630.72000000,84630.73000000,2.56447000,1791025919999999,217042.08852410,301,0.53529000,45302.84470670,0
1791025920000000,84630.72000000,84638.01000000,84630.72000000,84638.01000000,3.12723000,1791025979999999,264673.82600320,316,1.36658000,115658.44552400,0
1791025980000000,84638.01000000,84638.01000000,84629.99000000,84630.00000000,4.65843000,1791026039999999,394265.65761840,392,0.47801000,40457.51262240,0
1791026040000000,84630.00000000,84645.01000000,84629.99000000,84645.00000000,18.36659000,1791026099999999,1554439.88438770,377,18.07807000,1530022.20896920,0
1791026100000000,84645.00000000,84645.01000000,84639.84000000,84639.84000000,2.63276000,1791026159999999,222844.76945850,667,0.31172000,26383.95158600,0
1791026160000000,84639.84000000,84639.85000000,84636.12000000,84636.12000000,0.70963000,1791026219999999,60060.85857990,228,0.25652000,21710.86806560,0
1791026220000000,84636.12000000,84636.13000000,84636.12000000,84636.13000000,0.80790000,1791026279999999,68377.52452390,132,0.31759000,26879.58852670,0
1791026280000000,84636.12000000,84645.01000000,84636.12000000,84645.00000000,5.90966000,1791026339999999,500173.49298690,411,5.74488000,486226.79333210,0
1791026340000000,84645.01000000,84645.01000000,84645.00000000,84645.01000000,0.47058000,1791026399999999,39832.24644700,128,0.23470000,19866.18384700,0
1791026400000000,84645.01000000,84645.01000000,84640.67000000,84640.67000000,8.24748000,1791026459999999,698103.86376700,583,0.38353000,32462.97904480,0
1791026460000000,84640.67000000,84640.68000000,84640.67000000,84640.68000000,0.76943000,1791026519999999,65125.07616650,225,0.54484000,46115.62809120,0
1791026520000000,84640.68000000,84640.68000000,84636.12000000,84636.13000000,1.15513000,1791026579999999,97767.28209440,382,0.45287000,38329.45790170,0
1791026580000000,84636.12000000,84636.13000000,84636.12000000,84636.12000000,0.79852000,1791026639999999,67583.64060410,116,0.60617000,51303.88292210,0
1791026640000000,84636.12000000,84636.13000000,84636.12000000,84636.13000000,0.79326000,1791026699999999,67138.45418590,162,0.56347000,47689.92017110,0
1791026700000000,84636.12000000,84636.13000000,84636.12000000,84636.13000000,0.64356000,1791026759999999,54468.42519650,154,0.38093000,32240.44100090,0
1791026760000000,84636.12000000,84636.13000000,84636.12000000,84636.13000000,0.25695000,1791026819999999,21747.25286710,107,0.18331000,15514.64899030,0
1791026820000000,84636.12000000,84636.13000000,84636.12000000,84636.13000000,0.71670000,1791026879999999,60658.71313290,142,0.59289000,50179.91511570,0
1791026880000000,84636.12000000,84636.13000000,84636.12000000,84636.12000000,0.33641000,1791026939999999,28472.43948830,152,0.23591000,19966.50942830,0
1791026940000000,84636.12000000,84651.22000000,84636.12000000,84651.22000000,4.48202000,1791026999999999,379386.44529800,510,4.28379000,362606.26047890,0
1791027000000000,84651.22000000,84651.22000000,84651.21000000,84651.22000000,1.05302000,1791027059999999,89139.42609400,167,0.89398000,75676.49765560,0
1791027060000000,84651.22000000,84651.22000000,84651.21000000,84651.21000000,0.40854000,1791027119999999,34583.40842120,105,0.30878000,26138.60371160,0
1791027120000000,84651.21000000,84651.22000000,84651.21000000,84651.22000000,0.73090000,1791027179999999,61871.57545740,127,0.60684000,51369.74634480,0
1791027180000000,84651.22000000,84651.22000000,84649.60000000,84649.61000000,3.00051000,1791027239999999,253994.95532390,349,1.30188000,110204.11918270,0
1791027240000000,84649.60000000,84651.22000000,84649.60000000,84651.22000000,5.20239000,1791027299999999,440382.15777090,360,3.47923000,294517.06929290,0
1791027300000000,84651.22000000,84658.75000000,84651.21000000,84658.75000000,3.61296000,1791027359999999,305845.98114900,431,1.49710000,126734.58678110,0
1791027360000000,84658.74000000,84658.75000000,84658.74000000,84658.75000000,0.84972000,1791027419999999,71936.23264350,196,0.80907000,68494.85486250,0
1791027420000000,84658.74000000,84658.75000000,84658.74000000,84658.75000000,0.41366000,1791027479999999,35019.93678900,150,0.24006000,20323.17952500,0
1791027480000000,84658.74000000,84658.75000000,84658.74000000,84658.74000000,3.72208000,1791027539999999,315106.63667540,201,3.36962000,285267.81717500,0
1791027540000000,84658.74000000,84658.75000000,84658.74000000,84658.74000000,1.72888000,1791027599999999,146364.81487480,182,1.24636000,105515.27965000,0
1791027600000000,84658.74000000,84659.46000000,84658.74000000,84659.46000000,2.90714000,1791027659999999,246116.62427990,572,2.53657000,214744.37629690,0
1791027660000000,84659.45000000,84659.46000000,84659.45000000,84659.45000000,1.56835000,1791027719999999,132775.65151410,165,0.31066000,26300.30784360,0
1791027720000000,84659.45000000,84659.46000000,84659.45000000,84659.45000000,1.03062000,1791027779999999,87251.72475440,146,0.23954000,20279.32704840,0
1791027780000000,84659.46000000,84659.46000000,84659.45000000,84659.45000000,1.25835000,1791027839999999,106531.22437990,144,0.54724000,46329.04289040,0
1791027840000000,84659.46000000,84659.46000000,84659.45000000,84659.46000000,2.77750000,1791027899999999,235141.62623650,230,0.38615000,32691.25047900,0
1791027900000000,84659.46000000,84671.85000000,84659.45000000,84671.85000000,2.39576000,1791027959999999,202826.41293500,416,1.20212000,101773.10052110,0
1791027960000000,84671.84000000,84671.85000000,84671.84000000,84671.84000000,0.58976000,1791028019999999,49936.06848970,151,0.41313000,34980.48139050,0
1791028020000000,84671.85000000,84680.34000000,84671.84000000,84680.34000000,1.66796000,1791028079999999,141235.61391890,249,1.22819000,103995.82211420,0
1791028080000000,84680.34000000,84696.01000000,84680.33000000,84696.01000000,1.88834000,1791028139999999,159919.63800610,365,1.26125000,106808.29404210,0
1791028140000000,84696.01000000,84696.01000000,84659.43000000,84659.44000000,24.61128000,1791028199999999,2083861.88759280,1315,1.43316000,121342.53368180,0
1791028200000000,84659.44000000,84686.00000000,84659.43000000,84686.00000000,2.99874000,1791028259999999,253916.64481570,609,2.88760000,244506.03754540,0
1791028260000000,84686.00000000,84686.00000000,84685.99000000,84686.00000000,0.43374000,1791028319999999,36731.70473530,103,0.34327000,29070.16322000,0
1791028320000000,84686.00000000,84686.00000000,84685.99000000,84685.99000000,0.69922000,1791028379999999,59214.14178330,165,0.38555000,32650.68730000,0
1791028380000000,84686.00000000,84686.00000000,84685.99000000,84686.00000000,0.80256000,1791028439999999,67965.59416190,156,0.60275000,51044.48650000,0
1791028440000000,84685.99000000,84686.00000000,84685.99000000,84686.00000000,0.52554000,1791028499999999,44505.87782670,179,0.26421000,22374.88806000,0
1791028500000000,84685.99000000,84686.00000000,84685.99000000,84685.99000000,0.65923000,1791028559999999,55827.54942990,251,0.42422000,35925.49492000,0
1791028560000000,84685.99000000,84686.00000000,84684.36000000,84684.37000000,5.17320000,1791028619999999,438093.82179330,566,0.36912000,31259.09454230,0
1791028620000000,84684.37000000,84684.37000000,84683.00000000,84683.00000000,1.13106000,1791028679999999,95781.69304190,456,0.53390000,45212.26305100,0
1791028680000000,84683.01000000,84683.01000000,84672.00000000,84672.00000000,2.91953000,1791028739999999,247218.18220300,378,0.62826000,53200.49893260,0
1791028740000000,84672.01000000,84672.01000000,84672.00000000,84672.01000000,0.68032000,1791028799999999,57604.06061570,235,0.55757000,47210.57261570,0
1791028800000000,84672.01000000,84681.84000000,84672.00000000,84680.76000000,3.36431000,1791028859999999,284879.58788200,480,2.20801000,186969.56514400,0
1791028860000000,84680.77000000,84688.84000000,84680.76000000,84688.84000000,2.24052000,1791028919999999,189743.45158260,347,2.08960000,176962.31479890,0
1791028920000000,84688.84000000,84688.85000000,84688.83000000,84688.85000000,1.40041000,1791028979999999,118599.09750560,377,0.98028000,83018.77789200,0
1791028980000000,84688.85000000,84696.00000000,84688.84000000,84696.00000000,1.82415000,1791029039999999,154493.63487740,480,1.56697000,132711.99945070,0
1791029040000000,84696.00000000,84696.00000000,84695.99000000,84696.00000000,0.71528000,1791029099999999,60581.35395520,125,0.62280000,52748.66880000,0
1791029100000000,84696.00000000,84696.00000000,84695.99000000,84696.00000000,0.40674000,1791029159999999,34449.24964220,162,0.26696000,22610.44416000,0
1791029160000000,84695.99000000,84696.00000000,84695.99000000,84696.00000000,1.39112000,1791029219999999,117822.29112660,203,0.55178000,46733.55888000,0
1791029220000000,84695.99000000,84696.00000000,84678.05000000,84690.01000000,15.13086000,1791029279999999,1281305.56866790,943,8.14796000,689964.43474410,0
1791029280000000,84690.01000000,84690.01000000,84689.99000000,84689.99000000,3.40543000,1791029339999999,288405.86818530,267,0.30280000,25644.13469350,0
1791029340000000,84690.00000000,84690.00000000,84687.28000000,84687.29000000,1.48436000,1791029399999999,125708.44400600,269,0.55886000,47329.21766110,0
1791029400000000,84687.29000000,84687.29000000,84687.28000000,84687.28000000,0.62278000,1791029459999999,52741.54788570,117,0.36473000,30887.99528170,0
1791029460000000,84687.29000000,84695.82000000,84687.28000000,84695.82000000,4.23015000,1791029519999999,358247.69729880,553,4.02440000,340822.32204080,0
1791029520000000,84695.82000000,84696.00000000,84695.81000000,84696.00000000,1.29599000,1791029579999999,109765.10805820,215,1.23563000,104652.86043460,0
1791029580000000,84696.00000000,84696.00000000,84695.99000000,84695.99000000,1.34991000,1791029639999999,114331.96673220,94,0.28713000,24318.76248000,0
1791029640000000,84696.00000000,84696.00000000,84695.99000000,84695.99000000,0.52602000,1791029699999999,44551.78903910,114,0.43793000,37090.91928000,0
1791029700000000,84696.00000000,84703.22000000,84695.99000000,84698.75000000,13.52918000,1791029759999999,1145917.04012550,621,6.34056000,537032.20270420,0
1791029760000000,84698.74000000,84714.49000000,84698.74000000,84714.49000000,5.31502000,1791029819999999,450189.99875840,458,2.71158000,229677.81148360,0
1791029820000000,84714.48000000,84731.16000000,84714.48000000,84730.21000000,6.77086000,1791029879999999,573665.35477280,526,5.53253000,468742.58375120,0
1791029880000000,84730.20000000,84791.53000000,84730.20000000,84790.00000000,16.11938000,1791029939999999,1366403.41938860,2253,13.20197000,1119090.35512830,0
1791029940000000,84789.99000000,84794.76000000,84780.34000000,84794.76000000,3.93914000,1791029999999999,333994.99603800,592,2.55310000,216474.81797210,0
1791030000000000,84794.75000000,84840.01000000,84794.75000000,84840.01000000,23.57758000,1791030059999999,1999665.08924620,1890,16.19808000,1373689.38719760,0
1791030060000000,84840.00000000,84881.10000000,84840.00000000,84860.00000000,21.82647000,1791030119999999,1852165.10443250,1629,15.13778000,1284523.73926100,0
1791030120000000,84860.00000000,84863.97000000,84844.98000000,84854.00000000,15.38956000,1791030179999999,1305904.71584740,1864,8.64951000,733989.34649840,0
1791030180000000,84854.00000000,84882.42000000,84850.80000000,84882.42000000,7.91701000,1791030239999999,671877.24604300,906,6.00424000,509571.54754180,0
1791030240000000,84882.41000000,84882.42000000,84860.91000000,84860.92000000,6.37645000,1791030299999999,541199.84552850,833,0.92675000,78660.33645020,0
1791030300000000,84860.91000000,84921.66000000,84860.91000000,84894.00000000,24.73149000,1791030359999999,2099729.02476980,2419,17.65129000,1498590.87119340,0
1791030360000000,84894.00000000,84916.00000000,84894.00000000,84904.02000000,3.88308000,1791030419999999,329686.35738150,702,2.98545000,253468.00102810,0
1791030420000000,84904.01000000,84904.02000000,84862.97000000,84862.98000000,11.41366000,1791030479999999,968794.53808810,1201,2.65883000,225646.26954040,0
1791030480000000,84862.97000000,84869.56000000,84862.97000000,84869.56000000,3.61282000,1791030539999999,306600.65336290,658,3.20872000,272306.92078520,0
1791030540000000,84870.01000000,84871.37000000,84852.00000000,84861.40000000,16.85264000,1791030599999999,1430141.05729740,1098,6.34709000,538572.45105550,0
1791030600000000,84861.41000000,84861.41000000,84859.45000000,84859.45000000,1.83848000,1791030659999999,156014.67324520,398,0.38347000,32541.34594720,0
1791030660000000,84859.46000000,84859.46000000,84852.01000000,84852.01000000,7.19067000,1791030719999999,610186.44017290,508,1.73290000,147048.00488940,0
1791030720000000,84852.01000000,84852.02000000,84852.00000000,84852.01000000,5.39933000,1791030779999999,458143.99787830,246,0.14035000,11908.98034700,0
1791030780000000,84852.00000000,84859.40000000,84852.00000000,84859.39000000,6.45356000,1791030839999999,547616.13686230,428,4.54930000,386035.74222960,0
1791030840000000,84859.40000000,84859.40000000,84859.39000000,84859.39000000,9.04790000,1791030899999999,767799.28830420,276,1.35232000,114757.06380800,0
1791030900000000,84859.40000000,84895.52000000,84859.39000000,84870.00000000,19.47202000,1791030959999999,1652836.58268010,2201,9.18415000,779531.60689190,0
1791030960000000,84870.00000000,84872.01000000,84866.66000000,84872.00000000,3.86443000,1791031019999999,327968.55873040,602,1.81221000,153802.29418570,0
1791031020000000,84872.01000000,84889.04000000,84872.00000000,84889.03000000,2.28992000,1791031079999999,194373.33728480,556,1.36948000,116241.48017050,0
1791031080000000,84889.04000000,84897.72000000,84889.03000000,84897.72000000,5.83680000,1791031139999999,495526.56871330,434,5.22950000,443969.05828860,0
1791031140000000,84897.71000000,84911.98000000,84883.66000000,84896.01000000,9.92477000,1791031199999999,842584.61935180,1395,4.79877000,407392.73586770,0
1791031200000000,84896.01000000,84896.02000000,84878.01000000,84878.02000000,6.29774000,1791031259999999,534622.03051910,1092,2.10925000,179059.05924860,0
1791031260000000,84878.01000000,84878.01000000,84825.02000000,84832.01000000,10.34632000,1791031319999999,877911.47925900,1484,1.68740000,143148.35791710,0
1791031320000000,84832.00000000,84840.84000000,84785.50000000,84793.37000000,15.41539000,1791031379999999,1307325.26919440,2375,7.25910000,615529.53804160,0
1791031380000000,84793.37000000,84829.78000000,84793.37000000,84829.74000000,3.31223000,1791031439999999,280931.01613480,908,2.49432000,211551.05676490,0
1791031440000000,84829.75000000,84829.75000000,84822.01000000,84822.01000000,4.48516000,1791031499999999,380446.69095270,631,2.22644000,188852.62589810,0
1791031500000000,84822.02000000,84822.02000000,84822.01000000,84822.02000000,1.37354000,1791031559999999,116506.43422790,167,1.06125000,90017.36872500,0
1791031560000000,84822.01000000,84824.01000000,84822.01000000,84824.00000000,4.42116000,1791031619999999,375012.37699250,349,3.81748000,323806.70221660,0
1791031620000000,84824.00000000,84834.01000000,84824.00000000,84834.00000000,3.62757000,1791031679999999,307707.69905220,359,0.74065000,62827.32896750,0
1791031680000000,84834.00000000,84847.46000000,84834.00000000,84847.46000000,1.53128000,1791031739999999,129918.90421460,464,1.06394000,90266.90762110,0
1791031740000000,84847.46000000,84847.46000000,84838.00000000,84838.01000000,2.96321000,1791031799999999,251400.34139430,667,0.95440000,80969.40761150,0
1791031800000000,84838.00000000,84838.01000000,84838.00000000,84838.01000000,0.85082000,1791031859999999,72181.87022200,219,0.30620000,25977.39866200,0
1791031860000000,84838.01000000,84838.01000000,84838.00000000,84838.01000000,1.25567000,1791031919999999,106528.53430300,165,0.28430000,24119.44624300,0
1791031920000000,84838.00000000,84842.88000000,84838.00000000,84842.88000000,1.80576000,1791031979999999,153203.96015620,406,1.09487000,92890.05478280,0
1791031980000000,84842.88000000,84870.94000000,84842.87000000,84870.94000000,3.17382000,1791032039999999,269321.33620710,684,2.82535000,239750.60312440,0
1791032040000000,84870.94000000,84889.55000000,84870.93000000,84889.55000000,4.67216000,1791032099999999,396555.99315740,625,3.54306000,300723.48606080,0
1791032100000000,84889.55000000,84908.48000000,84889.54000000,84908.48000000,10.82743000,1791032159999999,919269.71267920,403,10.51685000,892899.39490490,0
1791032160000000,84908.48000000,84914.01000000,84908.47000000,84914.00000000,2.01089000,1791032219999999,170742.53224010,366,0.88476000,75124.54021840,0
1791032220000000,84914.00000000,84926.47000000,84914.00000000,84921.28000000,5.71469000,1791032279999999,485314.96853760,847,2.48716000,211219.53081570,0
1791032280000000,84921.29000000,84921.29000000,84900.01000000,84900.02000000,6.90450000,1791032339999999,586300.63070970,1702,0.76102000,64622.12510430,0
1791032340000000,84900.02000000,84900.02000000,84888.01000000,84888.02000000,3.45386000,1791032399999999,293209.02432890,952,1.27095000,107895.12675110,0
1791032400000000,84888.02000000,84896.22000000,84870.82000000,84870.83000000,4.53705000,1791032459999999,385120.63985730,835,1.21804000,103394.05207490,0
1791032460000000,84870.83000000,84870.83000000,84864.00000000,84864.09000000,4.51223000,1791032519999999,382951.38162000,414,0.70640000,59950.46122920,0
1791032520000000,84864.08000000,84864.09000000,84843.29000000,84843.29000000,1.80388000,1791032579999999,153058.31000450,610,0.26900000,22824.13006840,0
1791032580000000,84843.29000000,84860.01000000,84843.29000000,84860.01000000,2.08501000,1791032639999999,176911.44503300,846,1.89395000,160698.86350140,0
1791032640000000,84860.01000000,84864.01000000,84859.99000000,84860.00000000,2.99743000,1791032699999999,254365.80677640,585,1.26178000,107075.86177980,0
1791032700000000,84859.99000000,84859.99000000,84846.00000000,84846.01000000,2.86746000,1791032759999999,243318.20077080,546,0.32486000,27566.47038640,0
1791032760000000,84846.00000000,84846.01000000,84829.77000000,84837.76000000,4.76620000,1791032819999999,404367.16555700,764,1.05417000,89430.33869810,0
1791032820000000,84837.76000000,84837.76000000,84831.12000000,84831.12000000,1.86132000,1791032879999999,157901.22405350,441,0.26700000,22650.77260440,0
1791032880000000,84831.12000000,84831.13000000,84830.58000000,84830.59000000,2.21706000,1791032939999999,188075.31392600,420,0.50159000,42550.33103030,0
1791032940000000,84830.59000000,84860.15000000,84828.00000000,84860.03000000,47.69266000,1791032999999999,4046400.13313090,983,43.85787000,3720998.55122870,0
1791033000000000,84860.03000000,84872.61000000,84860.02000000,84872.61000000,2.58383000,1791033059999999,219271.34157050,559,2.26272000,192021.87186730,0
1791033060000000,84872.61000000,84872.61000000,84872.00000000,84872.00000000,0.80150000,1791033119999999,68025.34355460,302,0.22332000,18953.75126520,0
1791033120000000,84872.00000000,84872.01000000,84844.92000000,84844.92000000,7.72109000,1791033179999999,655190.24394230,1126,0.23472000,19917.51082650,0
1791033180000000,84844.93000000,84853.32000000,84842.00000000,84853.32000000,3.31984000,1791033239999999,281669.07879230,707,2.14252000,181781.68422430,0
1791033240000000,84853.32000000,84853.32000000,84853.31000000,84853.32000000,0.51637000,1791033299999999,43815.70741560,208,0.37309000,31657.92515880,0
1791033300000000,84853.32000000,84853.32000000,84840.66000000,84840.67000000,3.77355000,1791033359999999,320168.88832410,664,1.00022000,84861.48839920,0
1791033360000000,84840.67000000,84840.67000000,84840.66000000,84840.67000000,0.89647000,1791033419999999,76057.10997130,152,0.35011000,29703.56697370,0
1791033420000000,84840.66000000,84840.67000000,84836.00000000,84836.01000000,2.24948000,1791033479999999,190845.00113430,536,0.29505000,25032.04842250,0
1791033480000000,84836.00000000,84836.01000000,84822.00000000,84822.00000000,3.09454000,1791033539999999,262493.54653300,532,0.17685000,15001.76002850,0
1791033540000000,84822.01000000,84822.01000000,84812.12000000,84812.12000000,2.62808000,1791033599999999,222901.54979710,578,0.56302000,47754.04514140,0
1791033600000000,84812.13000000,84812.13000000,84795.56000000,84795.57000000,5.03208000,1791033659999999,426737.34686380,954,0.43566000,36944.43454960,0
1791033660000000,84795.56000000,84795.56000000,84770.35000000,84790.60000000,7.39822000,1791033719999999,627238.79459350,1334,2.80827000,238077.19066480,0
1791033720000000,84790.61000000,84790.61000000,84789.24000000,84789.24000000,2.00916000,1791033779999999,170357.17950860,373,0.40897000,34676.79887570,0
1791033780000000,84789.24000000,84797.37000000,84782.42000000,84797.37000000,4.08535000,1791033839999999,346381.52104490,1177,2.77319000,235125.39122950,0
1791033840000000,84797.36000000,84797.37000000,84797.36000000,84797.36000000,0.70896000,1791033899999999,60117.93830810,147,0.19625000,16641.48386250,0
1791033900000000,84797.36000000,84820.01000000,84797.36000000,84820.00000000,5.92734000,1791033959999999,502689.41348430,724,4.96861000,421371.33083910,0
1791033960000000,84820.01000000,84820.01000000,84820.00000000,84820.00000000,0.65015000,1791034019999999,55145.72567910,128,0.26791000,22724.12887910,0
1791034020000000,84820.01000000,84820.01000000,84812.03000000,84812.04000000,1.78785000,1791034079999999,151639.95206770,325,0.32684000,27720.80695250,0
1791034080000000,84812.03000000,84812.04000000,84812.00000000,84812.00000000,0.98152000,1791034139999999,83244.69805570,241,0.18042000,15301.78444920,0
1791034140000000,84812.00000000,84812.01000000,84812.00000000,84812.01000000,3.65165000,1791034199999999,309703.77114230,156,3.13423000,265820.34610230,0
1791034200000000,84812.01000000,84812.01000000,84812.00000000,84812.01000000,0.37559000,1791034259999999,31854.54041980,126,0.13398000,11363.11309980,0
1791034260000000,84812.01000000,84812.01000000,84812.00000000,84812.00000000,1.44694000,1791034319999999,122717.88639120,116,1.11112000,94236.32055120,0
1791034320000000,84812.00000000,84812.01000000,84812.00000000,84812.00000000,0.44552000,1791034379999999,37785.44506350,149,0.28235000,23946.67102350,0
1791034380000000,84812.00000000,84828.01000000,84812.00000000,84828.00000000,6.09025000,1791034439999999,516546.58454560,722,3.31767000,281396.37237780,0
1791034440000000,84828.01000000,84912.01000000,84828.01000000,84912.01000000,13.78582000,1791034499999999,1170011.52430340,1285,12.74993000,1082074.87014050,0
1791034500000000,84912.01000000,84962.20000000,84912.00000000,84960.32000000,14.94622000,1791034559999999,1269468.91459240,1247,13.19017000,1120285.68494670,0
1791034560000000,84960.33000000,84962.20000000,84934.57000000,84934.57000000,6.67466000,1791034619999999,567021.32865870,1407,1.38385000,117571.00204850,0
1791034620000000,84934.58000000,84934.58000000,84905.37000000,84909.67000000,5.30149000,1791034679999999,450203.17353480,1745,1.58214000,134340.47315660,0
1791034680000000,84909.68000000,84920.01000000,84903.84000000,84908.00000000,4.21579000,1791034739999999,357961.86217690,658,2.81005000,238599.24971350,0
1791034740000000,84908.00000000,84908.01000000,84908.00000000,84908.01000000,3.26187000,1791034799999999,276958.86807580,193,1.01158000,85891.24475580,0
1791034800000000,84908.00000000,84918.75000000,84908.00000000,84911.20000000,5.38671000,1791034859999999,457415.43018830,638,1.66884000,141703.84599470,0
1791034860000000,84911.20000000,84911.59000000,84911.19000000,84911.59000000,4.01548000,1791034919999999,340959.32325790,262,3.13021000,265789.95133090,0
1791034920000000,84911.59000000,84911.59000000,84900.15000000,84900.15000000,5.52383000,1791034979999999,469028.97410500,731,0.43758000,37155.39032430,0
1791034980000000,84900.16000000,84900.16000000,84882.89000000,84882.89000000,4.69355000,1791035039999999,398439.39868610,649,0.41015000,34817.26409530,0
1791035040000000,84882.89000000,84882.89000000,84833.42000000,84833.43000000,4.95892000,1791035099999999,420814.01784320,2157,0.53140000,45090.46334150,0
1791035100000000,84833.43000000,84833.43000000,84833.42000000,84833.42000000,1.65375000,1791035159999999,140293.28330920,234,1.49842000,127116.10818060,0
1791035160000000,84833.43000000,84848.87000000,84833.42000000,84848.86000000,3.10220000,1791035219999999,263181.94747650,439,2.21464000,187885.55998070,0
1791035220000000,84848.86000000,84848.87000000,84848.86000000,84848.86000000,1.06186000,1791035279999999,90097.62020740,124,0.97278000,82539.28375860,0
1791035280000000,84848.87000000,84871.84000000,84848.86000000,84871.83000000,3.78212000,1791035339999999,320947.72706980,494,3.52443000,299081.33915030,0
1791035340000000,84871.84000000,84871.84000000,84871.83000000,84871.83000000,0.68131000,1791035399999999,57824.03128860,133,0.47913000,40664.64469920,0
1791035400000000,84871.83000000,84871.84000000,84871.83000000,84871.83000000,0.56110000,1791035459999999,47621.58671360,134,0.29006000,24617.92591040,0
1791035460000000,84871.83000000,84871.84000000,84871.83000000,84871.84000000,1.38400000,1791035519999999,117462.62480770,199,1.20877000,102590.53403680,0
1791035520000000,84871.84000000,84876.93000000,84871.83000000,84876.93000000,1.52564000,1791035579999999,129484.59730200,238,1.30433000,110701.58893620,0
1791035580000000,84876.92000000,84876.93000000,84876.92000000,84876.92000000,1.28690000,1791035639999999,109228.11298060,159,0.46326000,39320.08659180,0
1791035640000000,84876.93000000,84878.01000000,84876.92000000,84878.00000000,4.02062000,1791035699999999,341260.87844710,274,2.57222000,218323.60503070,0
1791035700000000,84878.01000000,84878.01000000,84878.00000000,84878.01000000,0.89325000,1791035759999999,75817.27805300,93,0.45530000,38644.95795300,0
1791035760000000,84878.01000000,84878.01000000,84878.00000000,84878.00000000,1.35692000,1791035819999999,115172.65752630,141,0.17663000,14992.00290630,0
1791035820000000,84878.01000000,84878.01000000,84878.00000000,84878.01000000,3.56848000,1791035879999999,302885.44970230,156,0.42623000,36177.55420230,0
1791035880000000,84878.00000000,84878.01000000,84872.82000000,84872.82000000,6.35800000,1791035939999999,539647.63960020,878,0.39748000,33736.94645880,0
1791035940000000,84872.82000000,84872.83000000,84870.03000000,84870.04000000,2.48297000,1791035999999999,210732.31833670,697,0.26159000,22201.26688770,0
1791036000000000,84870.03000000,84870.04000000,84851.16000000,84851.17000000,5.10215000,1791036059999999,432974.12534680,1114,1.67538000,142172.59746730,0
1791036060000000,84851.16000000,84851.17000000,84842.24000000,84842.25000000,2.53037000,1791036119999999,214686.45048890,534,0.80188000,68033.75067880,0
1791036120000000,84842.25000000,84842.25000000,84825.25000000,84825.25000000,5.08564000,1791036179999999,431432.99001070,1343,0.47580000,40364.36432630,0
1791036180000000,84825.26000000,84825.26000000,84810.00000000,84810.00000000,7.08435000,1791036239999999,600882.37199120,1110,0.66420000,56338.35205740,0
1791036240000000,84810.01000000,84810.01000000,84798.31000000,84798.32000000,4.80366000,1791036299999999,407367.15046190,1130,1.29197000,109558.32000410,0
1791036300000000,84798.32000000,84800.00000000,84798.31000000,84799.99000000,9.37838000,1791036359999999,795283.01665500,451,8.60430000,729641.45018140,0
1791036360000000,84799.99000000,84800.00000000,84780.16000000,84780.16000000,4.69130000,1791036419999999,397783.55611950,1094,1.05390000,89368.62307380,0
1791036420000000,84780.17000000,84812.01000000,84774.00000000,84812.00000000,13.35829000,1791036479999999,1132619.33404200,1188,12.07655000,1023945.78275320,0
1791036480000000,84812.00000000,84812.01000000,84812.00000000,84812.00000000,0.98444000,1791036539999999,83492.33145770,161,0.61777000,52394.31541770,0
1791036540000000,84812.01000000,84812.01000000,84812.00000000,84812.01000000,0.54413000,1791036599999999,46148.75707100,138,0.35110000,29777.49671100,0
1791036600000000,84812.00000000,84812.01000000,84812.00000000,84812.00000000,1.13182000,1791036659999999,95991.92731630,167,0.94763000,80370.40503630,0
1791036660000000,84812.00000000,84812.01000000,84798.72000000,84798.73000000,4.50627000,1791036719999999,382168.80279140,653,1.00571000,85288.96283790,0
1791036720000000,84798.72000000,84798.72000000,84792.42000000,84792.43000000,1.27442000,1791036779999999,108063.01005400,453,0.21263000,18029.48679250,0
1791036780000000,84792.43000000,84792.43000000,84792.42000000,84792.43000000,0.90417000,1791036839999999,76666.76793730,251,0.55459000,47025.03375370,0
1791036840000000,84792.43000000,84792.43000000,84792.42000000,84792.42000000,0.80139000,1791036899999999,67951.80368930,169,0.62255000,52787.52729650,0
1791036900000000,84792.42000000,84792.43000000,84792.42000000,84792.43000000,1.23973000,1791036959999999,105119.71657800,220,0.97314000,82514.90533020,0
1791036960000000,84792.43000000,84802.01000000,84792.42000000,84802.01000000,4.03590000,1791037019999999,342234.63434880,422,3.37346000,286063.31967900,0
1791037020000000,84802.00000000,84802.01000000,84802.00000000,84802.00000000,1.24124000,1791037079999999,105259.64176430,167,0.72843000,61772.32814430,0
1791037080000000,84802.00000000,84808.01000000,84802.00000000,84808.01000000,2.53442000,1791037139999999,214927.40728670,314,2.03133000,172262.25458670,0
1791037140000000,84808.01000000,84808.01000000,84808.00000000,84808.00000000,0.51836000,1791037199999999,43961.07817280,184,0.32928000,27925.58153280,0
1791037200000000,84808.01000000,84808.01000000,84808.00000000,84808.00000000,0.49130000,1791037259999999,41666.17397760,163,0.35776000,30340.91365760,0
1791037260000000,84808.01000000,84821.52000000,84808.00000000,84821.52000000,4.02809000,1791037319999999,341629.06670500,337,3.57773000,303434.27194360,0
1791037320000000,84821.51000000,84821.52000000,84821.51000000,84821.51000000,0.70599000,1791037379999999,59883.14283970,183,0.49948000,42366.65280960,0
1791037380000000,84821.52000000,84821.52000000,84821.51000000,84821.51000000,0.81296000,1791037439999999,68956.50077640,173,0.60068000,50950.59063360,0
1791037440000000,84821.52000000,84821.52000000,84821.51000000,84821.52000000,1.16272000,1791037499999999,98623.67441220,167,0.83050000,70444.27236000,0
1791037500000000,84821.52000000,84824.01000000,84821.51000000,84824.01000000,2.16624000,1791037559999999,183745.51498380,463,2.02383000,171665.80080600,0
1791037560000000,84824.00000000,84836.07000000,84824.00000000,84836.07000000,1.92132000,1791037619999999,162980.15664380,518,1.84094000,156161.88226280,0
1791037620000000,84836.07000000,84840.01000000,84822.60000000,84822.61000000,7.21719000,1791037679999999,612268.80260280,1033,1.88747000,160116.68980800,0
1791037680000000,84822.60000000,84828.01000000,84822.60000000,84828.01000000,1.57979000,1791037739999999,134003.66011270,247,1.51163000,128221.86835870,0
1791037740000000,84828.01000000,84828.01000000,84826.00000000,84826.00000000,13.24306000,1791037799999999,1123380.99363770,394,0.25035000,21236.19656350,0
1791037800000000,84826.01000000,84826.01000000,84826.00000000,84826.01000000,1.45415000,1791037859999999,123349.73585370,245,0.79537000,67468.06357370,0
1791037860000000,84826.01000000,84826.01000000,84816.00000000,84816.01000000,4.66486000,1791037919999999,395694.43121240,516,0.93964000,79705.86393640,0
1791037920000000,84816.00000000,84816.01000000,84801.60000000,84801.60000000,2.49043000,1791037979999999,211210.49796190,822,0.36242000,30736.02035970,0
1791037980000000,84801.61000000,84801.61000000,84793.36000000,84793.37000000,2.09151000,1791038039999999,177359.08267730,386,0.80009000,67847.53805330,0
1791038040000000,84793.37000000,84793.37000000,84793.36000000,84793.37000000,2.66649000,1791038099999999,226100.67136940,160,2.48630000,210821.75583100,0
1791038100000000,84793.37000000,84793.37000000,84768.53000000,84768.53000000,8.93999000,1791038159999999,758011.41514590,970,0.38844000,32932.95294070,0
1791038160000000,84768.54000000,84768.54000000,84768.53000000,84768.53000000,0.72580000,1791038219999999,61525.00283050,138,0.37565000,31843.30205100,0
1791038220000000,84768.53000000,84768.54000000,84768.53000000,84768.54000000,6.16983000,1791038279999999,523007.47784590,298,5.83960000,495014.36618400,0
1791038280000000,84768.54000000,84768.54000000,84756.11000000,84756.12000000,15.14363000,1791038339999999,1283656.04939660,1177,1.39438000,118194.93929280,0
1791038340000000,84756.11000000,84756.12000000,84756.11000000,84756.12000000,2.65086000,1791038399999999,224676.58922430,281,0.74697000,63310.27895640,0
1791038400000000,84756.12000000,84756.12000000,84745.44000000,84745.45000000,3.04086000,1791038459999999,257716.65785880,789,0.35284000,29904.07637820,0
1791038460000000,84745.45000000,84745.45000000,84745.44000000,84745.45000000,1.21167000,1791038519999999,102683.51609490,131,0.88101000,74661.58890450,0
1791038520000000,84745.44000000,84745.45000000,84745.44000000,84745.44000000,0.66813000,1791038579999999,56620.97640610,157,0.55789000,47278.63910050,0
1791038580000000,84745.44000000,84752.01000000,84745.44000000,84752.01000000,5.23884000,1791038639999999,443975.15852260,316,5.17623000,438668.96182020,0
1791038640000000,84752.01000000,84752.01000000,84752.00000000,84752.00000000,1.62936000,1791038699999999,138091.53409810,304,1.53781000,130332.48849810,0
1791038700000000,84752.00000000,84774.01000000,84752.00000000,84774.00000000,5.51064000,1791038759999999,467061.86146280,879,5.40545000,458146.02906280,0
1791038760000000,84774.01000000,84793.36000000,84774.00000000,84793.36000000,6.74630000,1791038819999999,571971.38058170,1039,5.58964000,473896.31772160,0
1791038820000000,84793.36000000,84793.36000000,84793.35000000,84793.36000000,0.83198000,1791038879999999,70546.37880020,231,0.74672000,63316.89777920,0
1791038880000000,84793.36000000,84838.70000000,84793.35000000,84838.70000000,5.60618000,1791038939999999,475467.63758530,943,5.33769000,452693.99785630,0
1791038940000000,84838.70000000,84851.37000000,84838.70000000,84851.37000000,3.51547000,1791038999999999,298278.67021430,702,3.05832000,259489.22009010,0
1791039000000000,84851.37000000,84851.37000000,84844.17000000,84844.87000000,4.37759000,1791039059999999,371435.67974480,390,0.38415000,32594.12511550,0
1791039060000000,84844.86000000,84844.87000000,84844.86000000,84844.87000000,0.88199000,1791039119999999,74832.32256180,179,0.44904000,38098.74042480,0
1791039120000000,84844.86000000,84844.87000000,84844.86000000,84844.87000000,1.05766000,1791039179999999,89737.01851810,189,0.38905000,33008.89667350,0
1791039180000000,84844.86000000,84844.87000000,84844.86000000,84844.87000000,1.22953000,1791039239999999,104319.31237730,161,1.16615000,98941.84515050,0
1791039240000000,84844.87000000,84844.88000000,84840.77000000,84840.77000000,9.17881000,1791039299999999,778769.18920250,586,4.79965000,407225.56627770,0
1791039300000000,84840.77000000,84840.78000000,84840.77000000,84840.78000000,1.76952000,1791039359999999,150127.45244570,238,1.31153000,111271.22819340,0
1791039360000000,84840.77000000,84840.78000000,84840.77000000,84840.78000000,1.30017000,1791039419999999,110307.43582060,195,1.18897000,100873.14219660,0
1791039420000000,84840.78000000,84842.01000000,84840.77000000,84841.01000000,6.21260000,1791039479999999,527085.64622110,491,3.72689000,316193.74078130,0
1791039480000000,84841.00000000,84841.01000000,84841.00000000,84841.01000000,1.48013000,1791039539999999,125575.72170820,201,1.23782000,105017.89899820,0
1791039540000000,84841.00000000,84857.99000000,84841.00000000,84856.01000000,12.00461000,1791039599999999,1018537.28108750,1083,10.69314000,907262.44213990,0
1791039600000000,84856.01000000,84856.02000000,84806.01000000,84806.01000000,14.77638000,1791039659999999,1253688.95931090,1440,4.23395000,359251.67869670,0
1791039660000000,84806.00000000,84806.01000000,84780.00000000,84780.01000000,2.94046000,1791039719999999,249335.54013940,984,0.41078000,34830.48897090,0
1791039720000000,84780.01000000,84799.90000000,84780.00000000,84799.89000000,7.33468000,1791039779999999,621902.76857670,442,5.60314000,475080.75916380,0
1791039780000000,84799.90000000,84799.90000000,84799.89000000,84799.89000000,0.49717000,1791039839999999,42159.96478100,127,0.34697000,29423.02130300,0
1791039840000000,84799.89000000,84799.90000000,84799.89000000,84799.89000000,4.22779000,1791039899999999,358516.16787560,249,4.09325000,347107.19067500,0
1791039900000000,84799.90000000,84803.04000000,84799.89000000,84803.03000000,5.85425000,1791039959999999,496447.10987090,309,4.58278000,388623.35565140,0
1791039960000000,84803.04000000,84803.04000000,84803.03000000,84803.04000000,8.20455000,1791040019999999,695770.73871810,362,3.89316000,330151.80320640,0
1791040020000000,84803.03000000,84803.04000000,84800.73000000,84800.74000000,3.69961000,1791040079999999,313736.75521310,547,1.35717000,115091.78497220,0
1791040080000000,84800.74000000,84825.47000000,84800.73000000,84824.11000000,6.96633000,1791040139999999,590836.19255280,703,5.94899000,504540.67187910,0
1791040140000000,84824.11000000,84824.11000000,84821.99000000,84821.99000000,1.78544000,1791040199999999,151446.46413690,398,0.20381000,17287.86229810,0
1791040200000000,84821.99000000,84838.86000000,84821.99000000,84838.86000000,6.95249000,1791040259999999,589764.94100210,603,6.66720000,565562.24699300,0
1791040260000000,84838.85000000,84838.86000000,84838.85000000,84838.86000000,1.02013000,1791040319999999,86546.66278960,123,0.67391000,57173.75614260,0
1791040320000000,84838.86000000,84849.38000000,84838.85000000,84849.38000000,2.10468000,1791040379999999,178569.50796360,376,1.92661000,163461.43464650,0
1791040380000000,84849.37000000,84849.37000000,84844.01000000,84846.00000000,3.49200000,1791040439999999,296289.99227060,375,0.89760000,76157.76960000,0
1791040440000000,84846.00000000,84873.11000000,84843.27000000,84873.10000000,10.58336000,1791040499999999,897949.89800750,640,9.58761000,813461.26003090,0
1791040500000000,84873.10000000,84879.05000000,84838.00000000,84838.01000000,7.94692000,1791040559999999,674443.92768960,1128,3.88943000,330116.68323580,0
1791040560000000,84838.01000000,84846.01000000,84838.00000000,84846.00000000,7.26247000,1791040619999999,616139.71742090,461,6.99652000,593576.46818010,0
1791040620000000,84846.00000000,84848.48000000,84846.00000000,84848.48000000,4.44357000,1791040679999999,377019.95103380,215,4.37620000,371303.77123640,0
1791040680000000,84848.47000000,84848.48000000,84838.65000000,84846.96000000,9.00339000,1791040739999999,763860.93441920,797,7.09553000,601986.35749250,0
1791040740000000,84846.96000000,84858.26000000,84842.00000000,84842.01000000,7.00231000,1791040799999999,594153.47317030,869,4.51109000,382766.54192980,0
1791040800000000,84842.01000000,84864.00000000,84842.00000000,84846.01000000,6.57572000,1791040859999999,557950.44178640,866,4.13019000,350435.86944210,0
1791040860000000,84846.02000000,84858.01000000,84846.01000000,84858.01000000,2.65983000,1791040919999999,225684.56602350,300,2.49076000,211338.14696730,0
1791040920000000,84858.00000000,84858.01000000,84858.00000000,84858.00000000,1.07075000,1791040979999999,90861.70850060,191,0.50006000,42434.09648060,0
1791040980000000,84858.00000000,84858.01000000,84858.00000000,84858.01000000,1.82389000,1791041039999999,154771.66408800,260,0.64680000,54886.16086800,0
1791041040000000,84858.01000000,84858.01000000,84841.55000000,84841.56000000,4.86190000,1791041099999999,412529.51563660,458,0.17313000,14691.20562510,0
1791041100000000,84841.56000000,84844.28000000,84841.55000000,84844.28000000,1.87454000,1791041159999999,159039.34045910,357,1.60684000,136327.07620890,0
1791041160000000,84844.28000000,84847.54000000,84844.27000000,84847.54000000,2.48074000,1791041219999999,210478.36595370,326,2.40164000,203767.01392690,0
1791041220000000,84847.54000000,84847.54000000,84847.53000000,84847.54000000,2.23377000,1791041279999999,189529.88737990,261,2.02918000,172170.93121720,0
1791041280000000,84847.53000000,84847.54000000,84847.53000000,84847.54000000,1.91187000,1791041339999999,162217.46373750,164,1.65564000,140476.98112560,0
1791041340000000,84847.54000000,84847.54000000,84838.66000000,84838.66000000,5.86402000,1791041399999999,497542.04896060,440,0.19903000,16887.19027500,0
1791041400000000,84838.66000000,84838.67000000,84818.00000000,84818.00000000,4.83204000,1791041459999999,409902.05878270,950,0.46407000,39362.92912290,0
1791041460000000,84818.00000000,84818.01000000,84761.24000000,84766.60000000,21.64940000,1791041519999999,1835571.37538570,2721,5.86645000,497326.15217190,0
1791041520000000,84766.60000000,84800.01000000,84766.59000000,84794.01000000,21.66281000,1791041579999999,1836696.97745670,3463,7.52410000,637881.59949060,0
1791041580000000,84794.00000000,84796.43000000,84779.30000000,84792.63000000,32.15077000,1791041639999999,2726021.91367300,3659,16.23978000,1376926.96268900,0
1791041640000000,84792.62000000,84810.00000000,84774.68000000,84809.99000000,25.20813000,1791041699999999,2137260.27830440,2016,13.58509000,1151782.16842890,0
1791041700000000,84809.99000000,84810.00000000,84781.68000000,84794.74000000,7.63299000,1791041759999999,647219.91619290,934,4.57518000,387915.12729620,0
1791041760000000,84794.74000000,84797.07000000,84794.73000000,84797.07000000,1.92589000,1791041819999999,163306.82390610,278,1.89992000,161104.66175620,0
1791041820000000,84797.07000000,84797.07000000,84797.06000000,84797.07000000,0.72766000,1791041879999999,61703.43549310,191,0.68135000,57776.48364450,0
1791041880000000,84797.06000000,84820.01000000,84797.06000000,84820.01000000,6.69022000,1791041939999999,567388.03115310,567,6.46622000,548389.35175270,0
1791041940000000,84820.01000000,84820.27000000,84820.00000000,84820.27000000,2.03112000,1791041999999999,172279.88712430,201,1.71044000,145079.77117690,0
1791042000000000,84820.26000000,84820.27000000,84820.26000000,84820.27000000,0.88590000,1791042059999999,75142.27137700,130,0.30430000,25810.80816100,0
1791042060000000,84820.27000000,84822.01000000,84820.26000000,84822.01000000,2.86910000,1791042119999999,243358.83614030,248,2.33410000,197979.82847120,0
1791042120000000,84822.00000000,84822.01000000,84822.00000000,84822.01000000,0.74045000,1791042179999999,62806.45304910,152,0.31491000,26711.29916910,0
1791042180000000,84822.01000000,84838.28000000,84822.00000000,84838.27000000,4.20923000,1791042239999999,357064.88792120,694,4.05518000,343996.18315100,0
1791042240000000,84838.28000000,84854.01000000,84820.24000000,84820.25000000,52.69432000,1791042299999999,4470444.04798610,1076,10.83570000,919184.34878850,0
1791042300000000,84820.25000000,84834.01000000,84820.24000000,84834.01000000,1.76880000,1791042359999999,150041.40192090,306,1.26275000,107115.11070730,0
1791042360000000,84834.01000000,84840.72000000,84834.00000000,84840.72000000,3.93299000,1791042419999999,333655.78384240,252,1.52797000,129626.37535550,0
1791042420000000,84840.72000000,84845.30000000,84840.71000000,84845.30000000,3.36009000,1791042479999999,285074.53325190,228,2.90802000,246720.57905520,0
1791042480000000,84845.30000000,84845.30000000,84845.29000000,84845.29000000,0.62983000,1791042539999999,53438.11430840,185,0.53077000,45033.33988100,0
1791042540000000,84845.30000000,84854.01000000,84845.29000000,84854.00000000,1.44824000,1791042599999999,122882.95158850,273,1.13896000,96639.32484660,0
1791042600000000,84854.01000000,84854.01000000,84854.00000000,84854.01000000,0.42957000,1791042659999999,36450.73679870,194,0.40187000,34100.28099870,0
1791042660000000,84854.01000000,84860.01000000,84854.00000000,84860.00000000,1.47595000,1791042719999999,125244.04972390,313,1.23973000,105199.36857870,0
1791042720000000,84860.00000000,84860.01000000,84860.00000000,84860.00000000,2.57372000,1791042779999999,218405.90391540,204,2.47154000,209734.90911540,0
1791042780000000,84860.01000000,84860.01000000,84860.00000000,84860.01000000,0.64354000,1791042839999999,54610.80958740,102,0.51874000,44020.28158740,0
1791042840000000,84860.01000000,84860.01000000,84860.00000000,84860.01000000,2.16867000,1791042899999999,184033.33892360,199,0.27236000,23112.47232360,0
1791042900000000,84860.00000000,84860.01000000,84860.00000000,84860.01000000,4.72568000,1791042959999999,401021.25114700,166,4.63470000,393300.68834700,0
1791042960000000,84860.00000000,84860.01000000,84860.00000000,84860.00000000,0.69467000,1791043019999999,58949.70249200,163,0.62920000,53393.91829200,0
1791043020000000,84860.01000000,84860.53000000,84860.00000000,84860.52000000,2.93143000,1791043079999999,248761.29587220,262,2.28947000,194284.53158420,0
1791043080000000,84860.52000000,84860.53000000,84860.52000000,84860.52000000,1.50486000,1791043139999999,127703.20770280,195,0.55756000,47314.83710680,0
1791043140000000,84860.53000000,84867.28000000,84860.52000000,84867.28000000,4.55012000,1791043199999999,386145.84658310,300,2.94367000,249817.32268540,0
1791043200000000,84867.27000000,84867.28000000,84867.27000000,84867.27000000,1.22797000,1791043259999999,104214.46906880,262,0.75269000,63878.75298320,0
1791043260000000,84867.28000000,84867.28000000,84854.01000000,84854.01000000,6.00449000,1791043319999999,509564.86345420,859,1.55249000,131748.75238310,0
1791043320000000,84854.01000000,84854.02000000,84848.00000000,84848.00000000,1.63831000,1791043379999999,139015.45587160,410,0.52523000,44567.50610760,0
1791043380000000,84848.00000000,84849.37000000,84847.96000000,84849.36000000,3.98268000,1791043439999999,337922.91005010,634,2.25489000,191323.30980970,0
1791043440000000,84849.36000000,84854.50000000,84849.36000000,84854.49000000,1.86984000,1791043499999999,158659.56224460,439,1.54340000,130959.67381500,0
1791043500000000,84854.50000000,84856.00000000,84851.35000000,84853.02000000,5.27073000,1791043559999999,447245.59581330,635,2.50075000,212200.35567210,0
1791043560000000,84853.01000000,84853.02000000,84836.47000000,84836.48000000,4.46927000,1791043619999999,379191.29274100,606,0.53986000,45803.03079840,0
1791043620000000,84836.47000000,84836.48000000,84836.47000000,84836.48000000,1.72941000,1791043679999999,146717.05116670,152,1.15840000,98274.57843200,0
1791043680000000,84836.47000000,84836.48000000,84836.47000000,84836.48000000,2.27476000,1791043739999999,192982.62697840,182,1.84812000,156787.99541760,0
1791043740000000,84836.48000000,84843.23000000,84836.47000000,84843.23000000,3.17238000,1791043799999999,269135.78803370,400,2.86341000,242923.48229010,0
1791043800000000,84843.23000000,84843.23000000,84843.22000000,84843.23000000,1.67275000,1791043859999999,141921.50756590,193,1.13109000,95965.32902070,0
1791043860000000,84843.23000000,84846.74000000,84843.22000000,84846.73000000,2.04249000,1791043919999999,173292.75389690,421,1.80104000,152807.15070610,0
1791043920000000,84846.73000000,84846.95000000,84846.73000000,84846.94000000,2.27564000,1791043979999999,193080.81350710,810,1.82767000,155071.97193620,0
1791043980000000,84846.95000000,84846.95000000,84840.16000000,84840.17000000,7.65685000,1791044039999999,649656.50035050,429,0.17746000,15056.55400190,0
1791044040000000,84840.17000000,84840.17000000,84840.16000000,84840.16000000,0.51117000,1791044099999999,43367.74730400,150,0.27168000,23049.37738560,0
1791044100000000,84840.16000000,84840.17000000,84813.90000000,84814.20000000,12.84061000,1791044159999999,1089260.86399580,729,0.14904000,12643.84747580,0
1791044160000000,84814.19000000,84814.20000000,84814.19000000,84814.19000000,0.63442000,1791044219999999,53807.81941930,164,0.09995000,8477.17929000,0
1791044220000000,84814.19000000,84814.20000000,84814.19000000,84814.20000000,0.62909000,1791044279999999,53355.76075650,164,0.19694000,16703.30854800,0
1791044280000000,84814.19000000,84814.20000000,84814.19000000,84814.19000000,2.37020000,1791044339999999,201026.59596170,320,0.28237000,23948.98565400,0
1791044340000000,84814.19000000,84814.20000000,84814.19000000,84814.20000000,0.82902000,1791044399999999,70312.66290700,204,0.31132000,26404.35674400,0
1791044400000000,84814.19000000,84814.20000000,84782.01000000,84782.02000000,14.38966000,1791044459999999,1220253.39183550,881,1.61965000,137349.72550710,0
1791044460000000,84782.01000000,84787.45000000,84782.01000000,84787.45000000,2.70285000,1791044519999999,229157.31895670,432,2.29080000,194220.73879550,0
1791044520000000,84787.44000000,84787.45000000,84787.44000000,84787.45000000,1.22524000,1791044579999999,103884.96552480,240,0.25392000,21529.22930400,0
1791044580000000,84787.44000000,84787.45000000,84787.44000000,84787.45000000,0.40871000,1791044639999999,34653.47602540,176,0.14230000,12065.25413500,0
1791044640000000,84787.44000000,84787.45000000,84787.44000000,84787.44000000,0.97328000,1791044699999999,82521.92565770,240,0.60545000,51334.56160250,0
1791044700000000,84787.44000000,84787.45000000,84787.44000000,84787.45000000,0.75953000,1791044759999999,64398.61099220,159,0.66890000,56714.32530500,0
1791044760000000,84787.45000000,84787.45000000,84787.44000000,84787.45000000,2.54757000,1791044819999999,216001.94252170,286,0.40009000,33922.61087050,0
1791044820000000,84787.45000000,84795.93000000,84787.44000000,84795.92000000,2.91982000,1791044879999999,247568.65312170,546,2.62399000,222485.53982570,0
1791044880000000,84795.93000000,84795.93000000,84795.92000000,84795.93000000,0.40829000,1791044939999999,34621.32841480,229,0.22380000,18977.32913400,0
1791044940000000,84795.92000000,84813.23000000,84795.92000000,84813.22000000,3.47883000,1791044999999999,295007.81741730,701,2.98802000,253383.47637910,0
1791045000000000,84813.23000000,84814.01000000,84813.22000000,84814.01000000,2.55834000,1791045059999999,216981.71987650,460,1.72262000,146101.32857130,0
1791045060000000,84814.00000000,84814.01000000,84814.00000000,84814.01000000,1.01437000,1791045119999999,86032.78233500,220,0.51550000,43721.62215500,0
1791045120000000,84814.00000000,84830.01000000,84814.00000000,84830.00000000,5.28990000,1791045179999999,448704.41941560,699,2.09019000,177291.91580280,0
1791045180000000,84830.01000000,84830.01000000,84830.00000000,84830.01000000,0.42964000,1791045239999999,36446.36335550,168,0.21555000,18285.10865550,0
1791045240000000,84830.01000000,84830.01000000,84822.53000000,84822.54000000,2.39897000,1791045299999999,203496.87935710,481,0.52359000,44412.26337450,0
1791045300000000,84822.54000000,84822.54000000,84822.53000000,84822.53000000,0.81458000,1791045359999999,69094.73824210,177,0.17547000,14883.81109380,0
1791045360000000,84822.54000000,84822.54000000,84822.53000000,84822.54000000,1.38412000,1791045419999999,117404.57239320,343,1.21696000,103225.63827840,0
1791045420000000,84822.54000000,84822.54000000,84822.53000000,84822.53000000,1.04103000,1791045479999999,88302.80201680,468,0.36109000,30628.57096860,0
1791045480000000,84822.53000000,84838.44000000,84822.53000000,84838.44000000,4.85049000,1791045539999999,411445.64693410,919,4.28950000,363858.35625310,0
1791045540000000,84838.44000000,84844.01000000,84838.43000000,84844.01000000,1.66794000,1791045599999999,141510.46592610,486,1.44367000,122482.62803950,0
1791045600000000,84844.01000000,84844.01000000,84844.00000000,84844.00000000,1.03659000,1791045659999999,87948.44902920,246,0.70692000,59977.92754920,0
1791045660000000,84844.01000000,84844.01000000,84838.46000000,84838.47000000,6.04220000,1791045719999999,512638.76234430,538,0.61032000,51781.83895800,0
1791045720000000,84838.47000000,84838.47000000,84834.20000000,84834.21000000,5.48433000,1791045779999999,465269.78257620,591,1.32907000,112751.42157270,0
1791045780000000,84834.21000000,84834.21000000,84831.89000000,84831.89000000,4.48320000,1791045839999999,380319.90038550,281,3.16747000,268702.53169560,0
1791045840000000,84831.90000000,84844.04000000,84831.89000000,84844.04000000,12.47206000,1791045899999999,1058084.81227930,667,12.22281000,1036939.81590640,0
1791045900000000,84844.04000000,84844.04000000,84844.03000000,84844.03000000,2.01028000,1791045959999999,170560.27464560,324,1.80172000,152865.20374880,0
1791045960000000,84844.03000000,84857.46000000,84840.01000000,84840.02000000,6.42942000,1791046019999999,545543.09053720,792,2.79327000,237005.87551790,0
1791046020000000,84840.02000000,84851.49000000,84840.01000000,84851.49000000,3.85176000,1791046079999999,326807.57284610,494,3.78373000,321035.33891740,0
1791046080000000,84851.49000000,84859.22000000,84851.48000000,84859.22000000,4.48181000,1791046139999999,380306.13892920,409,4.40584000,373859.61270320,0
1791046140000000,84859.21000000,84859.22000000,84859.21000000,84859.22000000,5.73408000,1791046199999999,486589.50073090,218,0.18541000,15733.74798020,0
1791046200000000,84859.22000000,84880.01000000,84859.21000000,84868.87000000,4.02696000,1791046259999999,341776.32862810,939,2.04062000,173184.25358100,0
1791046260000000,84868.86000000,84868.87000000,84852.87000000,84852.88000000,9.50813000,1791046319999999,806902.69690200,611,0.85685000,72716.42703020,0
1791046320000000,84852.88000000,84856.01000000,84852.87000000,84856.00000000,8.74651000,1791046379999999,742171.78748260,617,8.69714000,737982.55334370,0
1791046380000000,84856.00000000,84856.01000000,84856.00000000,84856.01000000,0.39793000,1791046439999999,33766.75090150,167,0.28215000,23942.12322150,0
1791046440000000,84856.01000000,84856.01000000,84856.00000000,84856.01000000,2.66316000,1791046499999999,225985.12934980,235,2.43898000,206962.11126980,0
1791046500000000,84856.01000000,84859.14000000,84856.00000000,84859.14000000,3.92771000,1791046559999999,333298.49758850,359,2.32538000,197326.38263070,0
1791046560000000,84859.13000000,84859.14000000,84859.13000000,84859.14000000,0.39752000,1791046619999999,33733.20339770,156,0.20401000,17312.11315140,0
1791046620000000,84859.13000000,84860.66000000,84859.13000000,84860.65000000,1.75899000,1791046679999999,149268.13690940,245,1.62684000,138053.83247270,0
1791046680000000,84860.65000000,84874.50000000,84860.65000000,84870.19000000,10.14723000,1791046739999999,861205.93847060,775,3.68101000,312397.19412740,0
1791046740000000,84870.18000000,84870.19000000,84868.00000000,84868.03000000,7.17579000,1791046799999999,608996.59918410,265,6.13498000,520663.57522380,0
1791046800000000,84868.02000000,84889.56000000,84868.02000000,84889.56000000,7.68379000,1791046859999999,652146.69024310,660,7.00714000,594719.67511100,0
1791046860000000,84889.56000000,84889.56000000,84874.03000000,84874.03000000,5.46164000,1791046919999999,463602.05718400,484,0.42161000,35784.65263010,0
1791046920000000,84874.04000000,84874.04000000,84874.03000000,84874.03000000,0.59028000,1791046979999999,50099.44551250,133,0.30841000,26176.00267640,0
1791046980000000,84874.04000000,84874.04000000,84874.03000000,84874.04000000,0.73289000,1791047039999999,62203.33447750,133,0.66308000,56278.27844320,0
1791047040000000,84874.04000000,84874.04000000,84874.03000000,84874.04000000,2.11944000,1791047099999999,179885.43245450,208,1.83113000,155415.40086520,0
1791047100000000,84874.04000000,84880.00000000,84874.03000000,84879.01000000,6.68667000,1791047159999999,567553.22059270,580,3.39420000,288088.84945820,0
1791047160000000,84879.01000000,84879.01000000,84879.00000000,84879.00000000,0.95152000,1791047219999999,80764.07077760,165,0.46976000,39872.76373760,0
1791047220000000,84879.01000000,84879.01000000,84879.00000000,84879.01000000,4.20930000,1791047279999999,357281.21289620,313,3.81962000,324205.56417620,0
1791047280000000,84879.01000000,84879.01000000,84879.00000000,84879.01000000,2.57039000,1791047339999999,218172.15376660,312,2.09566000,177877.54609660,0
1791047340000000,84879.01000000,84884.99000000,84879.00000000,84884.98000000,12.39191000,1791047399999999,1051843.36104910,1033,11.95142000,1014452.97857980,0
1791047400000000,84884.99000000,84888.58000000,84869.37000000,84878.17000000,16.62987000,1791047459999999,1411627.50628070,1114,4.04124000,343046.00006980,0
1791047460000000,84878.17000000,84887.35000000,84878.16000000,84878.86000000,6.14092000,1791047519999999,521243.26572290,576,4.12249000,349912.78591970,0
1791047520000000,84878.86000000,84885.37000000,84878.85000000,84885.37000000,1.64458000,1791047579999999,139591.40345740,540,1.34456000,114126.01820020,0
1791047580000000,84885.37000000,84885.37000000,84885.36000000,84885.36000000,1.01594000,1791047639999999,86238.44087500,278,0.82366000,69916.68385420,0
1791047640000000,84885.37000000,84889.74000000,84885.36000000,84889.74000000,1.34045000,1791047699999999,113788.41833760,383,1.22740000,104191.70878220,0
1791047700000000,84889.74000000,84911.13000000,84889.73000000,84911.13000000,6.06596000,1791047759999999,514989.28852900,618,5.95865000,505879.47652070,0
1791047760000000,84911.13000000,84911.15000000,84911.12000000,84911.14000000,5.29105000,1791047819999999,449269.06285180,241,5.09591000,432699.50519300,0
1791047820000000,84911.15000000,84911.15000000,84911.14000000,84911.14000000,2.02736000,1791047879999999,172145.46453390,162,1.57435000,133679.86900250,0
1791047880000000,84911.15000000,84918.75000000,84911.14000000,84918.74000000,1.91084000,1791047939999999,162256.63169080,398,1.53993000,130761.55836990,0
1791047940000000,84918.74000000,84923.38000000,84918.74000000,84923.38000000,1.12686000,1791047999999999,95692.34279810,257,1.00281000,85158.11613470,0
1791048000000000,84923.38000000,84928.59000000,84923.37000000,84928.14000000,1.86344000,1791048059999999,158252.57405130,535,1.75470000,149017.89847080,0
1791048060000000,84928.15000000,84941.50000000,84928.14000000,84941.49000000,3.03785000,1791048119999999,258026.60318170,590,2.83505000,240800.98686040,0
1791048120000000,84941.50000000,84959.97000000,84941.49000000,84959.96000000,3.44255000,1791048179999999,292454.12029540,706,3.08016000,261667.30636860,0
1791048180000000,84959.97000000,84959.99000000,84959.96000000,84959.99000000,2.91978000,1791048239999999,248064.46898380,309,2.83048000,240477.54394320,0
1791048240000000,84959.99000000,84959.99000000,84955.74000000,84955.74000000,6.64953000,1791048299999999,564929.41277970,764,3.90110000,331424.14638260,0
1791048300000000,84955.75000000,84955.75000000,84930.00000000,84930.01000000,7.71156000,1791048359999999,654998.36276820,594,4.68985000,398318.43309310,0
1791048360000000,84930.01000000,84930.01000000,84918.75000000,84918.75000000,5.28423000,1791048419999999,448759.55634880,369,1.59572000,135509.98596770,0
1791048420000000,84918.75000000,84918.75000000,84906.00000000,84906.00000000,6.51598000,1791048479999999,553256.68256420,617,4.59940000,390516.80191400,0
1791048480000000,84906.01000000,84906.01000000,84906.00000000,84906.00000000,1.15629000,1791048539999999,98175.96800620,181,0.92662000,78675.60698620,0
1791048540000000,84906.01000000,84906.01000000,84894.00000000,84894.01000000,4.56297000,1791048599999999,387409.56479160,326,0.27500000,23348.93327000,0
1791048600000000,84894.01000000,84894.01000000,84858.00000000,84858.01000000,5.63475000,1791048659999999,478265.86919020,1048,0.29907000,25384.69912620,0
1791048660000000,84858.00000000,84858.01000000,84841.80000000,84841.80000000,5.92049000,1791048719999999,502343.86213800,363,0.25178000,21363.99180380,0
1791048720000000,84841.81000000,84855.71000000,84840.00000000,84855.70000000,4.26502000,1791048779999999,361870.66795790,642,2.62661000,222854.48337220,0
1791048780000000,84855.71000000,84855.71000000,84855.70000000,84855.71000000,0.66721000,1791048839999999,56616.57713660,125,0.55396000,47006.66911160,0
1791048840000000,84855.71000000,84886.44000000,84855.70000000,84886.44000000,13.26449000,1791048899999999,1125789.15552360,1833,12.91920000,1096487.27107280,0
1791048900000000,84886.44000000,84899.32000000,84886.43000000,84899.32000000,13.17738000,1791048959999999,1118630.60557480,1038,12.95340000,1099616.02995510,0
1791048960000000,84899.31000000,84899.32000000,84899.31000000,84899.31000000,6.22582000,1791049019999999,528567.88054750,320,5.83633000,495500.44829560,0
1791049020000000,84899.31000000,84914.81000000,84899.31000000,84914.80000000,3.44101000,1791049079999999,292155.48127690,634,3.27315000,277902.79369840,0
1791049080000000,84914.81000000,84914.81000000,84906.00000000,84906.01000000,4.50480000,1791049139999999,382501.21707780,511,0.33415000,28373.78981750,0
1791049140000000,84906.00000000,84908.01000000,84906.00000000,84908.01000000,3.49200000,1791049199999999,296494.09134060,299,2.48100000,210652.25248060,0
1791049200000000,84908.00000000,84948.01000000,84908.00000000,84948.00000000,5.10269000,1791049259999999,433338.47588150,658,4.65805000,395577.98219620,0
1791049260000000,84948.00000000,84950.01000000,84940.00000000,84950.00000000,26.94455000,1791049319999999,2288759.90908330,629,22.81234000,1937737.89843280,0
1791049320000000,84950.01000000,84950.01000000,84928.32000000,84928.33000000,3.46768000,1791049379999999,294558.67763980,542,0.43106000,36615.84828900,0
1791049380000000,84928.32000000,84928.33000000,84928.32000000,84928.33000000,1.52429000,1791049439999999,129455.40302420,111,1.41314000,120015.62025620,0
1791049440000000,84928.32000000,84988.49000000,84928.32000000,84988.48000000,10.59867000,1791049499999999,900511.39776190,1569,10.37299000,881337.55953930,0
1791049500000000,84988.49000000,84988.49000000,84936.00000000,84936.01000000,5.35406000,1791049559999999,454893.06593730,1311,0.19660000,16702.15446620,0
1791049560000000,84936.01000000,84962.45000000,84936.01000000,84962.45000000,4.22860000,1791049619999999,359209.22893030,1290,3.85107000,327138.58127590,0
1791049620000000,84962.44000000,84962.45000000,84940.00000000,84940.00000000,5.23364000,1791049679999999,444587.30925400,833,0.73946000,62815.70382830,0
1791049680000000,84940.00000000,84940.01000000,84935.00000000,84935.01000000,2.25505000,1791049739999999,191534.15382760,302,0.95222000,80877.13054360,0
1791049740000000,84935.00000000,84935.01000000,84935.00000000,84935.00000000,1.73460000,1791049799999999,147328.26350520,161,1.25052000,106212.92870520,0
1791049800000000,84935.00000000,84981.84000000,84935.00000000,84981.64000000,15.73916000,1791049859999999,1337104.86138910,1640,13.93853000,1184086.11534750,0
1791049860000000,84981.64000000,84981.64000000,84968.00000000,84968.00000000,3.28263000,1791049919999999,278944.19721250,665,0.56290000,47829.51034430,0
1791049920000000,84968.01000000,84986.01000000,84968.00000000,84986.01000000,4.80700000,1791049979999999,408470.91083200,744,4.32119000,367188.64166140,0
1791049980000000,84986.01000000,84986.01000000,84956.00000000,84961.16000000,10.81291000,1791050039999999,918777.47716640,888,3.71463000,315641.07638760,0
1791050040000000,84961.16000000,84980.01000000,84961.16000000,84980.01000000,2.34446000,1791050099999999,199202.30953800,716,2.18469000,185627.23447320,0
1791050100000000,84980.01000000,84980.01000000,84980.00000000,84980.00000000,8.87590000,1791050159999999,754274.02877150,311,4.67715000,397464.25377150,0
1791050160000000,84980.01000000,84983.40000000,84980.00000000,84983.38000000,3.22671000,1791050219999999,274213.37974900,533,2.40252000,204172.03218480,0
1791050220000000,84983.38000000,85000.00000000,84983.38000000,84999.99000000,5.50418000,1791050279999999,467822.68450340,1833,5.13411000,436369.58200930,0
1791050280000000,84999.99000000,85012.01000000,84999.99000000,85012.00000000,7.67456000,1791050339999999,652366.19142660,1206,6.36411000,540962.95420250,0
1791050340000000,85012.00000000,85012.01000000,85011.56000000,85012.00000000,12.80230000,1791050399999999,1088347.66245000,663,10.93206000,929355.34133430,0
1791050400000000,85012.01000000,85012.01000000,84994.00000000,84994.82000000,7.65678000,1791050459999999,650859.80034790,1021,3.51982000,299201.49031520,0
1791050460000000,84994.82000000,84996.01000000,84994.81000000,84996.01000000,2.55604000,1791050519999999,217250.47513110,399,1.39641000,118687.82483690,0
1791050520000000,84996.01000000,85012.95000000,84996.01000000,85012.94000000,4.61659000,1791050579999999,392448.68901750,596,2.61146000,221991.90172460,0
1791050580000000,85012.94000000,85012.95000000,85012.94000000,85012.95000000,4.66580000,1791050639999999,396653.39698320,517,2.15312000,183043.08290400,0
1791050640000000,85012.95000000,85012.95000000,85000.00000000,85012.26000000,23.25837000,1791050699999999,1977055.20934460,1104,18.58881000,1580117.12268240,0
1791050700000000,85012.25000000,85020.01000000,85012.25000000,85020.00000000,2.59421000,1791050759999999,220552.70884750,493,1.98788000,169003.38664110,0
1791050760000000,85020.00000000,85035.64000000,85020.00000000,85030.22000000,9.72619000,1791050819999999,827034.00410140,822,4.47974000,380911.83003130,0
1791050820000000,85030.22000000,85037.63000000,85004.23000000,85004.24000000,6.44327000,1791050879999999,547864.57910250,1589,3.16261000,268922.00985980,0
1791050880000000,85004.23000000,85004.24000000,85004.23000000,85004.24000000,2.91969000,1791050939999999,248186.02772600,256,2.74373000,233228.68341520,0
1791050940000000,85004.23000000,85029.85000000,85004.23000000,85029.83000000,5.55011000,1791050999999999,471856.54816460,711,3.91416000,332752.23908870,0
1791051000000000,85029.83000000,85029.84000000,84992.00000000,84992.01000000,10.90219000,1791051059999999,926906.33374770,960,0.37399000,31793.81602920,0
1791051060000000,84992.00000000,84992.01000000,84977.06000000,84980.00000000,2.80878000,1791051119999999,238693.77340960,715,1.11925000,95112.04350370,0
1791051120000000,84980.01000000,84989.25000000,84980.00000000,84989.24000000,2.82565000,1791051179999999,240130.52209920,583,2.70893000,230210.62041530,0
1791051180000000,84989.25000000,84989.25000000,84989.24000000,84989.24000000,1.19639000,1791051239999999,101680.28152310,176,0.46795000,39770.71953750,0
1791051240000000,84989.25000000,84989.25000000,84989.24000000,84989.25000000,0.80706000,1791051299999999,68591.42283560,208,0.68012000,57802.88871000,0
1791051300000000,84989.25000000,85014.01000000,84989.24000000,85014.01000000,4.87890000,1791051359999999,414691.39535620,710,4.77877000,406180.73865230,0
1791051360000000,85014.01000000,85014.01000000,85006.80000000,85006.81000000,2.62579000,1791051419999999,223219.04679950,577,0.33240000,28258.29968400,0
1791051420000000,85006.80000000,85006.80000000,84980.00000000,84980.00000000,6.23586000,1791051479999999,530000.07929620,1025,0.28681000,24374.13290170,0
1791051480000000,84980.00000000,84980.01000000,84972.09000000,84972.09000000,3.53149000,1791051539999999,300089.59935630,1238,0.55872000,47476.67445430,0
1791051540000000,84972.09000000,84972.10000000,84962.00000000,84962.01000000,2.68424000,1791051599999999,228065.28819390,647,0.32067000,27245.10700720,0
1791051600000000,84962.01000000,84962.01000000,84954.00000000,84954.01000000,4.14927000,1791051659999999,352517.44060930,704,0.22744000,19322.91875240,0
1791051660000000,84954.01000000,84962.80000000,84954.00000000,84962.80000000,3.43539000,1791051719999999,291860.79031210,559,2.96989000,252312.03751260,0
1791051720000000,84962.79000000,84962.80000000,84962.79000000,84962.80000000,2.68292000,1791051779999999,227948.38336300,173,1.48162000,125882.58373600,0
1791051780000000,84962.79000000,84962.80000000,84962.79000000,84962.80000000,1.92728000,1791051839999999,163747.10394450,134,1.80333000,153215.96612400,0
1791051840000000,84962.79000000,84962.80000000,84962.79000000,84962.80000000,0.66119000,1791051899999999,56176.55285700,156,0.57369000,48742.30873200,0
1791051900000000,84962.80000000,84962.80000000,84962.79000000,84962.80000000,1.26219000,1791051959999999,107239.18763840,171,0.37283000,31676.68072400,0
1791051960000000,84962.80000000,84972.13000000,84962.80000000,84972.13000000,2.97231000,1791052019999999,252550.67128630,896,2.82371000,239923.89989530,0
1791052020000000,84972.13000000,84976.01000000,84972.12000000,84976.00000000,2.14753000,1791052079999999,182486.52613760,496,2.00447000,170329.86757040,0
1791052080000000,84976.00000000,84995.79000000,84976.00000000,84995.79000000,2.35437000,1791052139999999,200096.07902790,513,2.01517000,171266.75508790,0
1791052140000000,84995.79000000,84995.79000000,84995.78000000,84995.78000000,3.65428000,1791052199999999,310598.41068510,139,3.17467000,269833.58463930,0
1791052200000000,84995.78000000,84995.79000000,84969.89000000,84969.90000000,5.71745000,1791052259999999,485914.82882150,962,0.51025000,43367.48005040,0
1791052260000000,84969.89000000,84969.90000000,84966.00000000,84966.00000000,2.10404000,1791052319999999,178772.80910790,279,0.21684000,18424.03167010,0
1791052320000000,84966.00000000,84966.00000000,84959.58000000,84959.58000000,4.52902000,1791052379999999,384802.70264190,362,0.13400000,11385.15298580,0
1791052380000000,84959.59000000,84959.59000000,84959.58000000,84959.59000000,3.55776000,1791052439999999,302265.80189700,82,0.65562000,55701.20639580,0
1791052440000000,84959.58000000,84959.59000000,84959.58000000,84959.58000000,1.11817000,1791052499999999,94999.25825730,238,0.46887000,39835.00296330,0
1791052500000000,84959.58000000,84959.59000000,84956.01000000,84956.02000000,1.61131000,1791052559999999,136894.05392670,370,0.26651000,22642.15826060,0
1791052560000000,84956.01000000,84956.02000000,84950.15000000,84950.15000000,3.32167000,1791052619999999,282187.30051290,404,0.28926000,24573.58654200,0
1791052620000000,84950.16000000,84950.16000000,84950.15000000,84950.15000000,0.36320000,1791052679999999,30853.89734160,136,0.28616000,24309.33778560,0
1791052680000000,84950.15000000,84950.16000000,84944.00000000,84944.00000000,3.37606000,1791052739999999,286794.34957750,440,0.65522000,55660.96413120,0
1791052740000000,84944.00000000,84944.01000000,84920.00000000,84920.00000000,5.20721000,1791052799999999,442256.18120010,421,2.39111000,203079.74387150,0
1791052800000000,84920.01000000,84920.35000000,84920.00000000,84920.34000000,1.45673000,1791052859999999,123705.55862870,355,1.36239000,115694.19783190,0
1791052860000000,84920.34000000,84924.73000000,84920.34000000,84924.73000000,0.66894000,1791052919999999,56808.08906810,333,0.54347000,46152.90192730,0
1791052920000000,84924.73000000,84928.29000000,84924.72000000,84928.29000000,2.18679000,1791052979999999,185717.02047000,574,1.96590000,166957.62536000,0
1791052980000000,84928.29000000,84939.70000000,84928.28000000,84939.69000000,5.18062000,1791053039999999,440019.01066190,636,4.94257000,419799.57682170,0
1791053040000000,84939.70000000,84942.01000000,84939.69000000,84942.01000000,1.70034000,1791053099999999,144428.56457970,367,1.62424000,137964.52286250,0
1791053100000000,84942.00000000,84942.49000000,84942.00000000,84942.01000000,2.12516000,1791053159999999,180515.36536310,332,1.84414000,156644.96384530,0
1791053160000000,84942.02000000,84942.02000000,84942.01000000,84942.02000000,0.22260000,1791053219999999,18908.09320290,102,0.17769000,15093.34753380,0
1791053220000000,84942.02000000,84944.00000000,84942.02000000,84944.00000000,0.59127000,1791053279999999,50224.20431610,196,0.52517000,44609.40657710,0
1791053280000000,84944.00000000,84944.00000000,84943.99000000,84943.99000000,2.44940000,1791053339999999,208061.83282010,188,2.37141000,201437.05104000,0
1791053340000000,84944.00000000,84944.00000000,84943.99000000,84943.99000000,0.34430000,1791053399999999,29246.21857120,155,0.28142000,23904.94048000,0
1791053400000000,84944.00000000,84944.00000000,84943.99000000,84944.00000000,0.32056000,1791053459999999,27229.64821180,122,0.27774000,23592.34656000,0
1791053460000000,84944.00000000,84944.00000000,84940.01000000,84940.02000000,2.72997000,1791053519999999,231889.26609600,522,0.20205000,17162.62124680,0
1791053520000000,84940.01000000,84940.02000000,84934.18000000,84934.18000000,3.50335000,1791053579999999,297569.87779510,467,0.23369000,19849.24452940,0
1791053580000000,84934.19000000,84934.19000000,84934.18000000,84934.18000000,1.45922000,1791053639999999,123937.65585350,161,0.17139000,14556.87082410,0
1791053640000000,84934.19000000,84945.12000000,84934.18000000,84945.12000000,19.21857000,1791053699999999,1632363.17455800,536,18.33601000,1557403.66214330,0
1791053700000000,84945.11000000,84945.12000000,84945.11000000,84945.12000000,1.96669000,1791053759999999,167060.71284880,177,1.44629000,122855.27760480,0
1791053760000000,84945.11000000,84945.12000000,84945.11000000,84945.12000000,1.26828000,1791053819999999,107734.18865950,159,0.45487000,38638.98673440,0
1791053820000000,84945.11000000,84950.00000000,84945.11000000,84950.00000000,0.89140000,1791053879999999,75722.64067740,278,0.70617000,59987.52902650,0
1791053880000000,84949.99000000,84950.00000000,84949.99000000,84950.00000000,0.58253000,1791053939999999,49485.92125470,196,0.35800000,30412.10000000,0
1791053940000000,84950.00000000,84950.00000000,84949.99000000,84949.99000000,1.27992000,1791053999999999,108729.19456460,176,0.33638000,28575.48100000,0
1791054000000000,84950.00000000,84950.00000000,84936.00000000,84936.01000000,2.28200000,1791054059999999,193846.54533880,552,0.31471000,26731.89272370,0
1791054060000000,84936.01000000,84936.01000000,84930.20000000,84930.21000000,2.27152000,1791054119999999,192928.40492530,437,0.99182000,84237.79403820,0
1791054120000000,84930.20000000,84930.21000000,84917.25000000,84917.25000000,4.07706000,1791054179999999,346230.04248370,878,0.54195000,46022.83226410,0
1791054180000000,84917.26000000,84917.26000000,84853.57000000,84853.57000000,8.70532000,1791054239999999,738895.65663440,1117,0.37760000,32053.38000070,0
1791054240000000,84853.58000000,84858.01000000,84850.51000000,84858.00000000,2.89594000,1791054299999999,245727.58194440,742,2.47049000,209626.37928400,0
1791054300000000,84858.00000000,84868.01000000,84856.00000000,84856.01000000,3.14117000,1791054359999999,266565.86304740,629,1.72768000,146614.41561240,0
1791054360000000,84856.00000000,84872.01000000,84856.00000000,84872.01000000,1.46846000,1791054419999999,124620.64474300,482,1.11560000,94673.22052300,0
1791054420000000,84872.01000000,84872.01000000,84872.00000000,84872.00000000,0.33929000,1791054479999999,28796.22322160,168,0.23416000,19873.62986160,0
1791054480000000,84872.01000000,84872.01000000,84872.00000000,84872.01000000,0.44281000,1791054539999999,37582.17318950,186,0.28695000,24354.02326950,0
1791054540000000,84872.01000000,84879.33000000,84872.00000000,84879.33000000,1.45375000,1791054599999999,123387.32780750,304,1.35005000,114585.84116590,0
1791054600000000,84879.33000000,84879.33000000,84872.00000000,84872.00000000,2.89405000,1791054659999999,245631.41509110,540,0.44103000,37431.10352190,0
1791054660000000,84872.01000000,84872.01000000,84872.00000000,84872.00000000,0.94751000,1791054719999999,80417.07085780,215,0.21378000,18143.93829780,0
1791054720000000,84872.01000000,84872.01000000,84872.00000000,84872.01000000,1.62250000,1791054779999999,137704.83483710,121,1.48371000,125925.44995710,0
1791054780000000,84872.01000000,84872.01000000,84871.99000000,84871.99000000,3.25565000,1791054839999999,276313.53198150,320,0.60173000,51070.03433780,0
1791054840000000,84872.00000000,84872.00000000,84869.84000000,84869.85000000,8.20313000,1791054899999999,696211.80319260,392,0.91469000,77630.79090700,0
1791054900000000,84869.85000000,84872.00000000,84869.84000000,84872.00000000,1.89730000,1791054959999999,161024.38528880,547,1.22924000,104326.15251560,0
1791054960000000,84872.00000000,84890.01000000,84871.99000000,84873.08000000,9.82059000,1791055019999999,833561.77186080,1854,2.67495000,227051.17399650,0
1791055020000000,84873.07000000,84873.08000000,84855.20000000,84855.20000000,4.61666000,1791055079999999,391785.62607000,1131,0.45978000,39018.28110540,0
1791055080000000,84855.21000000,84855.21000000,84855.20000000,84855.20000000,0.35536000,1791055139999999,30154.14567680,156,0.18048000,15314.66830080,0
1791055140000000,84855.21000000,84870.00000000,84844.00000000,84869.98000000,30.50730000,1791055199999999,2588692.21643520,1039,27.90731000,2368059.30733300,0
1791055200000000,84869.99000000,84869.99000000,84854.69000000,84854.69000000,5.91352000,1791055259999999,501827.75832470,1457,0.33647000,28552.06316850,0
1791055260000000,84854.69000000,84854.70000000,84849.81000000,84849.81000000,2.34191000,1791055319999999,198718.12934390,716,0.13583000,11525.57610390,0
1791055320000000,84849.82000000,84849.82000000,84848.00000000,84848.00000000,0.77228000,1791055379999999,65526.74956400,244,0.15965000,13546.09692600,0
1791055380000000,84848.00000000,84848.01000000,84848.00000000,84848.01000000,0.96166000,1791055439999999,81594.92898980,323,0.13098000,11113.39234980,0
1791055440000000,84848.00000000,84848.01000000,84847.04000000,84847.04000000,0.63142000,1791055499999999,53574.38534230,269,0.12303000,10438.76252330,0
1791055500000000,84847.05000000,84847.05000000,84847.04000000,84847.04000000,0.96037000,1791055559999999,81484.55314050,210,0.13357000,11333.02046850,0
1791055560000000,84847.05000000,84847.05000000,84847.04000000,84847.04000000,0.32758000,1791055619999999,27794.19524040,128,0.18772000,15927.48822600,0
1791055620000000,84847.05000000,84847.05000000,84847.04000000,84847.05000000,0.70717000,1791055679999999,60001.28274620,152,0.14694000,12467.42552700,0
1791055680000000,84847.05000000,84847.05000000,84847.04000000,84847.04000000,0.27955000,1791055739999999,23718.99231650,101,0.22845000,19383.30857250,0
1791055740000000,84847.05000000,84847.05000000,84828.10000000,84828.11000000,2.94917000,1791055799999999,250195.61543150,432,0.52948000,44918.67941600,0
1791055800000000,84828.10000000,84828.11000000,84828.10000000,84828.10000000,1.67604000,1791055859999999,142175.29172750,178,0.30035000,25478.12283850,0
1791055860000000,84828.10000000,84828.11000000,84828.10000000,84828.11000000,1.09746000,1791055919999999,93095.44977170,171,0.31457000,26684.37856270,0
1791055920000000,84828.10000000,84828.11000000,84828.10000000,84828.11000000,0.48472000,1791055979999999,41117.87910390,139,0.24719000,20968.66051090,0
1791055980000000,84828.11000000,84828.11000000,84805.72000000,84805.72000000,2.62883000,1791056039999999,222961.94429610,563,0.22680000,19234.51476780,0
1791056040000000,84805.73000000,84805.73000000,84805.72000000,84805.72000000,1.82280000,1791056099999999,154583.86800110,200,0.15851000,13442.55626230,0
1791056100000000,84805.73000000,84805.73000000,84804.44000000,84804.45000000,1.64403000,1791056159999999,139422.71500210,304,0.27938000,23692.71218180,0
1791056160000000,84804.45000000,84804.45000000,84786.00000000,84786.00000000,4.89070000,1791056219999999,414734.98384940,789,0.71397000,60546.26329580,0
1791056220000000,84786.01000000,84786.01000000,84786.00000000,84786.01000000,4.78441000,1791056279999999,405650.98782170,181,0.15617000,13241.03118170,0
1791056280000000,84786.01000000,84787.00000000,84786.00000000,84787.00000000,1.42515000,1791056339999999,120832.88622130,455,1.34199000,113782.05047440,0
1791056340000000,84786.99000000,84787.00000000,84786.98000000,84786.99000000,7.83365000,1791056399999999,664191.60273190,151,0.08869000,7519.75815210,0
1791056400000000,84786.99000000,84786.99000000,84786.98000000,84786.99000000,1.38988000,1791056459999999,117843.73959860,104,1.18362000,100355.57710380,0
1791056460000000,84786.98000000,84794.01000000,84785.66000000,84794.01000000,5.51977000,1791056519999999,468001.73532600,773,3.77715000,320251.41949010,0
1791056520000000,84794.01000000,84796.01000000,84794.00000000,84796.01000000,4.82916000,1791056579999999,409493.05195430,242,0.81224000,68874.32519430,0
1791056580000000,84796.00000000,84796.01000000,84796.00000000,84796.01000000,1.15833000,1791056639999999,98221.75254350,119,0.18635000,15801.73646350,0
1791056640000000,84796.01000000,84800.00000000,84784.99000000,84784.99000000,26.28550000,1791056699999999,2228876.32371300,723,1.75882000,149132.05772820,0
1791056700000000,84784.99000000,84785.00000000,84782.69000000,84782.70000000,0.61146000,1791056759999999,51841.83247170,155,0.13345000,11314.25283300,0
1791056760000000,84782.70000000,84782.70000000,84779.64000000,84779.64000000,1.80678000,1791056819999999,153181.98457420,318,0.10764000,9126.00827250,0
1791056820000000,84779.64000000,84779.65000000,84700.00000000,84742.00000000,33.44092000,1791056879999999,2833336.96208430,2451,23.65832000,2004284.81971410,0
1791056880000000,84742.01000000,84761.14000000,84742.01000000,84761.14000000,1.93260000,1791056939999999,163790.11392620,697,1.72758000,146413.51118530,0
1791056940000000,84761.14000000,84767.09000000,84761.13000000,84767.09000000,1.27216000,1791056999999999,107832.88577710,301,1.12030000,94960.88542470,0
1791057000000000,84767.09000000,84779.40000000,84767.08000000,84779.39000000,2.48754000,1791057059999999,210871.61759150,324,2.43896000,206753.19091610,0
1791057060000000,84779.39000000,84779.40000000,84779.39000000,84779.40000000,0.52376000,1791057119999999,44404.05713770,124,0.38313000,32481.53152200,0
1791057120000000,84779.39000000,84788.01000000,84779.39000000,84788.01000000,0.87828000,1791057179999999,74463.04058580,369,0.84327000,71494.68099650,0
1791057180000000,84788.01000000,84802.70000000,84788.00000000,84802.69000000,1.58663000,1791057239999999,134540.79774840,407,1.34683000,114205.53547710,0
1791057240000000,84802.70000000,84849.38000000,84802.69000000,84849.38000000,7.01169000,1791057299999999,594729.10032370,731,6.69585000,567941.13705790,0
1791057300000000,84849.37000000,84849.38000000,84844.00000000,84844.00000000,5.71859000,1791057359999999,485210.90071080,483,0.49223000,41764.99944080,0
1791057360000000,84844.00000000,84844.00000000,84842.49000000,84842.49000000,1.47838000,1791057419999999,125429.90633850,325,0.10263000,8707.38577500,0
1791057420000000,84842.49000000,84842.50000000,84842.49000000,84842.49000000,0.72633000,1791057479999999,61623.64679380,165,0.10321000,8756.59442500,0
1791057480000000,84842.49000000,84842.50000000,84842.49000000,84842.49000000,0.61246000,1791057539999999,51962.63552730,117,0.41019000,34801.54507500,0
1791057540000000,84842.49000000,84842.50000000,84842.49000000,84842.50000000,0.72266000,1791057599999999,61312.27521250,89,0.13891000,11785.47167500,0
1791057600000000,84842.50000000,84852.00000000,84842.49000000,84851.16000000,1.19437000,1791057659999999,101336.88400890,652,1.07107000,90875.67856830,0
1791057660000000,84851.16000000,84861.89000000,84851.15000000,84861.88000000,1.81839000,1791057719999999,154299.48753250,545,1.11149000,94314.54540700,0
1791057720000000,84861.89000000,84872.05000000,84861.88000000,84872.05000000,1.93018000,1791057779999999,163809.04966620,675,1.70054000,144320.14107650,0
1791057780000000,84872.05000000,84898.44000000,84872.05000000,84890.02000000,5.82074000,1791057839999999,494139.93015510,982,2.57063000,218220.77081660,0
1791057840000000,84890.01000000,84890.02000000,84869.74000000,84869.74000000,7.13902000,1791057899999999,605995.77598230,777,1.38347000,117437.38756150,0
1791057900000000,84869.74000000,84881.03000000,84866.88000000,84881.02000000,1.51773000,1791057959999999,128812.13658000,544,1.17820000,99995.86276200,0
1791057960000000,84881.03000000,84881.03000000,84881.02000000,84881.02000000,0.52545000,1791058019999999,44600.73304920,84,0.10902000,9253.72989060,0
1791058020000000,84881.03000000,84881.03000000,84881.02000000,84881.02000000,1.57674000,1791058079999999,133835.30274040,157,0.32656000,27718.74915680,0
1791058080000000,84881.03000000,84881.03000000,84881.02000000,84881.02000000,1.05527000,1791058139999999,89572.39661070,153,0.26353000,22368.69783590,0
1791058140000000,84881.02000000,84881.03000000,84881.02000000,84881.02000000,0.61990000,1791058199999999,52617.74516550,89,0.08675000,7363.42935250,0
1791058200000000,84881.03000000,84881.03000000,84870.00000000,84870.01000000,3.17974000,1791058259999999,269896.78290590,445,0.34878000,29604.73135100,0
1791058260000000,84870.01000000,84881.03000000,84870.00000000,84881.03000000,2.66237000,1791058319999999,225968.54169010,306,2.23678000,189848.15862930,0
1791058320000000,84881.03000000,84881.03000000,84881.02000000,84881.02000000,2.28190000,1791058379999999,193690.01493780,184,1.53998000,130715.08857940,0
1791058380000000,84881.02000000,84887.71000000,84881.02000000,84887.67000000,3.75368000,1791058439999999,318622.79202270,438,3.37834000,286762.75656440,0
1791058440000000,84887.68000000,84887.68000000,84887.67000000,84887.68000000,1.08411000,1791058499999999,92027.58193910,132,1.00154000,85018.40702720,0
1791058500000000,84887.68000000,84892.01000000,84887.67000000,84892.00000000,3.76494000,1791058559999999,319609.81954770,405,1.13615000,96446.99969440,0
1791058560000000,84892.00000000,84892.01000000,84881.79000000,84881.79000000,4.33117000,1791058619999999,367674.88333990,437,0.08121000,6894.05981420,0
1791058620000000,84881.80000000,84881.92000000,84881.79000000,84881.91000000,12.17634000,1791058679999999,1033550.23791420,233,11.65623000,989402.33726890,0
1791058680000000,84881.91000000,84881.92000000,84881.91000000,84881.91000000,5.21210000,1791058739999999,442413.03877270,193,3.56617000,302703.35664640,0
1791058740000000,84881.92000000,84897.72000000,84881.91000000,84897.72000000,3.06998000,1791058799999999,260604.88836900,753,2.97426000,252479.77903920,0
1791058800000000,84897.71000000,84897.72000000,84897.71000000,84897.71000000,1.83121000,1791058859999999,155465.54380850,160,0.82794000,70290.21829680,0
1791058860000000,84897.72000000,84910.01000000,84897.71000000,84910.01000000,5.12064000,1791058919999999,434761.93247890,649,4.94197000,419591.82370890,0
1791058920000000,84910.00000000,84915.65000000,84889.15000000,84889.16000000,9.95790000,1791058979999999,845533.79670050,989,1.95265000,165793.90959630,0
1791058980000000,84889.15000000,84889.16000000,84889.15000000,84889.15000000,0.49907000,1791059039999999,42365.62964840,82,0.15579000,13224.88223640,0
1791059040000000,84889.15000000,84889.16000000,84889.15000000,84889.15000000,1.14994000,1791059099999999,97617.43168080,110,0.25298000,21475.25969680,0
1791059100000000,84889.16000000,84889.16000000,84889.15000000,84889.15000000,0.89673000,1791059159999999,76122.64907090,75,0.15914000,13509.26092240,0
1791059160000000,84889.15000000,84889.16000000,84889.15000000,84889.15000000,0.69994000,1791059219999999,59417.31386020,110,0.22092000,18753.71322720,0
1791059220000000,84889.15000000,84889.16000000,84889.15000000,84889.15000000,1.44827000,1791059279999999,122942.41775580,118,0.84853000,72030.99893480,0
1791059280000000,84889.15000000,84889.16000000,84889.15000000,84889.15000000,1.54913000,1791059339999999,131504.33990850,168,1.09690000,93114.91960400,0
1791059340000000,84889.16000000,84889.16000000,84889.15000000,84889.15000000,0.34001000,1791059399999999,28863.16171230,103,0.18208000,15456.61825280,0
1791059400000000,84889.16000000,84889.16000000,84889.15000000,84889.16000000,0.38014000,1791059459999999,32269.76350620,155,0.20252000,17191.75268320,0
1791059460000000,84889.15000000,84889.16000000,84889.15000000,84889.16000000,1.59936000,1791059519999999,135768.31803850,172,0.70945000,60224.61456200,0
1791059520000000,84889.16000000,84889.16000000,84889.15000000,84889.15000000,0.43316000,1791059579999999,36770.58584240,86,0.16284000,13823.35081440,0
1791059580000000,84889.15000000,84889.16000000,84889.15000000,84889.16000000,0.31284000,1791059639999999,26556.72323390,81,0.15479000,13139.99307640,0
1791059640000000,84889.16000000,84889.16000000,84889.15000000,84889.16000000,0.53391000,1791059699999999,45323.16937590,103,0.32994000,28008.32945040,0
1791059700000000,84889.16000000,84889.16000000,84886.00000000,84886.01000000,6.91731000,1791059759999999,587199.94434930,537,0.25112000,21316.64601070,0
1791059760000000,84886.00000000,84886.00000000,84876.31000000,84876.32000000,2.24031000,1791059819999999,190155.83708380,447,0.08745000,7422.43418400,0
1791059820000000,84876.31000000,84876.32000000,84867.79000000,84867.81000000,1.33803000,1791059879999999,113557.57252550,358,0.06511000,5525.74378990,0
1791059880000000,84867.81000000,84867.81000000,84867.80000000,84867.81000000,2.02936000,1791059939999999,172227.31957910,281,0.09711000,8241.51302910,0
1791059940000000,84867.81000000,84867.81000000,84867.80000000,84867.81000000,0.47449000,1791059999999999,40268.92381800,92,0.13960000,11847.54627600,0
1791060000000000,84867.80000000,84867.81000000,84867.80000000,84867.81000000,0.36739000,1791060059999999,31179.58260810,77,0.15661000,13291.14772410,0
1791060060000000,84867.80000000,84867.81000000,84867.80000000,84867.80000000,0.62227000,1791060119999999,52810.69111230,66,0.52063000,44184.72792030,0
1791060120000000,84867.80000000,84867.81000000,84867.80000000,84867.80000000,1.64429000,1791060179999999,139547.27600340,201,0.11414000,9686.81183340,0
1791060180000000,84867.80000000,84867.81000000,84858.46000000,84858.47000000,5.09079000,1791060239999999,432019.96714350,424,1.74630000,148189.36917120,0
1791060240000000,84858.46000000,84858.47000000,84858.46000000,84858.46000000,0.25801000,1791060299999999,21894.33294120,65,0.16766000,14227.37108020,0
1791060300000000,84858.46000000,84858.47000000,84858.46000000,84858.47000000,4.23059000,1791060359999999,359001.38327420,157,3.09828000,262915.30043160,0
1791060360000000,84858.46000000,84858.47000000,84858.46000000,84858.47000000,0.96021000,1791060419999999,81481.94734990,149,0.54733000,46445.58638510,0
1791060420000000,84858.47000000,84858.47000000,84858.46000000,84858.47000000,0.93705000,1791060479999999,79516.62386510,136,0.39221000,33282.34051870,0
1791060480000000,84858.47000000,84858.47000000,84854.81000000,84854.81000000,2.71974000,1791060539999999,230791.82222960,243,0.34618000,29376.29309960,0
1791060540000000,84854.82000000,84854.82000000,84729.96000000,84748.00000000,35.15455000,1791060599999999,2979924.40190080,1973,8.28902000,702509.27193490,0
1791060600000000,84748.01000000,84758.01000000,84748.00000000,84751.99000000,8.17613000,1791060659999999,692951.89306610,749,3.26161000,276419.74602770,0
1791060660000000,84752.00000000,84752.00000000,84714.00000000,84744.01000000,13.61326000,1791060719999999,1153575.41974060,950,4.49873000,381140.03344110,0
1791060720000000,84744.01000000,84754.01000000,84744.00000000,84754.01000000,1.32334000,1791060779999999,112149.40513490,465,1.24301000,105341.43659990,0
1791060780000000,84754.01000000,84754.01000000,84744.00000000,84746.01000000,4.71377000,1791060839999999,399503.14606600,445,0.49147000,41649.61170650,0
1791060840000000,84746.01000000,84752.48000000,84746.00000000,84752.47000000,0.87432000,1791060899999999,74097.04201160,296,0.62028000,52567.89160100,0
1791060900000000,84752.48000000,84752.48000000,84746.00000000,84746.00000000,2.72823000,1791060959999999,231218.58282290,398,0.58907000,49924.25770710,0
1791060960000000,84746.01000000,84746.01000000,84746.00000000,84746.00000000,1.42670000,1791061019999999,120907.12130760,186,0.31076000,26335.67006760,0
1791061020000000,84746.01000000,84746.01000000,84746.00000000,84746.00000000,2.50619000,1791061079999999,212389.57987460,120,0.21346000,18089.88329460,0
1791061080000000,84746.01000000,84746.01000000,84746.00000000,84746.00000000,0.43076000,1791061139999999,36505.19061660,111,0.36566000,30988.22601660,0
1791061140000000,84746.01000000,84749.76000000,84746.00000000,84749.75000000,3.11149000,1791061199999999,263696.02704860,257,0.99431000,84265.55235610,0
1791061200000000,84749.76000000,84754.01000000,84749.75000000,84754.01000000,1.30723000,1791061259999999,110788.20306870,293,0.95149000,80639.32700370,0
1791061260000000,84754.01000000,84773.89000000,84754.01000000,84773.88000000,4.31736000,1791061319999999,365959.96144600,504,2.79734000,237107.78051560,0
1791061320000000,84773.89000000,84773.89000000,84748.00000000,84748.00000000,8.21094000,1791061379999999,695986.27590720,638,0.16689000,14143.98451140,0
1791061380000000,84748.00000000,84748.00000000,84730.00000000,84730.00000000,5.50280000,1791061439999999,466283.81878410,864,0.34180000,28963.32307040,0
1791061440000000,84730.00000000,84730.01000000,84701.56000000,84705.64000000,8.63910000,1791061499999999,731807.55023640,798,2.16489000,183370.23474770,0
1791061500000000,84705.64000000,84705.64000000,84604.00000000,84605.00000000,46.73310000,1791061559999999,3955104.78504270,3239,14.47580000,1224933.30087980,0
1791061560000000,84605.01000000,84607.72000000,84581.79000000,84588.18000000,15.08412000,1791061619999999,1276075.72296100,1230,2.33455000,197505.31024320,0
1791061620000000,84588.18000000,84596.01000000,84588.17000000,84596.01000000,2.33909000,1791061679999999,197866.62157220,302,2.15900000,182631.81326710,0
1791061680000000,84596.01000000,84611.04000000,84588.05000000,84588.06000000,12.73432000,1791061739999999,1077313.73859970,806,3.26767000,276442.34906730,0
1791061740000000,84588.06000000,84594.01000000,84558.00000000,84594.01000000,18.46936000,1791061799999999,1561903.77200280,991,12.34640000,1044044.70894110,0
1791061800000000,84594.01000000,84624.01000000,84594.00000000,84624.01000000,4.15756000,1791061859999999,351799.96420870,792,1.79887000,152199.55961230,0
1791061860000000,84624.01000000,84636.65000000,84624.01000000,84636.64000000,2.29408000,1791061919999999,194152.29902560,340,1.33839000,113267.32491790,0
1791061920000000,84636.65000000,84691.07000000,84636.64000000,84691.07000000,7.61012000,1791061979999999,644354.84610700,1206,6.70159000,567421.58708320,0
1791061980000000,84691.06000000,84691.06000000,84673.43000000,84685.08000000,15.02726000,1791062039999999,1272579.28837990,1095,1.70157000,144088.65144930,0
1791062040000000,84685.08000000,84685.09000000,84685.04000000,84685.04000000,3.38886000,1791062099999999,286985.82016110,280,0.54534000,46182.15081860,0
1791062100000000,84685.04000000,84685.05000000,84685.04000000,84685.05000000,0.75674000,1791062159999999,64084.56207300,197,0.49034000,41524.46741700,0
1791062160000000,84685.05000000,84705.64000000,84685.04000000,84705.64000000,2.15449000,1791062219999999,182477.78918320,620,2.07979000,176150.93622800,0
1791062220000000,84705.64000000,84712.18000000,84705.63000000,84712.18000000,1.07920000,1791062279999999,91416.27087540,191,1.04112000,88190.64915840,0
1791062280000000,84712.18000000,84722.01000000,84712.17000000,84722.01000000,1.97021000,1791062339999999,166913.70182050,474,1.57568000,133488.85168310,0
1791062340000000,84722.00000000,84722.01000000,84709.26000000,84709.26000000,5.39747000,1791062399999999,457266.70887700,723,0.19219000,16281.26325090,0
1791062400000000,84709.27000000,84709.27000000,84709.26000000,84709.27000000,0.66362000,1791062459999999,56214.76034170,102,0.12205000,10338.76640350,0
1791062460000000,84709.27000000,84709.27000000,84703.78000000,84704.01000000,5.93577000,1791062519999999,502798.27478340,220,0.41492000,35145.46899100,0
1791062520000000,84704.00000000,84716.01000000,84704.00000000,84716.00000000,4.10080000,1791062579999999,347362.23687100,466,1.82413000,154518.39939100,0
1791062580000000,84716.01000000,84716.01000000,84716.00000000,84716.00000000,1.29420000,1791062639999999,109639.44892020,106,0.17202000,14572.84804020,0
1791062640000000,84716.01000000,84716.01000000,84715.98000000,84715.98000000,2.21126000,1791062699999999,187329.09653830,185,0.67173000,56906.27805430,0
1791062700000000,84715.99000000,84732.14000000,84715.99000000,84720.54000000,12.30736000,1791062759999999,1042685.53351590,606,9.34545000,791750.42699990,0
1791062760000000,84720.54000000,84720.55000000,84720.00000000,84720.00000000,2.53902000,1791062819999999,215106.74663680,198,1.34874000,114265.93238280,0
1791062820000000,84720.01000000,84720.01000000,84696.00000000,84696.01000000,6.99054000,1791062879999999,592167.49897640,1288,0.82093000,69539.08670720,0
1791062880000000,84696.00000000,84696.01000000,84695.14000000,84695.15000000,1.03011000,1791062939999999,87245.93522860,241,0.20499000,17361.75301150,0
1791062940000000,84695.14000000,84710.69000000,84695.14000000,84710.68000000,2.04033000,1791062999999999,172818.85320740,322,1.98768000,168359.45769180,0
1791063000000000,84710.69000000,84710.69000000,84710.67000000,84710.68000000,4.93401000,1791063059999999,417963.34130510,194,1.20309000,101914.57305290,0
1791063060000000,84710.67000000,84710.68000000,84710.67000000,84710.68000000,0.78319000,1791063119999999,66344.55379740,120,0.41601000,35240.48998680,0
1791063120000000,84710.67000000,84710.67000000,84695.82000000,84695.83000000,3.89711000,1791063179999999,330108.83031600,791,0.23545000,19941.63317350,0
1791063180000000,84695.83000000,84695.83000000,84695.82000000,84695.83000000,0.92534000,1791063239999999,78372.43212650,146,0.20477000,17343.16510910,0
1791063240000000,84695.83000000,84724.47000000,84695.82000000,84724.46000000,6.38368000,1791063299999999,540732.29608040,502,5.64675000,478311.90837720,0
1791063300000000,84724.47000000,84724.47000000,84708.00000000,84708.01000000,3.85741000,1791063359999999,326792.63814420,689,0.27700000,23464.34841260,0
1791063360000000,84708.01000000,84708.01000000,84708.00000000,84708.00000000,0.81512000,1791063419999999,69047.18807970,137,0.31197000,26426.35787970,0
1791063420000000,84708.00000000,84708.01000000,84708.00000000,84708.00000000,0.41118000,1791063479999999,34830.23760210,86,0.21621000,18314.71884210,0
1791063480000000,84708.00000000,84708.00000000,84696.22000000,84701.58000000,9.12484000,1791063539999999,772890.46568020,498,2.44756000,207306.36256220,0
1791063540000000,84701.59000000,84701.59000000,84701.58000000,84701.59000000,0.52788000,1791063599999999,44712.27410590,106,0.40555000,34350.72982450,0
1791063600000000,84701.58000000,84701.58000000,84698.00000000,84698.00000000,2.76363000,1791063659999999,234081.25177380,312,0.22528000,19080.76769280,0
1791063660000000,84698.01000000,84701.34000000,84698.00000000,84701.33000000,2.85164000,1791063719999999,241528.43794930,367,0.50994000,43191.13094970,0
1791063720000000,84701.34000000,84717.72000000,84701.34000000,84717.71000000,1.20328000,1791063779999999,101930.49076710,1167,1.08848000,92205.23150240,0
1791063780000000,84717.71000000,84724.00000000,84694.00000000,84703.18000000,6.57774000,1791063839999999,557223.52979020,1858,3.07905000,260833.31816420,0
1791063840000000,84703.17000000,84703.17000000,84692.30000000,84701.45000000,3.95341000,1791063899999999,334856.33791160,773,1.06698000,90372.63623850,0
1791063900000000,84701.71000000,84725.57000000,84701.71000000,84725.57000000,2.25926000,1791063959999999,191391.32433540,599,1.72318000,145973.85518940,0
1791063960000000,84725.56000000,84730.93000000,84725.56000000,84730.93000000,0.51038000,1791064019999999,43243.19170990,278,0.45357000,38429.81434590,0
1791064020000000,84730.93000000,84739.57000000,84730.93000000,84739.57000000,1.37964000,1791064079999999,116901.67049710,1808,1.08553000,91980.60129260,0
1791064080000000,84739.56000000,84741.95000000,84728.15000000,84728.15000000,4.79015000,1791064139999999,405902.84925630,675,0.84533000,71632.79164700,0
1791064140000000,84728.16000000,84728.16000000,84728.15000000,84728.16000000,0.63066000,1791064199999999,53434.65776980,104,0.26908000,22798.65329280,0
1791064200000000,84728.16000000,84729.24000000,84728.15000000,84729.23000000,0.48257000,1791064259999999,40887.30265850,237,0.36051000,30545.35333870,0
1791064260000000,84729.23000000,84745.67000000,84729.23000000,84745.66000000,1.99325000,1791064319999999,168894.56677780,1200,1.89289000,160390.59762450,0
1791064320000000,84745.67000000,84745.67000000,84725.41000000,84727.51000000,3.47381000,1791064379999999,294367.44805220,744,0.33654000,28513.66185200,0
1791064380000000,84727.51000000,84727.51000000,84727.50000000,84727.50000000,0.34796000,1791064439999999,29481.78326120,110,0.23612000,20005.85966120,0
1791064440000000,84727.50000000,84730.00000000,84710.00000000,84710.00000000,5.10644000,1791064499999999,432647.88882930,715,1.31411000,111340.22768020,0
1791064500000000,84710.01000000,84710.01000000,84710.00000000,84710.01000000,1.65908000,1791064559999999,140540.68028260,127,1.34826000,114211.11808260,0
1791064560000000,84710.00000000,84713.36000000,84710.00000000,84713.35000000,2.03221000,1791064619999999,172151.47048720,385,0.97621000,82695.39673820,0
1791064620000000,84713.35000000,84720.01000000,84701.66000000,84720.00000000,3.20222000,1791064679999999,271260.89961630,1378,1.50972000,127889.45836270,0
1791064680000000,84720.00000000,84725.42000000,84720.00000000,84725.41000000,0.79469000,1791064739999999,67327.64739150,273,0.55698000,47188.63496690,0
1791064740000000,84725.42000000,84725.42000000,84702.49000000,84715.15000000,4.75562000,1791064799999999,402869.64647290,1011,2.14783000,181956.96642290,0
1791064800000000,84715.15000000,84716.01000000,84715.14000000,84715.84000000,1.64536000,1791064859999999,139388.16218990,369,1.30048000,110171.31217320,0
1791064860000000,84715.85000000,84728.01000000,84715.14000000,84728.01000000,3.48270000,1791064919999999,295041.58764840,471,2.53358000,214636.09335230,0
1791064920000000,84728.01000000,84744.01000000,84704.76000000,84707.28000000,8.24295000,1791064979999999,698437.09435010,840,1.51051000,127997.67397470,0
1791064980000000,84707.29000000,84748.01000000,84693.73000000,84734.01000000,11.94214000,1791065039999999,1011727.02913190,1882,7.94606000,673157.34073500,0
1791065040000000,84734.01000000,84760.01000000,84734.00000000,84750.00000000,6.70517000,1791065099999999,568274.76664970,966,4.12225000,349356.60712940,0
1791065100000000,84750.00000000,84765.06000000,84742.00000000,84765.06000000,3.55377000,1791065159999999,301186.29554380,676,2.60024000,220376.37293890,0
1791065160000000,84765.06000000,84774.62000000,84750.00000000,84752.07000000,12.64089000,1791065219999999,1071554.72712750,814,4.91341000,416497.63519730,0
1791065220000000,84752.07000000,84770.01000000,84752.06000000,84758.95000000,3.97804000,1791065279999999,337175.09943490,783,2.46760000,209143.93217650,0
1791065280000000,84758.95000000,84762.01000000,84758.94000000,84762.01000000,1.29778000,1791065339999999,109999.43463180,305,1.26065000,106852.33100260,0
1791065340000000,84762.01000000,84770.01000000,84762.00000000,84762.01000000,1.47111000,1791065399999999,124698.64699480,543,0.49088000,41609.61663720,0
1791065400000000,84762.00000000,84764.01000000,84762.00000000,84764.01000000,1.09609000,1791065459999999,92906.88742360,231,0.62853000,53275.56670360,0
1791065460000000,84764.00000000,84772.01000000,84764.00000000,84772.01000000,2.00160000,1791065519999999,169668.23075640,380,0.93014000,78846.31312330,0
1791065520000000,84772.00000000,84787.86000000,84772.00000000,84787.86000000,1.29654000,1791065579999999,109918.77335370,614,1.18888000,100791.68932330,0
1791065580000000,84787.86000000,84787.86000000,84787.56000000,84787.57000000,2.47762000,1791065639999999,210071.96545450,246,0.07527000,6381.98170890,0
1791065640000000,84787.56000000,84787.57000000,84787.56000000,84787.56000000,3.95489000,1791065699999999,335325.51193440,100,3.87660000,328687.49386200,0
1791065700000000,84787.57000000,84793.88000000,84742.35000000,84742.35000000,15.35902000,1791065759999999,1302152.44094210,977,2.70050000,228942.94900580,0
1791065760000000,84742.35000000,84758.01000000,84742.35000000,84758.00000000,1.25799000,1791065819999999,106615.35642850,367,1.15925000,98246.53990800,0
1791065820000000,84758.00000000,84764.01000000,84756.00000000,84756.01000000,1.78650000,1791065879999999,151426.23895490,440,0.39999000,33902.62532830,0
1791065880000000,84756.01000000,84772.01000000,84756.00000000,84772.01000000,1.79192000,1791065939999999,151890.81000590,317,1.55956000,132193.63692640,0
1791065940000000,84772.00000000,84772.01000000,84772.00000000,84772.01000000,0.26343000,1791065999999999,22331.48993440,50,0.19744000,16737.38565440,0
1791066000000000,84772.01000000,84772.01000000,84772.00000000,84772.01000000,0.42097000,1791066059999999,35686.47192100,83,0.30810000,26118.25628100,0
1791066060000000,84772.00000000,84772.01000000,84772.00000000,84772.00000000,0.36253000,1791066119999999,30732.39543190,102,0.22719000,19259.35295190,0
1791066120000000,84772.00000000,84772.01000000,84772.00000000,84772.00000000,1.02593000,1791066179999999,86970.14058270,164,0.26227000,22233.15506270,0
1791066180000000,84772.01000000,84772.01000000,84772.00000000,84772.01000000,0.31049000,1791066239999999,26320.86065560,63,0.23756000,20138.43869560,0
1791066240000000,84772.01000000,84772.01000000,84772.00000000,84772.01000000,0.26243000,1791066299999999,22246.71796780,95,0.20078000,17020.52416780,0
1791066300000000,84772.01000000,84772.01000000,84772.00000000,84772.01000000,0.22627000,1791066359999999,19181.36222080,64,0.17808000,15096.19954080,0
1791066360000000,84772.00000000,84772.01000000,84762.00000000,84762.00000000,2.23070000,1791066419999999,189096.69759530,596,0.14328000,12144.71699280,0
1791066420000000,84762.01000000,84777.05000000,84762.00000000,84777.05000000,9.68503000,1791066479999999,820984.42995320,512,9.49350000,804748.75427560,0
1791066480000000,84777.04000000,84798.53000000,84777.04000000,84798.04000000,63.61817000,1791066539999999,5394088.55326200,860,56.39179000,4781322.31343230,0
1791066540000000,84798.04000000,84798.04000000,84783.48000000,84784.01000000,120.14686000,1791066599999999,10188198.45408090,452,5.06400000,429412.49911450,0
1791066600000000,84784.01000000,84784.01000000,84784.00000000,84784.01000000,1.60586000,1791066659999999,136151.24973050,102,1.54905000,131334.67069050,0
1791066660000000,84784.01000000,84784.01000000,84784.00000000,84784.00000000,0.26022000,1791066719999999,22062.49434400,65,0.18640000,15803.73946400,0
1791066720000000,84784.00000000,84784.01000000,84784.00000000,84784.01000000,0.34441000,1791066779999999,29200.45969950,83,0.22595000,19156.94705950,0
1791066780000000,84784.00000000,84784.01000000,84783.98000000,84783.98000000,3.97312000,1791066839999999,336856.98278770,285,0.19999000,16955.95033490,0
1791066840000000,84783.98000000,84783.99000000,84783.98000000,84783.98000000,1.81585000,1791066899999999,153954.99774600,119,0.76630000,64969.97153700,0
1791066900000000,84783.98000000,84786.01000000,84783.98000000,84786.00000000,1.70330000,1791066959999999,144413.35482720,374,1.21283000,102828.84209280,0
1791066960000000,84786.01000000,84786.01000000,84786.00000000,84786.00000000,0.54914000,1791067019999999,46559.38670280,139,0.26628000,22576.81874280,0
1791067020000000,84786.00000000,84790.01000000,84786.00000000,84790.01000000,0.47135000,1791067079999999,39964.62945180,266,0.28408000,24086.33425180,0
1791067080000000,84790.00000000,84790.01000000,84790.00000000,84790.01000000,0.48623000,1791067139999999,41227.44540710,126,0.37071000,31432.50460710,0
1791067140000000,84790.00000000,84792.01000000,84790.00000000,84792.01000000,0.99499000,1791067199999999,84366.14277330,279,0.76373000,64757.20829330,0
1791067200000000,84792.01000000,84792.01000000,84792.00000000,84792.01000000,0.80830000,1791067259999999,68537.38064770,241,0.70477000,59758.86488770,0
1791067260000000,84792.00000000,84792.01000000,84792.00000000,84792.00000000,0.59929000,1791067319999999,50815.00247580,129,0.47958000,40664.55215580,0
1791067320000000,84792.01000000,84792.01000000,84792.00000000,84792.00000000,1.28672000,1791067379999999,109103.56660050,126,0.43605000,36973.55596050,0
1791067380000000,84792.00000000,84796.85000000,84792.00000000,84796.84000000,2.84966000,1791067439999999,241638.18747410,212,1.65076000,139975.29181410,0
1791067440000000,84796.84000000,84802.01000000,84796.84000000,84802.00000000,5.94435000,1791067499999999,504082.65851800,278,2.39434000,203035.08253400,0
1791067500000000,84802.00000000,84802.01000000,84802.00000000,84802.00000000,2.58902000,1791067559999999,219554.07862050,166,0.45805000,38843.56068050,0
1791067560000000,84802.00000000,84802.01000000,84802.00000000,84802.00000000,1.05842000,1791067619999999,89756.13603170,130,0.31917000,27066.25753170,0
1791067620000000,84802.01000000,84804.01000000,84802.00000000,84804.00000000,8.78024000,1791067679999999,744593.20277250,328,3.49972000,296784.13513250,0
1791067680000000,84804.01000000,84804.01000000,84804.00000000,84804.01000000,0.99677000,1791067739999999,84530.08636100,130,0.32810000,27824.19568100,0
1791067740000000,84804.00000000,84804.01000000,84803.98000000,84803.99000000,8.11261000,1791067799999999,687981.81044340,500,3.77632000,320247.07763920,0
1791067800000000,84803.98000000,84803.99000000,84798.00000000,84798.01000000,4.53259000,1791067859999999,384373.94870900,433,1.06879000,90637.40256130,0
1791067860000000,84798.00000000,84805.00000000,84798.00000000,84804.99000000,3.56506000,1791067919999999,302315.37648090,287,3.14604000,266783.08128030,0
1791067920000000,84805.00000000,84805.00000000,84804.98000000,84804.99000000,2.17898000,1791067979999999,184788.37184480,339,0.39577000,33563.27414220,0
1791067980000000,84804.99000000,84804.99000000,84802.00000000,84802.01000000,4.01126000,1791068039999999,340170.88436410,741,0.27479000,23303.37169620,0
1791068040000000,84802.00000000,84802.01000000,84797.81000000,84797.81000000,1.41775000,1791068099999999,120224.09305070,343,0.17715000,15022.04145410,0
1791068100000000,84797.81000000,84797.82000000,84777.04000000,84784.01000000,8.62561000,1791068159999999,731298.30516530,855,6.13011000,519714.74897310,0
1791068160000000,84784.00000000,84784.01000000,84784.00000000,84784.01000000,1.28410000,1791068219999999,108871.13923790,157,0.48379000,41017.65619790,0
1791068220000000,84784.01000000,84792.01000000,84784.01000000,84792.00000000,1.74179000,1791068279999999,147682.96085590,386,1.70984000,144973.85645590,0
1791068280000000,84792.01000000,84799.74000000,84792.00000000,84799.74000000,1.30134000,1791068339999999,110349.64419350,181,1.17173000,99358.75737220,0
1791068340000000,84799.73000000,84799.74000000,84776.01000000,84776.01000000,23.85558000,1791068399999999,2022763.61418280,623,0.47903000,40614.18269530,0
1791068400000000,84776.02000000,84781.65000000,84776.01000000,84781.65000000,1.70504000,1791068459999999,144548.94897360,548,1.51299000,128267.69614990,0
1791068460000000,84781.65000000,84781.65000000,84781.64000000,84781.65000000,0.48442000,1791068519999999,41069.92632360,114,0.42748000,36242.45974200,0
1791068520000000,84781.64000000,84782.01000000,84781.64000000,84782.01000000,0.37709000,1791068579999999,31970.32192410,277,0.33859000,28706.22878410,0
1791068580000000,84782.00000000,84782.01000000,84782.00000000,84782.00000000,1.03905000,1791068639999999,88092.74094840,129,0.38484000,32627.50872840,0
1791068640000000,84782.00000000,84782.01000000,84781.68000000,84781.68000000,0.79206000,1791068699999999,67152.41600070,285,0.29656000,25142.95288560,0
1791068700000000,84781.68000000,84781.69000000,84776.01000000,84776.01000000,2.36585000,1791068759999999,200575.46043180,410,0.19127000,16215.98752970,0
1791068760000000,84776.01000000,84776.02000000,84764.01000000,84764.02000000,3.40534000,1791068819999999,288681.76940320,585,0.21667000,18368.34632140,0
1791068820000000,84764.01000000,84764.02000000,84760.00000000,84760.00000000,1.66142000,1791068879999999,140825.34744240,242,0.40794000,34577.98721230,0
1791068880000000,84760.00000000,84760.01000000,84760.00000000,84760.01000000,1.27829000,1791068939999999,108347.86452450,107,0.41245000,34959.26612450,0
1791068940000000,84760.01000000,84760.01000000,84760.00000000,84760.01000000,0.52805000,1791068999999999,44757.52280020,92,0.48002000,40686.50000020,0
1791069000000000,84760.00000000,84760.01000000,84760.00000000,84760.01000000,0.43981000,1791069059999999,37278.29923730,181,0.36373000,30829.75843730,0
1791069060000000,84760.01000000,84760.01000000,84760.00000000,84760.00000000,1.42747000,1791069119999999,120992.35996900,100,0.27690000,23470.04676900,0
1791069120000000,84760.00000000,84760.01000000,84760.00000000,84760.00000000,3.43706000,1791069179999999,291325.20883240,153,0.32324000,27397.82563240,0
1791069180000000,84760.01000000,84760.01000000,84760.00000000,84760.01000000,0.75722000,1791069239999999,64181.96934970,80,0.21497000,18220.85934970,0
1791069240000000,84760.01000000,84760.01000000,84760.00000000,84760.01000000,1.18158000,1791069299999999,100150.72381030,168,0.30103000,25515.30581030,0
1791069300000000,84760.01000000,84760.01000000,84760.00000000,84760.01000000,1.80051000,1791069359999999,152611.23087310,152,0.32731000,27742.79887310,0
1791069360000000,84760.01000000,84760.01000000,84759.99000000,84760.00000000,1.08923000,1791069419999999,92323.13721530,220,0.37839000,32072.33899770,0
1791069420000000,84760.00000000,84761.62000000,84759.99000000,84761.62000000,4.76418000,1791069479999999,403813.59841120,417,1.70232000,144289.40198800,0
1791069480000000,84761.62000000,84761.62000000,84761.61000000,84761.61000000,1.72029000,1791069539999999,145814.55282350,124,0.27566000,23365.38816920,0
1791069540000000,84761.62000000,84761.62000000,84761.61000000,84761.61000000,0.83778000,1791069599999999,71011.58863270,88,0.70069000,59391.61951780,0
1791069600000000,84761.61000000,84761.62000000,84761.61000000,84761.62000000,1.29599000,1791069659999999,109850.21022360,91,1.12797000,95608.56451140,0
1791069660000000,84761.62000000,84761.62000000,84761.61000000,84761.62000000,0.34367000,1791069719999999,29130.02454500,81,0.20363000,17260.00868060,0
1791069720000000,84761.61000000,84802.01000000,84761.61000000,84802.01000000,5.47165000,1791069779999999,463870.52905550,710,5.29323000,448744.04416710,0
1791069780000000,84802.01000000,84802.02000000,84802.00000000,84802.01000000,15.76259000,1791069839999999,1336699.30793650,348,14.95586000,1268286.99002520,0
1791069840000000,84802.01000000,84818.39000000,84802.01000000,84815.29000000,11.92984000,1791069899999999,1011770.73606580,493,11.81623000,1002135.35157210,0
1791069900000000,84815.29000000,84815.30000000,84815.29000000,84815.29000000,1.52769000,1791069959999999,129571.47891950,144,0.85394000,72427.17728200,0
1791069960000000,84815.29000000,84815.30000000,84749.30000000,84772.00000000,152.90171000,1791070019999999,12962514.31066920,1684,39.52606000,3350325.08676750,0
1791070020000000,84772.01000000,84782.84000000,84749.92000000,84758.65000000,193.60858000,1791070079999999,16409657.62610000,1914,90.95064000,7708234.93731890,0
1791070080000000,84758.65000000,84779.66000000,84749.89000000,84749.89000000,23.51331000,1791070139999999,1992887.19449800,774,11.82988000,1002613.75568100,0
1791070140000000,84749.90000000,84749.90000000,84738.00000000,84738.01000000,3.77182000,1791070199999999,319629.44055260,867,0.75583000,64048.47131370,0
1791070200000000,84738.00000000,84741.44000000,84738.00000000,84741.44000000,0.97529000,1791070259999999,82646.64053770,266,0.82793000,70159.39520920,0
1791070260000000,84741.43000000,84744.03000000,84741.43000000,84744.03000000,1.06645000,1791070319999999,90374.35871630,290,0.82934000,70280.79054490,0
1791070320000000,84744.03000000,84745.69000000,84744.02000000,84745.68000000,1.22029000,1791070379999999,103412.40283810,322,0.72675000,61587.83824450,0
1791070380000000,84745.68000000,84745.69000000,84745.68000000,84745.68000000,0.91631000,1791070439999999,77653.31876830,172,0.47275000,40063.52494750,0
1791070440000000,84745.68000000,84768.01000000,84745.68000000,84768.01000000,1.51530000,1791070499999999,128430.62621300,697,1.35165000,114561.26581810,0
1791070500000000,84768.01000000,84768.01000000,84768.00000000,84768.00000000,0.49909000,1791070559999999,42306.86336700,132,0.22470000,19047.37184700,0
1791070560000000,84768.01000000,84772.01000000,84768.00000000,84772.01000000,0.42167000,1791070619999999,35744.61856950,232,0.36434000,30884.82798950,0
1791070620000000,84772.00000000,84784.70000000,84772.00000000,84784.69000000,1.01355000,1791070679999999,85930.10494900,565,0.84954000,72024.82034460,0
1791070680000000,84784.70000000,84784.70000000,84784.69000000,84784.70000000,0.35415000,1791070739999999,30026.49957950,128,0.16160000,13701.20752000,0
1791070740000000,84784.69000000,84784.70000000,84784.69000000,84784.69000000,0.17791000,1791070799999999,15084.04479150,57,0.05936000,5032.81979200,0
1791070800000000,84784.70000000,84791.69000000,84784.69000000,84791.68000000,1.77854000,1791070859999999,150797.84104610,162,1.54801000,131251.16413630,0
1791070860000000,84791.68000000,84791.69000000,84791.68000000,84791.68000000,0.40954000,1791070919999999,34725.58547890,61,0.08517000,7221.70823730,0
1791070920000000,84791.69000000,84791.69000000,84791.68000000,84791.69000000,0.53487000,1791070979999999,45352.52742830,126,0.15467000,13114.73069230,0
1791070980000000,84791.69000000,84791.69000000,84774.07000000,84778.35000000,7.65901000,1791071039999999,649372.36328930,571,0.36084000,30593.27962490,0
1791071040000000,84778.36000000,84778.36000000,84778.35000000,84778.35000000,1.37806000,1791071099999999,116829.65392380,83,0.09228000,7823.34706080,0
1791071100000000,84778.35000000,84778.36000000,84778.35000000,84778.36000000,0.20898000,1791071159999999,17716.98092490,69,0.13419000,11376.40812840,0
1791071160000000,84778.36000000,84788.81000000,84778.36000000,84788.80000000,3.01058000,1791071219999999,255245.25843410,252,2.90465000,246263.58085010,0
1791071220000000,84788.80000000,84788.81000000,84782.33000000,84782.34000000,6.27235000,1791071279999999,531810.50231530,346,0.44081000,37375.52102650,0
1791071280000000,84782.33000000,84782.34000000,84782.33000000,84782.34000000,0.80105000,1791071339999999,67914.88700540,159,0.15589000,13216.71898260,0
1791071340000000,84782.33000000,84782.34000000,84772.80000000,84774.01000000,2.27698000,1791071399999999,193038.50660960,300,0.34278000,29059.90008710,0
1791071400000000,84774.00000000,84774.01000000,84766.00000000,84766.01000000,0.73173000,1791071459999999,62029.39772780,231,0.12085000,10244.08566850,0
1791071460000000,84766.00000000,84766.00000000,84750.00000000,84751.38000000,3.78173000,1791071519999999,320517.32314290,820,2.21147000,187422.45346790,0
1791071520000000,84751.38000000,84751.38000000,84744.95000000,84750.01000000,3.98585000,1791071579999999,337798.15074960,448,0.52741000,44696.92205860,0
1791071580000000,84750.01000000,84750.01000000,84750.00000000,84750.01000000,0.23648000,1791071639999999,20041.68216000,163,0.21600000,18306.00216000,0
1791071640000000,84750.00000000,84750.01000000,84708.16000000,84722.00000000,4.86833000,1791071699999999,412511.61291480,1026,0.49109000,41605.95616050,0
1791071700000000,84722.01000000,84726.01000000,84722.00000000,84726.01000000,1.61902000,1791071759999999,137167.61653150,259,0.40929000,34676.82881150,0
1791071760000000,84726.01000000,84794.01000000,84726.01000000,84760.28000000,193.38306000,1791071819999999,16394108.93077390,3488,112.02666000,9496726.59609160,0
1791071820000000,84760.28000000,84794.01000000,84743.71000000,84746.91000000,54.23365000,1791071879999999,4597958.16278600,2222,27.88715000,2364286.21053810,0
1791071880000000,84746.90000000,84810.01000000,84746.00000000,84778.00000000,134.20735000,1791071939999999,11379753.53038620,2534,96.51009000,8183164.67529270,0
1791071940000000,84778.00000000,84809.28000000,84743.20000000,84753.56000000,48.72258000,1791071999999999,4130618.23289300,1229,37.18718000,3152805.64436820,0
