1791158400000000,86530.00000000,86530.00000000,86434.00000000,86434.01000000,23.12715000,1791158459999999,2000253.04208940,4271,9.20412000,796004.50006730,0
1791158460000000,86434.01000000,86438.01000000,86346.01000000,86373.75000000,70.54599000,1791158519999999,6092899.27998880,6827,12.70014000,1096978.81940080,0
1791158520000000,86373.75000000,86398.01000000,86343.34000000,86346.01000000,22.26917000,1791158579999999,1923484.05086160,3080,1.98861000,171775.63438920,0
1791158580000000,86346.01000000,86388.40000000,86336.27000000,86380.01000000,9.58123000,1791158639999999,827378.93674420,2192,5.21453000,450333.06188370,0
1791158640000000,86380.01000000,86434.07000000,86380.00000000,86434.07000000,24.24665000,1791158699999999,2095387.25227920,2806,17.71708000,1531251.69136020,0
1791158700000000,86434.06000000,86450.01000000,86429.31000000,86450.00000000,23.76841000,1791158759999999,2054418.48319430,1530,21.01699000,1816590.54751540,0
1791158760000000,86450.00000000,86500.00000000,86449.99000000,86500.00000000,11.32588000,1791158819999999,979375.87504930,1845,3.30212000,285546.91371280,0
1791158820000000,86500.00000000,86508.61000000,86429.99000000,86430.00000000,5.47154000,1791158879999999,473144.76508430,2299,1.27375000,110162.52372070,0
1791158880000000,86430.00000000,86458.01000000,86430.00000000,86458.00000000,9.32513000,1791158939999999,806174.78268410,1719,3.15991000,273165.41634170,0
1791158940000000,86457.99000000,86458.00000000,86386.31000000,86386.31000000,18.32111000,1791158999999999,1583117.71455340,2744,3.24217000,280159.89784690,0
1791159000000000,86386.32000000,86469.15000000,86386.32000000,86469.14000000,10.04438000,1791159059999999,868048.24247870,2455,8.33225000,720057.68195450,0
1791159060000000,86469.14000000,86498.72000000,86462.00000000,86462.00000000,5.24085000,1791159119999999,453234.30352270,2539,2.62031000,226608.77438440,0
1791159120000000,86462.00000000,86462.01000000,86361.00000000,86362.00000000,12.32317000,1791159179999999,1064453.56359070,2383,0.14441000,12475.55316030,0
1791159180000000,86361.99000000,86385.95000000,86326.22000000,86385.95000000,6.89778000,1791159239999999,595647.52394760,2534,4.51715000,390091.97553090,0
1791159240000000,86385.95000000,86385.95000000,86354.22000000,86359.99000000,6.26281000,1791159299999999,540879.98777300,1292,0.33274000,28735.20148710,0
1791159300000000,86359.99000000,86434.01000000,86354.00000000,86432.01000000,6.81886000,1791159359999999,589100.93797370,2550,5.49772000,474962.21893590,0
1791159360000000,86432.00000000,86475.17000000,86432.00000000,86464.61000000,4.58731000,1791159419999999,396598.55263340,2123,3.50461000,302985.35799590,0
1791159420000000,86464.62000000,86476.01000000,86448.00000000,86453.99000000,6.90204000,1791159479999999,596816.26265890,1801,1.16177000,100446.83177390,0
1791159480000000,86454.00000000,86470.01000000,86430.00000000,86458.01000000,6.67634000,1791159539999999,577148.25913240,2389,2.32208000,200730.02049720,0
1791159540000000,86458.01000000,86482.00000000,86450.00000000,86481.99000000,9.32869000,1791159599999999,806641.61094090,1278,2.34303000,202592.16617150,0
1791159600000000,86481.99000000,86489.54000000,86460.00000000,86489.54000000,8.95891000,1791159659999999,774760.17673140,1750,3.03600000,262548.21191220,0
1791159660000000,86489.53000000,86489.54000000,86414.87000000,86414.87000000,6.58908000,1791159719999999,569681.37863330,1641,0.25983000,22460.70102090,0
1791159720000000,86414.87000000,86425.80000000,86396.01000000,86416.01000000,6.09149000,1791159779999999,526401.23764030,2088,3.31451000,286429.79042030,0
1791159780000000,86416.01000000,86426.01000000,86416.00000000,86420.58000000,2.68617000,1791159839999999,232141.12088450,776,0.51040000,44109.03732840,0
1791159840000000,86420.58000000,86420.58000000,86352.01000000,86372.00000000,12.28711000,1791159899999999,1061423.45112940,2476,2.28843000,197641.60906240,0
1791159900000000,86372.00000000,86372.01000000,86307.22000000,86309.99000000,14.05210000,1791159959999999,1213167.26611500,2642,3.42944000,296014.87498660,0
1791159960000000,86309.99000000,86320.01000000,86307.06000000,86307.06000000,3.77358000,1791160019999999,325704.76503260,1204,1.37097000,118330.12174530,0
1791160020000000,86307.06000000,86316.45000000,86287.22000000,86305.56000000,11.23920000,1791160079999999,969954.16299240,1685,4.84706000,418303.16925730,0
1791160080000000,86305.57000000,86317.99000000,86285.71000000,86287.24000000,21.79732000,1791160139999999,1880890.61774790,1691,14.00284000,1208275.68438030,0
1791160140000000,86287.23000000,86287.23000000,86266.00000000,86274.00000000,8.92953000,1791160199999999,770374.05560920,1587,3.48879000,300985.04348940,0
1791160200000000,86274.01000000,86280.82000000,86259.73000000,86259.74000000,4.24545000,1791160259999999,366266.01830780,845,1.00230000,86471.53742570,0
1791160260000000,86259.73000000,86259.74000000,86200.00000000,86218.01000000,11.46844000,1791160319999999,988754.93928130,2267,4.75802000,410175.88696010,0
1791160320000000,86218.01000000,86242.01000000,86217.99000000,86242.00000000,8.55203000,1791160379999999,737401.11553180,1409,3.52519000,303966.35103020,0
1791160380000000,86242.00000000,86255.00000000,86228.00000000,86255.00000000,3.35786000,1791160439999999,289583.80553570,1351,1.58514000,136704.80029500,0
1791160440000000,86254.99000000,86264.01000000,86254.01000000,86254.02000000,2.47916000,1791160499999999,213846.09520570,803,1.52219000,131299.65301150,0
1791160500000000,86254.02000000,86285.29000000,86236.01000000,86285.28000000,4.28194000,1791160559999999,369349.13854390,1743,2.41826000,208613.72598010,0
1791160560000000,86285.28000000,86324.63000000,86285.28000000,86324.19000000,6.45698000,1791160619999999,557278.73798190,2497,5.07356000,437868.76751400,0
1791160620000000,86324.01000000,86324.01000000,86286.00000000,86286.01000000,2.83035000,1791160679999999,244277.60804480,1448,0.37159000,32069.90836020,0
1791160680000000,86286.00000000,86324.84000000,86286.00000000,86322.61000000,2.48191000,1791160739999999,214209.52743990,1131,2.07334000,178947.08043160,0
1791160740000000,86322.62000000,86391.63000000,86322.62000000,86391.62000000,6.74475000,1791160799999999,582466.49066880,1991,5.87937000,507741.48461170,0
1791160800000000,86391.63000000,86487.51000000,86391.63000000,86468.01000000,13.42708000,1791160859999999,1160776.24229590,4362,10.07596000,871024.61699540,0
1791160860000000,86468.00000000,86524.82000000,86454.00000000,86524.81000000,11.45405000,1791160919999999,990767.24108890,2602,9.37765000,811197.32746340,0
1791160920000000,86524.81000000,86601.67000000,86517.94000000,86599.55000000,12.60423000,1791160979999999,1091056.05684540,3775,9.54082000,825873.66379890,0
1791160980000000,86599.55000000,86608.67000000,86558.00000000,86580.00000000,8.63007000,1791161039999999,747226.36268770,2993,5.08264000,440076.20836260,0
1791161040000000,86580.00000000,86626.01000000,86575.09000000,86622.01000000,7.27963000,1791161099999999,630437.63848870,2088,5.87870000,509110.33109320,0
1791161100000000,86622.01000000,86622.01000000,86572.00000000,86572.00000000,7.23954000,1791161159999999,626923.02496480,1915,0.78011000,67551.62378930,0
1791161160000000,86572.00000000,86572.00000000,86526.00000000,86526.00000000,3.59929000,1791161219999999,311508.52361300,1203,0.43807000,37912.90558070,0
1791161220000000,86526.00000000,86552.01000000,86520.00000000,86552.00000000,6.23565000,1791161279999999,539561.21468770,1600,3.82021000,330559.84624500,0
1791161280000000,86552.01000000,86632.01000000,86552.01000000,86614.00000000,14.60301000,1791161339999999,1264484.52341640,3154,7.78630000,674212.16791180,0
1791161340000000,86614.00000000,86627.53000000,86576.00000000,86624.01000000,11.29769000,1791161399999999,978451.55325020,3145,5.98376000,518180.67510230,0
1791161400000000,86624.00000000,86624.00000000,86586.00000000,86590.00000000,5.00748000,1791161459999999,433629.93110330,1560,2.10895000,182616.13530310,0
1791161460000000,86590.01000000,86685.02000000,86590.01000000,86622.00000000,20.58372000,1791161519999999,1783562.56475500,3185,15.57006000,1349047.30374750,0
1791161520000000,86622.01000000,86659.32000000,86608.00000000,86659.32000000,3.33378000,1791161579999999,288793.10842250,1569,2.25659000,195486.73362950,0
1791161580000000,86659.31000000,86681.67000000,86603.61000000,86603.62000000,56.25915000,1791161639999999,4874636.05096710,2272,3.32532000,288169.27997100,0
1791161640000000,86603.62000000,86606.71000000,86578.05000000,86602.00000000,20.00961000,1791161699999999,1732716.39790590,1936,13.73836000,1189705.90212330,0
1791161700000000,86602.01000000,86636.80000000,86576.01000000,86636.80000000,5.04315000,1791161759999999,436745.40008020,2115,3.13806000,271786.70193230,0
1791161760000000,86636.80000000,86649.95000000,86634.00000000,86634.00000000,2.44509000,1791161819999999,211854.35083000,922,0.80511000,69757.25672420,0
1791161820000000,86634.00000000,86641.67000000,86618.01000000,86641.67000000,2.07868000,1791161879999999,180079.06514970,811,1.19922000,103890.72392310,0
1791161880000000,86641.67000000,86710.56000000,86638.02000000,86690.00000000,20.27404000,1791161939999999,1757423.51657950,2564,13.72378000,1189737.97916690,0
1791161940000000,86690.01000000,86696.01000000,86643.76000000,86652.46000000,12.28193000,1791161999999999,1064481.77367870,1810,4.61163000,399763.21692380,0
1791162000000000,86652.45000000,86652.46000000,86566.00000000,86566.01000000,10.22448000,1791162059999999,885486.93459350,3204,4.61441000,399672.90439840,0
1791162060000000,86566.01000000,86566.01000000,86501.09000000,86531.99000000,14.29947000,1791162119999999,1237457.77202560,2376,4.44414000,384531.01922710,0
1791162120000000,86531.99000000,86531.99000000,86467.93000000,86487.63000000,4.84945000,1791162179999999,419470.27491580,2509,0.96575000,83524.83284470,0
1791162180000000,86487.64000000,86502.01000000,86475.60000000,86488.37000000,4.38112000,1791162239999999,378928.19245310,1543,1.74444000,150874.31111830,0
1791162240000000,86488.37000000,86592.01000000,86488.37000000,86590.00000000,8.24099000,1791162299999999,713201.13672000,1381,7.48349000,647625.88640200,0
1791162300000000,86590.01000000,86604.01000000,86570.01000000,86602.62000000,2.62786000,1791162359999999,227537.07717990,1034,1.30966000,113400.16266930,0
1791162360000000,86602.62000000,86620.01000000,86556.46000000,86556.47000000,30.06392000,1791162419999999,2602799.21715730,2404,2.63097000,227826.06664220,0
1791162420000000,86556.46000000,86556.47000000,86472.02000000,86486.01000000,110.72414000,1791162479999999,9580492.12927890,3189,8.94298000,773736.33084170,0
1791162480000000,86486.01000000,86586.02000000,86476.00000000,86572.01000000,31.91324000,1791162539999999,2762027.81214670,2929,25.83864000,2236368.05647310,0
1791162540000000,86572.01000000,86572.02000000,86532.00000000,86532.01000000,4.52185000,1791162599999999,391400.87561800,1662,1.09258000,94563.86093490,0
1791162600000000,86532.00000000,86542.00000000,86524.00000000,86541.99000000,2.90461000,1791162659999999,251334.43575530,975,1.26987000,109879.61351870,0
1791162660000000,86541.99000000,86606.00000000,86541.99000000,86594.00000000,5.06884000,1791162719999999,438850.46932320,1485,2.57057000,222557.52513610,0
1791162720000000,86594.00000000,86617.99000000,86587.90000000,86587.91000000,3.59496000,1791162779999999,311332.24674310,1462,1.17886000,102092.43842660,0
1791162780000000,86587.91000000,86630.00000000,86587.90000000,86630.00000000,5.58924000,1791162839999999,484033.72202820,1497,3.74937000,324715.09041230,0
1791162840000000,86629.99000000,86754.01000000,86626.00000000,86751.22000000,39.47657000,1791162899999999,3421990.89613480,4669,33.88293000,2936957.18894680,0
1791162900000000,86751.23000000,86751.23000000,86668.26000000,86712.00000000,32.82525000,1791162959999999,2846211.40724560,6501,15.82857000,1372379.37035890,0
1791162960000000,86712.01000000,86743.22000000,86686.74000000,86714.66000000,11.25636000,1791163019999999,976115.18953760,3725,4.87836000,423037.96907160,0
1791163020000000,86714.65000000,86800.00000000,86714.65000000,86800.00000000,16.50321000,1791163079999999,1431777.27661580,3290,8.95042000,776515.50599280,0
1791163080000000,86800.00000000,86849.43000000,86728.67000000,86742.67000000,42.75138000,1791163139999999,3711427.90237350,7327,23.50060000,2039982.19703460,0
1791163140000000,86742.66000000,86788.01000000,86742.66000000,86765.45000000,9.27811000,1791163199999999,805070.88821100,3691,4.25476000,369175.94558380,0
1791163200000000,86765.46000000,86800.00000000,86712.89000000,86750.17000000,93.19677000,1791163259999999,8084751.58691180,4452,10.01752000,869013.32317390,0
1791163260000000,86750.17000000,86764.84000000,86666.16000000,86730.42000000,92.30183000,1791163319999999,8005434.10363460,4548,14.97079000,1298505.26590020,0
1791163320000000,86730.43000000,86871.85000000,86730.43000000,86767.63000000,30.24376000,1791163379999999,2625721.88562330,5589,19.96535000,1733350.10954750,0
1791163380000000,86767.63000000,86813.17000000,86756.64000000,86813.15000000,12.88689000,1791163439999999,1118500.24175110,2378,4.60913000,399996.22849620,0
1791163440000000,86813.16000000,86877.99000000,86813.15000000,86853.60000000,25.07396000,1791163499999999,2177730.67337510,2408,8.74330000,759309.74851350,0
1791163500000000,86853.60000000,86917.72000000,86853.60000000,86902.36000000,123.76271000,1791163559999999,10753770.08332160,3727,80.12789000,6961959.90157410,0
1791163560000000,86902.35000000,86909.54000000,86873.59000000,86876.03000000,40.03260000,1791163619999999,3478445.31102340,3997,30.15571000,2620233.12801730,0
1791163620000000,86876.02000000,86910.75000000,86875.02000000,86897.38000000,8.28009000,1791163679999999,719440.53624310,1957,4.39158000,381573.24090520,0
1791163680000000,86897.38000000,86999.11000000,86897.38000000,86999.05000000,47.39183000,1791163739999999,4121265.09301700,4388,31.41757000,2732406.09865430,0
1791163740000000,86999.05000000,86999.06000000,86944.67000000,86944.67000000,41.05025000,1791163799999999,3570945.76242370,2510,5.32999000,463552.71310670,0
1791163800000000,86944.68000000,86950.01000000,86786.00000000,86786.01000000,14.39399000,1791163859999999,1250147.14637450,4082,2.69593000,234132.57874840,0
1791163860000000,86786.01000000,86786.01000000,86687.12000000,86698.00000000,21.99410000,1791163919999999,1907797.52488280,5284,4.31767000,374444.87050900,0
1791163920000000,86698.01000000,86754.01000000,86682.00000000,86738.01000000,12.15336000,1791163979999999,1053941.12610570,4171,6.90204000,598545.95903310,0
1791163980000000,86738.00000000,86760.95000000,86724.00000000,86726.00000000,14.83267000,1791164039999999,1286473.63543500,2691,7.39451000,641331.31294460,0
1791164040000000,86726.01000000,86726.01000000,86675.82000000,86696.01000000,7.10999000,1791164099999999,616439.81523550,3235,1.73785000,150665.76244440,0
1791164100000000,86696.00000000,86712.00000000,86676.01000000,86676.02000000,7.66752000,1791164159999999,664704.48030930,3283,1.98633000,172195.83866840,0
1791164160000000,86676.01000000,86692.01000000,86653.50000000,86673.96000000,12.18913000,1791164219999999,1056411.56354600,2593,2.95235000,255882.77050520,0
1791164220000000,86673.97000000,86709.82000000,86660.00000000,86695.80000000,9.55805000,1791164279999999,828586.86273430,1958,7.88335000,683403.43082200,0
1791164280000000,86695.81000000,86715.21000000,86693.62000000,86715.21000000,15.97085000,1791164339999999,1384758.69411150,1408,13.73929000,1191266.30482940,0
1791164340000000,86715.20000000,86754.01000000,86715.20000000,86752.00000000,10.67357000,1791164399999999,925881.51814130,1050,5.08915000,441416.29801200,0
1791164400000000,86752.01000000,86754.00000000,86742.12000000,86752.29000000,2.53911000,1791164459999999,220267.62202850,741,1.23736000,107337.44849330,0
1791164460000000,86752.29000000,86789.14000000,86745.76000000,86774.42000000,9.43810000,1791164519999999,818801.30736930,1455,7.78995000,675793.55781340,0
1791164520000000,86774.41000000,86774.41000000,86732.00000000,86750.68000000,23.77210000,1791164579999999,2062033.47951750,1944,19.28801000,1673031.49815910,0
1791164580000000,86750.68000000,86750.68000000,86716.30000000,86716.30000000,1.28912000,1791164639999999,111805.82311680,853,0.36346000,31520.54165850,0
1791164640000000,86716.30000000,86727.01000000,86716.30000000,86722.00000000,4.18495000,1791164699999999,362926.58773970,907,1.86143000,161427.13363180,0
1791164700000000,86722.01000000,86737.28000000,86718.00000000,86722.00000000,12.70766000,1791164759999999,1102016.97080020,1330,10.86990000,942633.96436400,0
1791164760000000,86722.01000000,86746.21000000,86722.00000000,86746.19000000,1.42298000,1791164819999999,123415.82061980,868,1.21724000,105571.46010020,0
1791164820000000,86746.19000000,86756.01000000,86732.00000000,86736.01000000,5.93438000,1791164879999999,514766.58146870,1762,0.86438000,74983.19689140,0
1791164880000000,86736.01000000,86752.57000000,86732.00000000,86732.01000000,9.11801000,1791164939999999,790957.74973170,1271,4.80321000,416663.43461870,0
1791164940000000,86732.00000000,86732.00000000,86712.30000000,86712.91000000,21.69699000,1791164999999999,1881478.39104470,943,18.18742000,1577121.68927650,0
1791165000000000,86712.91000000,86712.91000000,86644.00000000,86644.01000000,4.48044000,1791165059999999,388398.32168240,2162,0.54610000,47341.70034130,0
1791165060000000,86644.01000000,86644.01000000,86598.00000000,86631.21000000,8.59658000,1791165119999999,744525.93319060,2203,3.98229000,344876.22378160,0
1791165120000000,86631.20000000,86633.74000000,86619.01000000,86633.73000000,3.92761000,1791165179999999,340236.87530520,1250,1.19764000,103746.26985420,0
1791165180000000,86633.73000000,86633.73000000,86604.00000000,86604.00000000,3.44073000,1791165239999999,298058.85662870,1549,0.32195000,27889.06902290,0
1791165240000000,86604.01000000,86604.01000000,86576.56000000,86585.46000000,4.22611000,1791165299999999,365957.01517340,1267,0.48429000,41932.31080920,0
1791165300000000,86585.45000000,86599.99000000,86584.39000000,86599.98000000,2.45232000,1791165359999999,212340.53793030,669,0.65390000,56620.09762000,0
1791165360000000,86599.98000000,86600.00000000,86599.98000000,86599.99000000,0.59698000,1791165419999999,51698.46130180,187,0.19112000,16550.99031290,0
1791165420000000,86599.99000000,86626.56000000,86599.99000000,86626.55000000,2.79824000,1791165479999999,242347.13262920,583,2.29951000,199145.24110510,0
1791165480000000,86626.56000000,86626.56000000,86612.66000000,86612.67000000,1.77182000,1791165539999999,153470.59059070,516,0.62923000,54500.32466660,0
1791165540000000,86612.66000000,86615.31000000,86612.66000000,86615.31000000,1.02538000,1791165599999999,88812.94831930,217,0.94358000,81727.84946250,0
1791165600000000,86615.31000000,86638.99000000,86599.99000000,86638.99000000,5.40278000,1791165659999999,467981.76199650,1901,4.45400000,385803.80530520,0
1791165660000000,86638.99000000,86658.45000000,86582.23000000,86593.56000000,14.92438000,1791165719999999,1292567.93961640,2356,1.04313000,90354.08827740,0
1791165720000000,86593.56000000,86617.98000000,86569.75000000,86579.22000000,11.74820000,1791165779999999,1017204.04274670,1552,1.22384000,105990.23610370,0
1791165780000000,86579.22000000,86638.98000000,86578.01000000,86638.98000000,7.51316000,1791165839999999,650553.62957140,2255,2.60563000,225651.86171480,0
1791165840000000,86638.98000000,86700.00000000,86638.97000000,86668.00000000,5.29758000,1791165899999999,459165.77398770,2679,3.35767000,291008.25397920,0
1791165900000000,86668.00000000,86704.01000000,86668.00000000,86689.66000000,6.19028000,1791165959999999,536630.00232360,2233,3.35620000,290939.47788750,0
1791165960000000,86689.65000000,86711.13000000,86684.61000000,86705.12000000,5.86928000,1791166019999999,508845.27608650,2005,2.75847000,239144.03838950,0
1791166020000000,86705.12000000,86705.12000000,86642.00000000,86670.01000000,9.88407000,1791166079999999,856860.64145110,2786,1.75843000,152402.71863940,0
1791166080000000,86670.01000000,86680.01000000,86651.69000000,86651.70000000,6.53097000,1791166139999999,566021.65550810,1374,0.93271000,80832.53866000,0
1791166140000000,86651.70000000,86722.01000000,86644.00000000,86722.00000000,69.05795000,1791166199999999,5985652.76071820,1650,54.89278000,4757870.89304880,0
1791166200000000,86722.01000000,86728.52000000,86707.81000000,86707.82000000,3.80663000,1791166259999999,330122.13009060,1072,1.99619000,173119.25560080,0
1791166260000000,86707.82000000,86721.59000000,86670.00000000,86670.00000000,11.07695000,1791166319999999,960482.67622960,1406,1.17964000,102287.95240440,0
1791166320000000,86670.01000000,86677.96000000,86642.01000000,86677.96000000,4.56775000,1791166379999999,395836.45147370,1142,2.13321000,184857.24209830,0
1791166380000000,86677.96000000,86709.69000000,86676.00000000,86709.68000000,4.47295000,1791166439999999,387763.26186830,1077,2.09757000,181832.65988390,0
1791166440000000,86709.69000000,86709.69000000,86665.54000000,86668.01000000,5.65285000,1791166499999999,490021.11974090,2877,1.90739000,165332.46223480,0
1791166500000000,86668.00000000,86686.01000000,86644.00000000,86686.01000000,5.15133000,1791166559999999,446452.03716120,1901,2.66986000,231396.11233880,0
1791166560000000,86686.00000000,86696.00000000,86658.81000000,86658.82000000,5.25109000,1791166619999999,455158.00872920,1644,2.33965000,202794.37970990,0
1791166620000000,86658.82000000,86658.82000000,86579.90000000,86579.91000000,8.83693000,1791166679999999,765444.52906480,2838,2.64044000,228704.54714850,0
1791166680000000,86579.91000000,86605.50000000,86568.00000000,86605.50000000,6.69697000,1791166739999999,579842.02994810,1711,3.62237000,313638.29673870,0
1791166740000000,86605.49000000,86605.50000000,86554.00000000,86592.01000000,10.22799000,1791166799999999,885505.83192000,3046,4.11858000,356561.14829360,0
1791166800000000,86592.00000000,86606.01000000,86582.00000000,86585.24000000,16.21048000,1791166859999999,1403859.64139340,1695,3.27922000,283973.55260430,0
1791166860000000,86585.23000000,86585.23000000,86546.00000000,86554.00000000,7.52162000,1791166919999999,651142.34884260,2635,1.66200000,143863.77627270,0
1791166920000000,86554.00000000,86577.03000000,86534.03000000,86577.02000000,19.87883000,1791166979999999,1720736.43003770,2503,10.44390000,904076.19243290,0
1791166980000000,86577.02000000,86577.03000000,86556.76000000,86556.77000000,25.86838000,1791167039999999,2239593.15283110,757,0.52791000,45698.82873510,0
1791167040000000,86556.77000000,86561.53000000,86550.03000000,86560.01000000,3.49051000,1791167099999999,302120.81788390,984,0.90277000,78139.67305480,0
1791167100000000,86560.00000000,86575.99000000,86556.00000000,86556.01000000,11.22034000,1791167159999999,971290.15536500,860,9.47317000,820043.25263950,0
1791167160000000,86556.00000000,86556.01000000,86521.19000000,86547.23000000,6.31576000,1791167219999999,546535.94427040,1414,2.00416000,173424.21184730,0
1791167220000000,86547.23000000,86579.42000000,86547.23000000,86566.96000000,16.67433000,1791167279999999,1443615.58017660,939,1.89740000,164250.70669770,0
1791167280000000,86566.96000000,86579.01000000,86538.10000000,86567.51000000,42.85740000,1791167339999999,3710009.89107720,1569,31.82569000,2754930.26047080,0
1791167340000000,86567.50000000,86579.41000000,86511.78000000,86511.78000000,116.01368000,1791167399999999,10043496.95300980,3334,23.28060000,2015215.08264070,0
1791167400000000,86511.79000000,86511.79000000,86500.21000000,86500.21000000,5.22060000,1791167459999999,451628.34795620,675,1.06813000,92397.63874650,0
1791167460000000,86500.21000000,86500.22000000,86410.00000000,86413.09000000,38.18500000,1791167519999999,3302449.73521390,3632,5.43177000,469728.28122090,0
1791167520000000,86413.08000000,86438.04000000,86413.08000000,86438.03000000,35.24171000,1791167579999999,3046136.20661180,2415,6.01170000,519577.66883840,0
1791167580000000,86438.02000000,86480.01000000,86438.02000000,86453.21000000,6.56111000,1791167639999999,567243.58932330,1783,5.15657000,445807.49733420,0
1791167640000000,86453.21000000,86479.41000000,86448.00000000,86448.00000000,31.26446000,1791167699999999,2703148.40719550,3321,21.87217000,1891039.80289560,0
1791167700000000,86448.00000000,86550.00000000,86448.00000000,86548.88000000,10.84533000,1791167759999999,938264.88828270,2396,9.24254000,799556.61511020,0
1791167760000000,86548.88000000,86555.41000000,86522.00000000,86522.00000000,6.75678000,1791167819999999,584766.11842190,1899,3.65415000,316255.08251510,0
1791167820000000,86522.01000000,86620.01000000,86504.33000000,86618.00000000,15.27853000,1791167879999999,1322598.31102300,2137,9.98577000,864426.31301700,0
1791167880000000,86618.00000000,86666.56000000,86602.00000000,86622.14000000,13.36935000,1791167939999999,1158204.92824380,2894,7.92506000,686548.98068830,0
1791167940000000,86622.14000000,86689.99000000,86622.14000000,86654.00000000,12.37798000,1791167999999999,1072793.97720150,1830,7.50621000,650542.16296380,0
1791168000000000,86654.01000000,86692.00000000,86648.87000000,86692.00000000,9.60041000,1791168059999999,832062.07978280,1301,4.18582000,362774.78527070,0
1791168060000000,86692.01000000,86726.33000000,86692.01000000,86710.00000000,6.15672000,1791168119999999,533830.24814980,2044,3.89061000,337329.07139420,0
1791168120000000,86710.01000000,86725.73000000,86658.01000000,86666.00000000,4.11408000,1791168179999999,356648.28958910,3003,1.67685000,145361.49791880,0
1791168180000000,86666.01000000,86682.68000000,86630.00000000,86682.67000000,16.34382000,1791168239999999,1416018.31417960,3124,13.42135000,1162768.45713370,0
1791168240000000,86682.67000000,86700.00000000,86669.99000000,86681.99000000,5.50593000,1791168299999999,477254.02334240,2138,2.36760000,205222.54346080,0
1791168300000000,86681.99000000,86698.69000000,86658.01000000,86658.01000000,2.74759000,1791168359999999,238172.63066160,1799,0.63462000,55011.77199560,0
1791168360000000,86658.01000000,86667.61000000,86642.00000000,86666.00000000,3.58562000,1791168419999999,310702.18985720,1509,1.80982000,156819.99100420,0
1791168420000000,86666.00000000,86666.01000000,86654.63000000,86654.64000000,0.84007000,1791168479999999,72803.61179110,435,0.22145000,19191.86138110,0
1791168480000000,86654.64000000,86654.64000000,86621.07000000,86621.07000000,3.12323000,1791168539999999,270570.22110100,941,0.27288000,23640.17397890,0
1791168540000000,86621.08000000,86621.08000000,86570.14000000,86570.15000000,6.66111000,1791168599999999,576826.66725400,1688,0.70280000,60865.03311010,0
1791168600000000,86570.15000000,86589.89000000,86568.00000000,86589.88000000,3.70330000,1791168659999999,320606.78674520,920,2.85559000,247215.18893990,0
1791168660000000,86589.89000000,86589.89000000,86583.56000000,86583.56000000,2.03627000,1791168719999999,176308.70597080,412,0.84486000,73151.12804540,0
1791168720000000,86583.57000000,86583.57000000,86576.82000000,86583.56000000,2.43188000,1791168779999999,210556.21151070,642,0.71671000,62052.47673530,0
1791168780000000,86583.56000000,86640.01000000,86583.56000000,86638.62000000,5.21792000,1791168839999999,451938.97668660,2233,2.60719000,225805.93894180,0
1791168840000000,86638.62000000,86650.01000000,86638.61000000,86642.90000000,1.47425000,1791168899999999,127733.58023100,546,0.81520000,70630.59880940,0
1791168900000000,86642.90000000,86642.90000000,86598.00000000,86598.00000000,2.37093000,1791168959999999,205357.14641510,1407,0.27970000,24225.30784190,0
1791168960000000,86598.00000000,86622.01000000,86578.29000000,86622.01000000,5.13053000,1791169019999999,444278.96613550,1165,3.43331000,297314.66886830,0
1791169020000000,86622.00000000,86622.01000000,86574.12000000,86574.12000000,2.68549000,1791169079999999,232559.10794030,1405,0.25309000,21917.51710430,0
1791169080000000,86574.13000000,86580.00000000,86566.24000000,86566.25000000,1.39966000,1791169139999999,121172.83567820,858,0.65533000,56734.08420640,0
1791169140000000,86566.25000000,86566.25000000,86500.00000000,86522.00000000,12.84572000,1791169199999999,1111379.80974790,1609,2.93983000,254331.31152140,0
1791169200000000,86522.01000000,86524.00000000,86507.40000000,86517.62000000,3.48294000,1791169259999999,301330.42409790,1199,1.48334000,128327.32394920,0
1791169260000000,86517.61000000,86533.38000000,86517.61000000,86530.01000000,3.40561000,1791169319999999,294685.98815190,882,2.43987000,211120.93865220,0
1791169320000000,86530.01000000,86530.01000000,86516.01000000,86516.01000000,3.29991000,1791169379999999,285512.70396690,948,0.61185000,52938.47161750,0
1791169380000000,86516.00000000,86516.01000000,86504.61000000,86514.43000000,3.90924000,1791169439999999,338188.92843580,1474,2.62740000,227294.08578640,0
1791169440000000,86514.43000000,86514.44000000,86480.07000000,86486.01000000,5.24385000,1791169499999999,453571.00332740,1411,2.02692000,175313.00077590,0
1791169500000000,86486.01000000,86486.01000000,86467.42000000,86467.43000000,3.60970000,1791169559999999,312149.25906250,644,0.41546000,35927.77467200,0
1791169560000000,86467.42000000,86467.43000000,86448.00000000,86457.82000000,4.25446000,1791169619999999,367828.21896700,1027,1.99718000,172660.56309560,0
1791169620000000,86457.82000000,86458.01000000,86448.00000000,86458.00000000,2.55555000,1791169679999999,220940.89316240,977,0.71637000,61930.66098670,0
1791169680000000,86457.99000000,86458.00000000,86439.26000000,86439.27000000,2.70661000,1791169739999999,233980.88605530,784,0.22125000,19126.67354250,0
1791169740000000,86439.26000000,86439.27000000,86396.00000000,86416.02000000,36.98939000,1791169799999999,3196333.47128440,1990,12.81321000,1107062.06902130,0
1791169800000000,86416.01000000,86451.83000000,86408.29000000,86451.82000000,6.85976000,1791169859999999,592852.07887350,1345,3.60044000,311199.33818190,0
1791169860000000,86451.82000000,86484.02000000,86450.00000000,86482.01000000,13.15039000,1791169919999999,1137120.72369240,1286,6.34996000,549007.58014170,0
1791169920000000,86482.01000000,86500.00000000,86482.00000000,86486.00000000,5.42612000,1791169979999999,469317.81365870,1251,1.73516000,150068.05343270,0
1791169980000000,86486.00000000,86500.00000000,86458.01000000,86464.00000000,4.06980000,1791170039999999,351972.83758720,1658,1.43434000,124041.63072350,0
1791170040000000,86464.01000000,86518.06000000,86464.01000000,86499.99000000,24.19409000,1791170099999999,2092830.67831390,2085,20.28794000,1754919.81577310,0
1791170100000000,86499.99000000,86506.68000000,86437.79000000,86460.02000000,20.42259000,1791170159999999,1766187.68313940,3090,11.24617000,972620.12144260,0
1791170160000000,86460.01000000,86468.01000000,86442.20000000,86468.01000000,10.58928000,1791170219999999,915435.76821230,2003,1.27632000,110335.87461750,0
1791170220000000,86468.01000000,86474.96000000,86418.56000000,86419.95000000,12.14853000,1791170279999999,1050154.91831580,3279,2.47439000,213862.71804180,0
1791170280000000,86419.95000000,86440.01000000,86415.00000000,86415.00000000,6.77359000,1791170339999999,585461.89985750,1878,1.23856000,107046.48203460,0
1791170340000000,86415.01000000,86428.00000000,86415.00000000,86415.00000000,2.27037000,1791170399999999,196206.62710370,960,0.73671000,63666.35315450,0
1791170400000000,86415.00000000,86415.00000000,86368.00000000,86368.00000000,8.38416000,1791170459999999,724209.54591760,2425,4.47900000,386863.13527840,0
1791170460000000,86368.00000000,86368.01000000,86349.50000000,86349.51000000,12.05025000,1791170519999999,1040626.66027580,1031,0.85270000,73636.19268620,0
1791170520000000,86349.51000000,86355.36000000,86332.68000000,86340.53000000,26.96215000,1791170579999999,2328093.56895940,2280,13.10600000,1131685.54269610,0
1791170580000000,86340.53000000,86400.00000000,86318.48000000,86400.00000000,17.77166000,1791170639999999,1534344.50119610,2414,14.64301000,1264217.92533200,0
1791170640000000,86400.00000000,86420.01000000,86399.99000000,86420.01000000,3.79086000,1791170699999999,327552.51990530,833,2.59510000,224229.30327130,0
1791170700000000,86420.01000000,86471.22000000,86420.01000000,86453.48000000,10.41796000,1791170759999999,900735.65205060,2252,3.35576000,290091.72331760,0
1791170760000000,86453.48000000,86474.00000000,86453.48000000,86473.99000000,4.00678000,1791170819999999,346445.31806110,1573,3.16777000,273897.84940110,0
1791170820000000,86473.99000000,86474.00000000,86472.00000000,86472.01000000,1.09286000,1791170879999999,94502.69564490,380,0.43070000,37243.55866070,0
1791170880000000,86472.00000000,86472.01000000,86466.00000000,86466.00000000,1.07777000,1791170939999999,93195.76824560,498,0.08519000,7366.34935430,0
1791170940000000,86466.00000000,86466.01000000,86454.00000000,86454.00000000,2.67389000,1791170999999999,231186.30707690,687,0.21865000,18905.56264670,0
1791171000000000,86454.00000000,86454.01000000,86444.00000000,86444.01000000,2.36906000,1791171059999999,204800.00222100,586,0.58036000,50174.05424360,0
1791171060000000,86444.01000000,86446.01000000,86422.30000000,86422.31000000,4.22992000,1791171119999999,365625.77066340,837,1.15673000,99989.00718220,0
1791171120000000,86422.30000000,86434.01000000,86407.76000000,86407.76000000,1.93504000,1791171179999999,167231.29098840,1232,0.70403000,60848.09763070,0
1791171180000000,86407.77000000,86407.77000000,86374.00000000,86376.00000000,3.18273000,1791171239999999,274960.32401490,1392,0.31894000,27549.24411900,0
1791171240000000,86376.00000000,86376.01000000,86356.01000000,86356.02000000,2.82696000,1791171299999999,244144.74456440,837,0.11173000,9648.86476110,0
1791171300000000,86356.01000000,86356.02000000,86344.00000000,86348.01000000,2.85155000,1791171359999999,246234.50088480,1431,1.62205000,140062.42758750,0
1791171360000000,86348.01000000,86348.01000000,86291.64000000,86291.64000000,5.71842000,1791171419999999,493619.70796020,1771,0.26565000,22935.79652680,0
1791171420000000,86291.64000000,86320.00000000,86255.18000000,86320.00000000,13.36674000,1791171479999999,1153318.99091300,2982,5.26949000,454696.31267860,0
1791171480000000,86319.99000000,86330.01000000,86308.01000000,86330.01000000,4.60024000,1791171539999999,397063.80773940,1316,2.81019000,242557.16545000,0
1791171540000000,86330.01000000,86344.13000000,86330.01000000,86344.12000000,6.54745000,1791171599999999,565296.31539910,1419,3.69432000,318953.30316250,0
1791171600000000,86344.13000000,86348.01000000,86312.00000000,86314.01000000,8.86522000,1791171659999999,765260.36114090,1259,0.84491000,72949.90690480,0
1791171660000000,86314.00000000,86314.01000000,86274.52000000,86290.01000000,3.93942000,1791171719999999,339946.39844890,1803,1.04525000,90189.32258960,0
1791171720000000,86290.00000000,86290.01000000,86266.00000000,86268.01000000,6.03078000,1791171779999999,520312.87961500,1303,1.46079000,126023.55317620,0
1791171780000000,86268.00000000,86306.01000000,86268.00000000,86269.24000000,17.85446000,1791171839999999,1540519.11329330,2116,14.00672000,1208501.96549950,0
1791171840000000,86269.24000000,86269.32000000,86260.01000000,86260.01000000,2.65478000,1791171899999999,229015.80436650,1222,0.29330000,25302.04196170,0
1791171900000000,86260.02000000,86272.00000000,86260.01000000,86272.00000000,3.19014000,1791171959999999,275189.67924000,669,1.12091000,96695.81276280,0
1791171960000000,86271.99000000,86300.00000000,86271.99000000,86299.99000000,8.14529000,1791172019999999,702841.17114240,721,7.16493000,618246.08909090,0
1791172020000000,86300.00000000,86302.78000000,86298.00000000,86298.01000000,4.57329000,1791172079999999,394676.02677530,926,0.88827000,76657.31575250,0
1791172080000000,86298.00000000,86302.10000000,86298.00000000,86302.09000000,0.53175000,1791172139999999,45889.49074980,324,0.39722000,34279.62763910,0
1791172140000000,86302.09000000,86332.75000000,86302.09000000,86306.01000000,7.76388000,1791172199999999,670168.64387770,1934,4.26367000,368034.60636730,0
1791172200000000,86306.00000000,86306.01000000,86277.54000000,86277.55000000,8.99292000,1791172259999999,775947.91796100,2529,0.21567000,18610.16333970,0
1791172260000000,86277.54000000,86278.96000000,86267.05000000,86269.64000000,3.90818000,1791172319999999,337177.63144100,1164,1.87462000,161734.87985650,0
1791172320000000,86269.65000000,86274.01000000,86250.00000000,86274.00000000,3.98831000,1791172379999999,344029.48969210,1599,1.62516000,140185.61606260,0
1791172380000000,86274.00000000,86274.00000000,86240.00000000,86260.10000000,11.08542000,1791172439999999,956215.16248800,1526,1.42855000,123209.07359200,0
1791172440000000,86260.10000000,86260.10000000,86243.25000000,86258.17000000,6.34199000,1791172499999999,546999.09159940,1525,2.86821000,247377.54890350,0
1791172500000000,86258.18000000,86260.09000000,86256.82000000,86256.83000000,8.68951000,1791172559999999,749543.73660850,422,6.71785000,579469.62367430,0
1791172560000000,86256.82000000,86256.83000000,86249.18000000,86250.00000000,1.76414000,1791172619999999,152166.54329160,649,0.39698000,34241.51470350,0
1791172620000000,86249.99000000,86249.99000000,86074.89000000,86083.61000000,23.87322000,1791172679999999,2057127.85307360,5446,2.93683000,253020.78863590,0
1791172680000000,86083.62000000,86154.00000000,86019.50000000,86029.18000000,38.89714000,1791172739999999,3347746.82000830,4894,17.25711000,1485359.53164460,0
1791172740000000,86029.17000000,86128.06000000,86024.26000000,86085.03000000,12.44960000,1791172799999999,1071784.26632770,3590,8.00027000,688733.32597150,0
1791172800000000,86085.02000000,86128.06000000,86026.77000000,86033.90000000,16.64830000,1791172859999999,1433198.88528270,4027,7.51368000,646916.98576970,0
1791172860000000,86033.89000000,86115.04000000,86021.01000000,86104.01000000,13.44155000,1791172919999999,1156869.98180810,2506,8.10387000,697493.62972440,0
1791172920000000,86104.02000000,86142.56000000,86055.03000000,86070.61000000,7.86342000,1791172979999999,677121.54032380,3235,3.75549000,323399.73023570,0
1791172980000000,86070.60000000,86092.62000000,86047.39000000,86092.61000000,9.63698000,1791173039999999,829305.56265580,2245,8.20983000,706484.39843290,0
1791173040000000,86092.61000000,86100.00000000,86062.13000000,86083.54000000,5.52630000,1791173099999999,475743.64066470,1929,1.62842000,140178.31030980,0
1791173100000000,86083.55000000,86086.76000000,86051.35000000,86068.58000000,3.51675000,1791173159999999,302697.43764530,2383,1.50868000,129849.77178400,0
1791173160000000,86068.58000000,86122.02000000,86052.00000000,86122.02000000,9.13586000,1791173219999999,786429.34702910,1848,5.06538000,435992.19524430,0
1791173220000000,86122.01000000,86137.85000000,86081.20000000,86081.20000000,10.41574000,1791173279999999,896970.67614320,2043,4.53580000,390614.01062360,0
1791173280000000,86081.21000000,86081.21000000,85977.95000000,86033.56000000,33.34484000,1791173339999999,2868189.54285450,5018,9.44681000,812619.46697030,0
1791173340000000,86033.56000000,86049.66000000,85998.04000000,86033.31000000,8.68185000,1791173399999999,746753.64703100,2345,6.54982000,563323.23991770,0
1791173400000000,86033.32000000,86033.32000000,85947.89000000,85954.30000000,16.07656000,1791173459999999,1382062.32518350,2650,6.25569000,537723.24545930,0
1791173460000000,85954.29000000,85996.08000000,85944.32000000,85984.17000000,6.38304000,1791173519999999,548723.25258920,2451,2.01302000,173047.74286370,0
1791173520000000,85984.18000000,85989.02000000,85948.37000000,85985.98000000,11.64454000,1791173579999999,1001192.24491600,1919,2.01790000,173490.39475370,0
1791173580000000,85985.98000000,85995.84000000,85969.56000000,85969.56000000,3.45071000,1791173639999999,296713.12031530,933,0.64193000,55196.04945350,0
1791173640000000,85969.57000000,85987.55000000,85944.05000000,85966.48000000,5.41416000,1791173699999999,465457.07883110,1412,1.73943000,149533.03173450,0
1791173700000000,85966.47000000,85966.48000000,85926.30000000,85933.65000000,3.17063000,1791173759999999,272489.42481670,1802,1.42264000,122257.19543520,0
1791173760000000,85933.66000000,85953.81000000,85910.09000000,85953.80000000,6.07103000,1791173819999999,521720.18921390,2276,3.10483000,266807.47068190,0
1791173820000000,85953.81000000,85953.81000000,85889.51000000,85889.59000000,10.49266000,1791173879999999,901543.41655550,2499,2.95777000,254104.37623530,0
1791173880000000,85889.60000000,85889.60000000,85825.18000000,85825.19000000,11.45435000,1791173939999999,983479.58535280,3530,2.37198000,203650.98769710,0
1791173940000000,85825.18000000,85888.48000000,85825.18000000,85880.05000000,11.79849000,1791173999999999,1013002.12011020,3105,7.28864000,625805.34629520,0
1791174000000000,85880.06000000,85880.06000000,85841.41000000,85841.41000000,3.40434000,1791174059999999,292314.60702340,1908,1.11862000,96044.79760770,0
1791174060000000,85841.42000000,85841.42000000,85790.70000000,85801.84000000,35.12880000,1791174119999999,3014275.21601230,3560,2.03529000,174629.66830110,0
1791174120000000,85801.84000000,85801.84000000,85669.83000000,85749.12000000,200.76849000,1791174179999999,17212021.43699560,10130,37.93017000,3251180.09356740,0
1791174180000000,85749.12000000,85800.00000000,85746.86000000,85800.00000000,8.39027000,1791174239999999,719665.79736190,1820,3.58642000,307632.43780010,0
1791174240000000,85799.99000000,85883.49000000,85799.99000000,85873.22000000,71.74760000,1791174299999999,6156553.56959870,2244,63.81747000,5475995.04499180,0
1791174300000000,85873.22000000,85940.00000000,85873.21000000,85890.56000000,12.11821000,1791174359999999,1041108.43593990,2675,7.98930000,686365.76210350,0
1791174360000000,85890.57000000,85890.57000000,85838.87000000,85876.50000000,7.20077000,1791174419999999,618297.40421950,2094,3.24070000,278259.58461880,0
1791174420000000,85876.51000000,85876.51000000,85824.12000000,85824.12000000,5.18069000,1791174479999999,444762.25463930,2619,0.89415000,76761.49345710,0
1791174480000000,85824.13000000,85833.02000000,85796.24000000,85796.24000000,7.04099000,1791174539999999,604241.15510340,2115,0.71533000,61391.22480400,0
1791174540000000,85796.23000000,85799.17000000,85766.99000000,85779.00000000,9.73451000,1791174599999999,835061.91264710,2202,1.72494000,147962.78219450,0
1791174600000000,85778.99000000,85782.00000000,85759.07000000,85759.07000000,10.91526000,1791174659999999,936233.37891910,2658,2.15439000,184792.88914840,0
1791174660000000,85759.08000000,85763.94000000,85707.88000000,85707.89000000,15.82549000,1791174719999999,1356812.12909230,3008,1.64690000,141209.87468030,0
1791174720000000,85707.88000000,85707.89000000,85512.07000000,85540.77000000,42.80105000,1791174779999999,3663825.66997980,8664,11.67045000,998451.50776760,0
1791174780000000,85540.78000000,85616.06000000,85485.00000000,85608.57000000,33.20445000,1791174839999999,2840704.62166340,7747,13.88145000,1187467.44936660,0
1791174840000000,85608.57000000,85615.56000000,85579.18000000,85582.22000000,9.20110000,1791174899999999,787625.60890130,3213,4.38720000,375541.50414590,0
1791174900000000,85582.22000000,85590.73000000,85537.17000000,85537.17000000,18.12768000,1791174959999999,1551073.33368510,4265,9.64867000,825573.04552820,0
1791174960000000,85537.17000000,85611.66000000,85537.17000000,85594.87000000,13.02696000,1791175019999999,1114847.09983440,3830,10.26065000,878074.88805970,0
1791175020000000,85594.87000000,85654.72000000,85594.86000000,85640.76000000,2.30785000,1791175079999999,197618.07211090,2260,1.56401000,133918.90081330,0
1791175080000000,85640.77000000,85644.89000000,85585.27000000,85585.28000000,6.90314000,1791175139999999,591022.74375040,1840,1.60537000,137469.09702450,0
1791175140000000,85585.28000000,85594.07000000,85561.65000000,85568.98000000,10.71831000,1791175199999999,917325.84707320,2541,2.51440000,215188.16549930,0
1791175200000000,85568.98000000,85594.07000000,85550.76000000,85587.57000000,9.72978000,1791175259999999,832548.39214000,1941,4.22784000,361764.51225610,0
1791175260000000,85587.57000000,85619.85000000,85525.20000000,85619.85000000,12.03982000,1791175319999999,1030017.60345270,3166,8.91835000,762913.54148250,0
1791175320000000,85619.96000000,85628.50000000,85582.36000000,85591.54000000,8.25954000,1791175379999999,707081.67846590,2674,4.42201000,378552.61439670,0
1791175380000000,85591.53000000,85622.42000000,85588.80000000,85597.52000000,6.48731000,1791175439999999,555353.33619920,1371,3.11693000,266822.25186000,0
1791175440000000,85597.53000000,85625.00000000,85597.53000000,85619.68000000,15.46929000,1791175499999999,1324422.07363100,1268,14.85122000,1271507.49725480,0
1791175500000000,85619.68000000,85695.94000000,85594.40000000,85695.94000000,15.44694000,1791175559999999,1322860.45078100,4733,10.92801000,935939.46685190,0
1791175560000000,85695.93000000,85695.93000000,85617.28000000,85627.58000000,6.32189000,1791175619999999,541440.81829010,2614,2.42476000,207661.88455720,0
1791175620000000,85627.58000000,85646.40000000,85627.57000000,85640.52000000,16.01352000,1791175679999999,1371269.86662040,1841,13.15756000,1126700.00717960,0
1791175680000000,85640.53000000,85668.24000000,85640.52000000,85668.24000000,3.70895000,1791175739999999,317686.70866140,2142,2.71697000,232718.46104790,0
1791175740000000,85668.24000000,85680.33000000,85642.02000000,85645.58000000,6.63399000,1791175799999999,568241.00836780,1550,1.82041000,155909.01606160,0
1791175800000000,85645.59000000,85645.59000000,85554.47000000,85554.48000000,7.91173000,1791175859999999,677190.26542480,2444,0.49419000,42293.05281500,0
1791175860000000,85554.48000000,85579.76000000,85546.70000000,85579.75000000,6.86445000,1791175919999999,587352.06834100,2883,3.76285000,321950.50880640,0
1791175920000000,85579.75000000,85587.66000000,85546.70000000,85554.65000000,7.54462000,1791175979999999,645572.63021450,2913,4.15285000,355359.23868640,0
1791175980000000,85554.64000000,85556.48000000,85546.70000000,85547.46000000,4.85276000,1791176039999999,415158.37035270,1419,2.23747000,191416.07462520,0
1791176040000000,85547.47000000,85557.02000000,85523.50000000,85549.84000000,5.75313000,1791176099999999,492125.99317040,2569,2.36246000,202088.37965830,0
1791176100000000,85549.83000000,85588.28000000,85522.37000000,85522.37000000,4.09288000,1791176159999999,350157.55585730,2233,0.88395000,75627.34037930,0
1791176160000000,85522.38000000,85553.95000000,85507.84000000,85553.06000000,6.22719000,1791176219999999,532613.98428340,2153,3.83848000,328313.27673660,0
1791176220000000,85553.06000000,85569.46000000,85545.57000000,85566.72000000,9.18323000,1791176279999999,785677.96726030,1345,6.75455000,577871.49635080,0
1791176280000000,85566.71000000,85566.72000000,85520.18000000,85520.18000000,2.60085000,1791176339999999,222485.23969730,1210,1.04228000,89152.37758030,0
1791176340000000,85520.18000000,85556.07000000,85520.18000000,85538.02000000,13.85998000,1791176399999999,1185451.96643420,1511,12.12551000,1037067.07378970,0
1791176400000000,85538.02000000,85560.86000000,85523.26000000,85544.73000000,11.29706000,1791176459999999,966338.12437130,3395,8.16733000,698616.32957840,0
1791176460000000,85544.72000000,85550.88000000,85504.89000000,85538.58000000,14.55449000,1791176519999999,1244826.09230330,2139,7.66327000,655393.91674090,0
1791176520000000,85538.58000000,85540.75000000,85488.93000000,85488.94000000,4.93369000,1791176579999999,421851.45421630,1802,1.01789000,87044.99211240,0
1791176580000000,85488.93000000,85507.89000000,85485.00000000,85505.00000000,10.61842000,1791176639999999,907834.35946940,1694,9.38703000,802557.04733070,0
1791176640000000,85504.99000000,85523.38000000,85498.88000000,85505.00000000,4.21030000,1791176699999999,360019.70283080,1467,1.23227000,105368.01274120,0
1791176700000000,85505.00000000,85592.29000000,85496.44000000,85580.37000000,134.36011000,1791176759999999,11488503.56153040,2722,111.88756000,9566965.44221100,0
1791176760000000,85580.36000000,85591.71000000,85563.56000000,85591.70000000,3.00694000,1791176819999999,257311.98387840,1457,1.88235000,161076.54255410,0
1791176820000000,85591.71000000,85591.71000000,85570.06000000,85576.45000000,5.06568000,1791176879999999,433523.55921090,1381,3.43790000,294215.46630150,0
1791176880000000,85576.44000000,85576.45000000,85536.00000000,85556.19000000,8.16156000,1791176939999999,698265.42266650,2495,2.87397000,245847.27898910,0
1791176940000000,85556.19000000,85576.45000000,85556.19000000,85571.88000000,3.19936000,1791176999999999,273757.71369910,1153,2.15641000,184512.81454140,0
1791177000000000,85571.88000000,85571.89000000,85532.23000000,85533.61000000,3.09038000,1791177059999999,264369.01235960,1916,0.80153000,68565.05141640,0
1791177060000000,85533.60000000,85533.61000000,85515.65000000,85522.91000000,4.76940000,1791177119999999,407912.37752090,1158,1.41412000,120936.47519480,0
1791177120000000,85522.91000000,85561.38000000,85522.91000000,85552.89000000,8.34367000,1791177179999999,713757.42629800,1708,5.63830000,482288.81490270,0
1791177180000000,85552.90000000,85574.79000000,85550.00000000,85550.01000000,2.32708000,1791177239999999,199111.13620760,1369,1.00992000,86410.53983130,0
1791177240000000,85550.00000000,85550.01000000,85518.00000000,85518.01000000,3.37859000,1791177299999999,288969.04437930,1068,0.46066000,39397.44074680,0
1791177300000000,85518.01000000,85523.29000000,85489.69000000,85489.69000000,6.69893000,1791177359999999,572825.44476410,2306,1.37353000,117453.29082140,0
1791177360000000,85489.68000000,85506.59000000,85488.74000000,85506.59000000,1.07435000,1791177419999999,91853.14394880,850,0.77424000,66195.48738800,0
1791177420000000,85506.59000000,85523.29000000,85486.01000000,85486.01000000,8.91710000,1791177479999999,762463.77966740,2746,3.46309000,296120.00384250,0
1791177480000000,85486.02000000,85486.02000000,85440.96000000,85464.34000000,12.54908000,1791177539999999,1072430.66543270,2819,3.72871000,318640.55767560,0
1791177540000000,85464.34000000,85515.31000000,85464.33000000,85511.50000000,21.78002000,1791177599999999,1861681.43930920,1849,18.18541000,1554349.94044640,0
1791177600000000,85511.50000000,85533.22000000,85492.26000000,85498.00000000,15.47592000,1791177659999999,1323348.83543660,2686,12.20873000,1043974.34586860,0
1791177660000000,85498.01000000,85505.07000000,85492.17000000,85492.50000000,4.15890000,1791177719999999,355566.94737380,1335,2.34087000,200131.16820130,0
1791177720000000,85492.50000000,85492.50000000,85467.22000000,85471.33000000,4.19579000,1791177779999999,358647.60805220,1292,1.55529000,132935.65609540,0
1791177780000000,85471.33000000,85471.34000000,85460.62000000,85460.63000000,3.93567000,1791177839999999,336365.86422410,843,0.74794000,63922.35903570,0
1791177840000000,85460.63000000,85471.33000000,85412.00000000,85471.33000000,13.21359000,1791177899999999,1128972.97175210,3584,4.51912000,386094.10909980,0
1791177900000000,85471.33000000,85512.55000000,85471.32000000,85502.01000000,9.25702000,1791177959999999,791327.51227970,1457,8.26790000,706759.18661830,0
1791177960000000,85502.00000000,85537.80000000,85496.19000000,85524.96000000,5.35617000,1791178019999999,458068.35733420,1991,2.45835000,210237.33716480,0
1791178020000000,85524.97000000,85536.01000000,85524.96000000,85526.46000000,4.32445000,1791178079999999,369874.59663210,926,1.56412000,133782.01499810,0
1791178080000000,85526.46000000,85533.48000000,85526.45000000,85533.48000000,2.12993000,1791178139999999,182170.65645450,462,0.58407000,49955.91985730,0
1791178140000000,85533.48000000,85549.07000000,85533.47000000,85542.02000000,24.15374000,1791178199999999,2066027.23927140,1822,20.37119000,1742455.67538320,0
1791178200000000,85542.03000000,85542.03000000,85486.50000000,85486.50000000,64.15506000,1791178259999999,5487649.16932110,2137,10.48616000,896956.78365910,0
1791178260000000,85486.51000000,85506.00000000,85470.00000000,85470.01000000,4.47725000,1791178319999999,382754.76465190,1882,1.64408000,140551.73163370,0
1791178320000000,85470.01000000,85527.93000000,85454.01000000,85491.08000000,13.26822000,1791178379999999,1134223.19801880,4187,9.71819000,830710.42332500,0
1791178380000000,85491.09000000,85581.43000000,85491.08000000,85569.13000000,7.95742000,1791178439999999,680830.03946960,3861,4.76877000,407993.88680300,0
1791178440000000,85569.14000000,85614.01000000,85569.13000000,85608.00000000,10.80437000,1791178499999999,924768.35254000,4389,7.45467000,638022.87204620,0
1791178500000000,85608.01000000,85624.00000000,85595.00000000,85623.99000000,5.08145000,1791178559999999,434983.99210160,2484,3.12028000,267107.92996730,0
1791178560000000,85624.00000000,85679.82000000,85623.99000000,85679.81000000,9.35040000,1791178619999999,800925.96053920,2883,6.46490000,553744.18244560,0
1791178620000000,85679.82000000,85746.01000000,85679.81000000,85704.13000000,21.74773000,1791178679999999,1863960.81068740,5361,15.29145000,1310509.66765230,0
1791178680000000,85704.14000000,85740.55000000,85704.13000000,85740.55000000,9.21314000,1791178739999999,789760.70916450,2163,8.16175000,699626.75888980,0
1791178740000000,85740.54000000,85749.72000000,85739.97000000,85739.98000000,9.91102000,1791178799999999,849829.92973260,1385,2.46400000,211278.48945360,0
1791178800000000,85739.98000000,85746.05000000,85693.88000000,85693.89000000,54.95751000,1791178859999999,4712181.26795860,2292,11.83917000,1015120.23100520,0
1791178860000000,85693.88000000,85718.01000000,85690.49000000,85710.01000000,15.21811000,1791178919999999,1304267.30385310,2862,8.04645000,689588.99226280,0
1791178920000000,85710.01000000,85710.74000000,85660.00000000,85667.00000000,5.69131000,1791178979999999,487679.47823930,2818,2.77430000,237717.85164020,0
1791178980000000,85667.01000000,85715.54000000,85667.01000000,85715.54000000,9.01247000,1791179039999999,772167.79695510,1462,7.86229000,673608.76176820,0
1791179040000000,85715.53000000,85784.01000000,85715.53000000,85784.00000000,12.53375000,1791179099999999,1074714.60708890,2212,11.56237000,991418.73697920,0
1791179100000000,85784.00000000,85784.01000000,85759.50000000,85763.61000000,7.70012000,1791179159999999,660447.20505140,1695,2.40294000,206097.65580350,0
1791179160000000,85763.62000000,85763.62000000,85716.00000000,85722.82000000,7.60697000,1791179219999999,652170.59318810,2299,1.32545000,113632.18890320,0
1791179220000000,85722.83000000,85722.83000000,85710.65000000,85710.66000000,2.68057000,1791179279999999,229774.17551100,1051,0.52177000,44724.05743000,0
1791179280000000,85710.66000000,85726.01000000,85710.65000000,85716.99000000,5.14744000,1791179339999999,441237.82879160,990,3.35809000,287848.10574330,0
1791179340000000,85717.00000000,85736.00000000,85716.99000000,85736.00000000,1.11174000,1791179399999999,95304.15184770,936,0.87944000,75389.53402520,0
1791179400000000,85735.99000000,85758.01000000,85735.99000000,85755.77000000,2.89656000,1791179459999999,248395.61834310,1171,0.74508000,63889.84226150,0
1791179460000000,85755.78000000,85770.29000000,85755.77000000,85770.29000000,5.59396000,1791179519999999,479733.02286760,818,5.16001000,442514.08209640,0
1791179520000000,85770.29000000,85770.29000000,85743.10000000,85743.10000000,10.76667000,1791179579999999,923421.30427080,1172,0.37261000,31954.30249310,0
1791179580000000,85743.10000000,85745.86000000,85743.10000000,85745.84000000,3.52364000,1791179639999999,302131.99153670,766,1.51540000,129937.45724380,0
1791179640000000,85745.85000000,85745.85000000,85745.80000000,85745.81000000,0.84137000,1791179699999999,72143.94866150,439,0.23084000,19793.56336680,0
1791179700000000,85745.80000000,85759.73000000,85745.80000000,85759.72000000,1.47498000,1791179759999999,126483.34533470,626,1.28710000,110371.65071070,0
1791179760000000,85759.72000000,85778.01000000,85759.72000000,85778.01000000,3.88612000,1791179819999999,333293.91495290,1049,3.03827000,260577.99055200,0
1791179820000000,85778.00000000,85778.01000000,85758.51000000,85758.51000000,3.01324000,1791179879999999,258445.97958450,916,0.95080000,81553.39991580,0
1791179880000000,85758.51000000,85767.58000000,85758.51000000,85767.57000000,2.46574000,1791179939999999,211463.77997840,798,0.69418000,59535.51579150,0
1791179940000000,85767.58000000,85767.58000000,85767.57000000,85767.57000000,2.42507000,1791179999999999,207992.38296850,307,2.19886000,188590.90095880,0
1791180000000000,85767.58000000,85831.49000000,85767.57000000,85831.49000000,6.54710000,1791180059999999,561700.56213310,2851,4.23906000,363672.05067000,0
1791180060000000,85831.48000000,85895.79000000,85826.00000000,85895.79000000,23.01027000,1791180119999999,1975404.24389810,4061,17.29178000,1484473.80010040,0
1791180120000000,85895.80000000,85897.01000000,85854.01000000,85854.02000000,15.47662000,1791180179999999,1329184.38801110,2429,7.92077000,680301.87696560,0
1791180180000000,85854.02000000,85910.01000000,85854.02000000,85891.99000000,16.98274000,1791180239999999,1458599.00187920,3358,12.01350000,1031753.82895060,0
1791180240000000,85892.00000000,85912.20000000,85868.44000000,85875.51000000,9.55659000,1791180299999999,820796.20214790,4314,3.78747000,325294.48893090,0
1791180300000000,85875.52000000,85876.01000000,85826.01000000,85826.02000000,17.31189000,1791180359999999,1486463.47583840,2569,9.62398000,826439.25140630,0
1791180360000000,85826.01000000,85876.01000000,85826.01000000,85855.12000000,5.83403000,1791180419999999,500869.37204850,2517,2.92270000,250895.90599530,0
1791180420000000,85855.12000000,85862.01000000,85848.01000000,85848.01000000,2.76028000,1791180479999999,236983.49865070,1468,0.92212000,79167.23750390,0
1791180480000000,85848.01000000,85848.02000000,85829.00000000,85842.00000000,4.62646000,1791180539999999,397125.54699540,1424,0.97547000,83731.29865640,0
1791180540000000,85842.01000000,85855.01000000,85820.49000000,85855.00000000,4.05366000,1791180599999999,347942.67705340,2267,2.19230000,188176.54187910,0
1791180600000000,85855.01000000,85855.01000000,85836.83000000,85853.19000000,3.71918000,1791180659999999,319287.79947630,1495,1.20625000,103551.32415430,0
1791180660000000,85853.19000000,85884.01000000,85853.19000000,85878.29000000,3.20058000,1791180719999999,274843.12692540,1999,1.72628000,148236.84861780,0
1791180720000000,85878.28000000,85896.53000000,85878.28000000,85887.23000000,4.29696000,1791180779999999,369062.08530830,1260,3.57046000,306660.17597250,0
1791180780000000,85887.23000000,85912.01000000,85876.36000000,85912.01000000,12.53654000,1791180839999999,1076738.66335260,1977,9.51399000,817140.56965120,0
1791180840000000,85912.00000000,85916.88000000,85906.04000000,85916.88000000,4.06072000,1791180899999999,348859.00821910,959,1.77715000,152679.80826920,0
1791180900000000,85916.87000000,85932.01000000,85916.87000000,85932.00000000,4.75658000,1791180959999999,408714.32843370,1147,3.58275000,307848.58849000,0
1791180960000000,85932.00000000,85963.89000000,85932.00000000,85963.89000000,6.34641000,1791181019999999,545466.11438800,1333,4.34247000,373212.36253520,0
1791181020000000,85963.88000000,85996.88000000,85963.88000000,85994.00000000,10.78330000,1791181079999999,927197.33612890,2321,6.45476000,554994.86426920,0
1791181080000000,85994.00000000,85997.74000000,85988.00000000,85988.01000000,9.89818000,1791181139999999,851170.58102390,1229,1.56593000,134655.79247170,0
1791181140000000,85988.01000000,86048.01000000,85988.00000000,86005.11000000,39.55046000,1791181199999999,3402068.50009810,5425,21.82759000,1877424.37650430,0
1791181200000000,86005.10000000,86010.89000000,85980.00000000,85980.00000000,17.05633000,1791181259999999,1466787.57938680,3091,6.63987000,570999.34898230,0
1791181260000000,85980.00000000,85981.11000000,85930.80000000,85930.80000000,8.71149000,1791181319999999,748878.87737830,2414,0.59574000,51215.13134350,0
1791181320000000,85930.81000000,85930.81000000,85908.83000000,85922.00000000,6.42202000,1791181379999999,551769.67285740,2306,2.59042000,222567.31274400,0
1791181380000000,85922.00000000,85930.81000000,85911.51000000,85923.28000000,5.05505000,1791181439999999,434325.72737460,2102,2.09284000,179813.76020580,0
1791181440000000,85923.28000000,85984.01000000,85915.64000000,85980.97000000,5.15524000,1791181499999999,443103.81569680,2651,3.12622000,268720.30203370,0
1791181500000000,85980.96000000,85986.01000000,85914.00000000,85942.00000000,10.45592000,1791181559999999,898581.54130120,2975,1.49429000,128414.11737310,0
1791181560000000,85942.01000000,85944.01000000,85927.37000000,85931.76000000,3.05951000,1791181619999999,262916.30231540,1505,1.44278000,123980.13379660,0
1791181620000000,85931.76000000,85932.01000000,85930.84000000,85932.00000000,1.07643000,1791181679999999,92499.17471480,633,0.52792000,45365.07176110,0
1791181680000000,85932.00000000,85938.01000000,85930.84000000,85930.85000000,3.14552000,1791181739999999,270304.61137780,1076,1.93276000,166086.34797500,0
1791181740000000,85930.85000000,85930.85000000,85877.26000000,85880.00000000,61.41378000,1791181799999999,5274941.54928760,2816,5.20282000,446883.20826420,0
1791181800000000,85880.01000000,85901.98000000,85874.00000000,85897.23000000,6.28366000,1791181859999999,539687.69546710,2080,3.64639000,313180.04193830,0
1791181860000000,85897.22000000,85956.01000000,85897.22000000,85956.01000000,17.68275000,1791181919999999,1519481.91778340,2496,15.66987000,1346549.92566510,0
1791181920000000,85956.00000000,85962.01000000,85890.00000000,85904.02000000,9.55349000,1791181979999999,820752.29653840,2229,4.82334000,414298.82530160,0
1791181980000000,85904.02000000,85904.02000000,85843.83000000,85843.83000000,7.01871000,1791182039999999,602712.02930000,2254,1.37899000,118409.75712040,0
1791182040000000,85843.83000000,85878.01000000,85843.83000000,85860.01000000,6.91606000,1791182099999999,593836.69406220,2831,2.20397000,189235.99015440,0
1791182100000000,85860.02000000,85860.02000000,85843.83000000,85843.83000000,2.47535000,1791182159999999,212505.91050520,960,0.18664000,16022.86699950,0
1791182160000000,85843.84000000,85862.01000000,85842.00000000,85862.00000000,2.97795000,1791182219999999,255645.49753930,1213,1.66598000,143020.50652110,0
1791182220000000,85862.01000000,85888.01000000,85862.00000000,85884.74000000,6.95429000,1791182279999999,597252.83433210,1941,2.29879000,197418.48819230,0
1791182280000000,85884.75000000,85884.75000000,85853.01000000,85870.00000000,7.41428000,1791182339999999,636666.86005390,1728,2.67388000,229590.29581890,0
1791182340000000,85870.00000000,85870.01000000,85864.00000000,85864.00000000,0.88851000,1791182399999999,76295.92974770,536,0.26299000,22582.91696990,0
1791182400000000,85864.00000000,85864.00000000,85823.99000000,85824.00000000,6.77963000,1791182459999999,581932.87362020,1903,1.36604000,117249.35526270,0
1791182460000000,85823.99000000,85850.01000000,85823.99000000,85850.01000000,4.05810000,1791182519999999,348330.61219550,1013,3.55567000,305208.70954400,0
1791182520000000,85850.01000000,85855.91000000,85850.01000000,85855.91000000,0.34474000,1791182579999999,29597.69346720,209,0.16158000,13872.32682320,0
1791182580000000,85855.91000000,85870.00000000,85836.00000000,85845.61000000,10.69055000,1791182639999999,917786.63787350,2031,2.36717000,203242.98934930,0
1791182640000000,85845.60000000,85847.45000000,85802.00000000,85814.01000000,6.26115000,1791182699999999,537355.50804870,2303,1.70469000,146292.92506110,0
1791182700000000,85814.01000000,85824.48000000,85814.01000000,85824.48000000,2.40221000,1791182759999999,206151.52879830,451,1.86729000,160246.37657690,0
1791182760000000,85824.47000000,85924.01000000,85824.47000000,85913.31000000,11.93434000,1791182819999999,1024894.55015260,2065,7.82877000,672246.83806250,0
1791182820000000,85913.31000000,86144.23000000,85913.30000000,86120.00000000,41.64108000,1791182879999999,3582804.41793520,4481,37.80796000,3252768.24087100,0
1791182880000000,86120.00000000,86182.86000000,86110.00000000,86136.00000000,13.83641000,1791182939999999,1192066.20091740,4517,7.37650000,635549.50876510,0
1791182940000000,86136.00000000,86150.01000000,86118.00000000,86124.01000000,10.80545000,1791182999999999,930763.35988050,2689,2.49467000,214869.04687490,0
1791183000000000,86124.01000000,86184.66000000,86112.00000000,86112.01000000,10.10010000,1791183059999999,870077.82729270,3469,2.35361000,202770.06680590,0
1791183060000000,86112.01000000,86112.01000000,86058.00000000,86058.01000000,14.69628000,1791183119999999,1265119.47557740,2323,4.20307000,361772.27661730,0
1791183120000000,86058.00000000,86112.01000000,86052.94000000,86112.00000000,4.74809000,1791183179999999,408705.58176040,2138,3.73669000,321651.83371410,0
1791183180000000,86112.01000000,86304.67000000,86112.00000000,86293.46000000,22.35974000,1791183239999999,1928049.57839210,4324,16.88671000,1456098.42682200,0
1791183240000000,86293.46000000,86365.46000000,86239.27000000,86241.25000000,29.04596000,1791183299999999,2507170.44474550,6095,18.11458000,1563705.01115110,0
1791183300000000,86241.26000000,86316.74000000,86232.28000000,86281.44000000,17.41924000,1791183359999999,1502995.48895400,4108,8.24700000,711537.51475110,0
1791183360000000,86281.44000000,86291.20000000,86261.87000000,86261.87000000,4.65379000,1791183419999999,401523.24005170,2089,1.05784000,91269.32822400,0
1791183420000000,86261.88000000,86261.88000000,86225.61000000,86225.61000000,4.40745000,1791183479999999,380090.02882490,1247,0.66541000,57381.98829840,0
1791183480000000,86225.61000000,86244.01000000,86225.61000000,86234.73000000,3.64255000,1791183539999999,314115.23208160,1169,2.85253000,245986.31960630,0
1791183540000000,86234.73000000,86264.01000000,86232.00000000,86260.00000000,4.23291000,1791183599999999,365052.40212810,1293,2.56526000,221241.98462480,0
1791183600000000,86260.01000000,86260.01000000,86186.02000000,86186.02000000,11.03643000,1791183659999999,951704.05816760,5280,3.32141000,286425.98564150,0
1791183660000000,86186.02000000,86187.87000000,86150.00000000,86158.01000000,3.75092000,1791183719999999,323232.47712660,2102,1.26875000,109330.47502470,0
1791183720000000,86158.01000000,86234.01000000,86158.01000000,86234.00000000,12.29434000,1791183779999999,1059726.49577440,3339,9.65905000,832562.48455790,0
1791183780000000,86234.01000000,86260.00000000,86231.47000000,86258.01000000,15.05547000,1791183839999999,1298481.07097180,2000,7.76862000,669991.83635390,0
1791183840000000,86258.00000000,86286.00000000,86254.00000000,86276.62000000,5.74201000,1791183899999999,495385.98023810,2453,2.83637000,244697.78015630,0
1791183900000000,86276.61000000,86276.61000000,86220.32000000,86246.01000000,16.95463000,1791183959999999,1462180.06346340,3456,8.71997000,751963.25645380,0
1791183960000000,86246.01000000,86265.61000000,86196.00000000,86236.00000000,13.28591000,1791184019999999,1145574.55190240,4363,5.35100000,461391.64727450,0
1791184020000000,86236.00000000,86268.00000000,86236.00000000,86268.00000000,10.29741000,1791184079999999,888168.41309310,1754,8.41897000,726158.10575330,0
1791184080000000,86268.00000000,86332.01000000,86268.00000000,86332.01000000,13.17345000,1791184139999999,1137003.78504460,3559,7.67721000,662573.28565400,0
1791184140000000,86332.00000000,86412.01000000,86332.00000000,86358.01000000,29.46966000,1791184199999999,2545613.34623710,5587,10.34393000,893523.37367100,0
1791184200000000,86358.00000000,86360.78000000,86256.00000000,86256.00000000,19.52424000,1791184259999999,1685317.82291690,3178,8.42165000,726983.84217290,0
1791184260000000,86256.01000000,86256.01000000,86228.00000000,86228.01000000,5.42142000,1791184319999999,467539.16934350,1668,2.16393000,186604.27714950,0
1791184320000000,86228.00000000,86302.01000000,86222.00000000,86302.01000000,5.08531000,1791184379999999,438626.35472790,2373,4.07116000,351163.06403640,0
1791184380000000,86302.00000000,86320.01000000,86258.00000000,86305.08000000,26.54583000,1791184439999999,2290616.86781940,6059,16.46748000,1420879.13236080,0
1791184440000000,86305.08000000,86348.52000000,86284.31000000,86332.00000000,49.08805000,1791184499999999,4236847.88052310,4965,36.36070000,3138330.47111090,0
1791184500000000,86332.01000000,86332.01000000,86286.00000000,86286.01000000,5.50058000,1791184559999999,474713.47900380,2913,1.97293000,170266.47680260,0
1791184560000000,86286.01000000,86456.00000000,86268.00000000,86456.00000000,29.70470000,1791184619999999,2564287.28705440,4267,27.68893000,2390339.25995170,0
1791184620000000,86455.99000000,86488.01000000,86438.04000000,86438.04000000,11.24673000,1791184679999999,972491.54861660,3359,4.28120000,370179.91120300,0
1791184680000000,86438.05000000,86438.05000000,86338.99000000,86338.99000000,12.20173000,1791184739999999,1054013.16679840,3128,1.37117000,118456.63449210,0
1791184740000000,86338.99000000,86341.77000000,86312.01000000,86312.01000000,6.43884000,1791184799999999,555871.92627580,1453,1.54030000,132980.26717490,0
1791184800000000,86312.01000000,86312.01000000,86273.32000000,86273.33000000,2.42041000,1791184859999999,208863.91780590,1454,0.34197000,29509.64102170,0
1791184860000000,86273.33000000,86277.48000000,86264.43000000,86268.01000000,3.50470000,1791184919999999,302358.62619970,1352,0.79454000,68547.33190860,0
1791184920000000,86268.01000000,86268.01000000,86228.00000000,86228.01000000,4.23547000,1791184979999999,365279.64818170,1818,0.50361000,43436.22053400,0
1791184980000000,86228.00000000,86234.01000000,86194.00000000,86194.00000000,5.54569000,1791185039999999,478159.24305460,1977,1.26386000,108981.78515550,0
1791185040000000,86194.01000000,86198.01000000,86144.00000000,86146.00000000,5.75998000,1791185099999999,496342.64944650,2052,1.38687000,119502.19749460,0
1791185100000000,86146.01000000,86214.01000000,86146.01000000,86214.01000000,6.68408000,1791185159999999,576139.87531660,3024,3.40747000,293682.22598860,0
1791185160000000,86214.00000000,86229.47000000,86213.24000000,86213.24000000,4.45630000,1791185219999999,384231.05237730,1948,0.77910000,67174.43167160,0
1791185220000000,86213.25000000,86229.21000000,86210.10000000,86210.11000000,2.87094000,1791185279999999,247525.91125940,1496,1.27156000,109632.07823860,0
1791185280000000,86210.10000000,86228.01000000,86210.10000000,86218.01000000,4.21750000,1791185339999999,363647.01702770,1181,2.00030000,172469.52081160,0
1791185340000000,86218.01000000,86290.01000000,86218.00000000,86290.00000000,14.55150000,1791185399999999,1255121.47236480,1801,13.99700000,1207306.92652270,0
1791185400000000,86290.01000000,86312.01000000,86286.27000000,86286.28000000,7.91480000,1791185459999999,683044.81106120,2060,3.81866000,329542.73032570,0
1791185460000000,86286.27000000,86312.01000000,86272.00000000,86292.00000000,12.09607000,1791185519999999,1043728.65832550,2198,5.90137000,509178.12372790,0
1791185520000000,86292.00000000,86317.27000000,86292.00000000,86296.01000000,5.28368000,1791185579999999,456030.41926950,1697,1.82397000,157420.76463390,0
1791185580000000,86296.00000000,86296.00000000,86264.45000000,86264.45000000,3.84330000,1791185639999999,331600.56999870,1486,0.33243000,28680.11163490,0
1791185640000000,86264.45000000,86264.46000000,86232.00000000,86232.00000000,9.31781000,1791185699999999,803620.09458020,1361,4.34094000,374374.58183000,0
1791185700000000,86232.00000000,86232.00000000,86202.00000000,86212.63000000,4.60110000,1791185759999999,396669.29648720,1557,1.43199000,123446.69723620,0
1791185760000000,86212.63000000,86225.83000000,86179.14000000,86225.83000000,8.39120000,1791185819999999,723300.13109630,2464,3.14826000,271380.32447210,0
1791185820000000,86225.82000000,86238.01000000,86225.82000000,86233.15000000,14.76223000,1791185879999999,1273003.63358530,1572,9.68132000,834854.78888590,0
1791185880000000,86233.14000000,86243.69000000,86210.16000000,86212.02000000,10.77107000,1791185939999999,928727.71529740,1818,2.81036000,242307.10483870,0
1791185940000000,86212.01000000,86256.01000000,86204.00000000,86256.01000000,9.13462000,1791185999999999,787734.23639890,1945,2.90190000,250239.15418650,0
1791186000000000,86256.00000000,86270.40000000,86239.29000000,86250.00000000,10.68986000,1791186059999999,922069.26491070,2139,2.39368000,206462.00270140,0
1791186060000000,86250.01000000,86254.01000000,86242.28000000,86254.00000000,4.94772000,1791186119999999,426720.86228680,885,2.27779000,196444.67597510,0
1791186120000000,86254.00000000,86340.05000000,86254.00000000,86340.04000000,9.96783000,1791186179999999,860148.69509130,2220,8.52893000,736005.17501460,0
1791186180000000,86340.04000000,86403.92000000,86340.04000000,86393.63000000,16.08118000,1791186239999999,1389169.21488940,1616,13.59551000,1174464.83193640,0
1791186240000000,86393.62000000,86403.85000000,86389.65000000,86389.65000000,8.19044000,1791186299999999,707653.43063690,1013,1.49399000,129083.14215790,0
1791186300000000,86389.65000000,86440.00000000,86372.91000000,86399.14000000,27.30668000,1791186359999999,2359428.64396210,2590,12.83125000,1108584.82226880,0
1791186360000000,86399.13000000,86399.14000000,86344.00000000,86368.36000000,24.11865000,1791186419999999,2083085.85352380,2464,8.24359000,711884.11387940,0
1791186420000000,86368.36000000,86368.36000000,86342.19000000,86342.20000000,3.85700000,1791186479999999,333070.06988670,1001,0.41799000,36097.89663450,0
1791186480000000,86342.19000000,86348.01000000,86318.01000000,86318.01000000,15.07779000,1791186539999999,1301736.87586610,1687,9.11429000,786860.88905710,0
1791186540000000,86318.01000000,86318.01000000,86268.12000000,86268.12000000,16.98375000,1791186599999999,1465565.38834630,1479,0.53873000,46489.83077610,0
1791186600000000,86268.12000000,86323.85000000,86261.59000000,86261.59000000,18.75882000,1791186659999999,1618639.90396990,2292,7.49541000,646754.96658690,0
1791186660000000,86261.59000000,86322.01000000,86254.00000000,86322.00000000,13.75562000,1791186719999999,1186687.93913620,1763,4.99205000,430714.55827110,0
1791186720000000,86322.01000000,86322.01000000,86260.01000000,86260.01000000,6.00382000,1791186779999999,518142.47031810,1743,0.54836000,47321.72521840,0
1791186780000000,86260.00000000,86327.67000000,86240.03000000,86318.00000000,23.00542000,1791186839999999,1984847.21820240,1974,14.43388000,1245082.99212050,0
1791186840000000,86318.00000000,86330.01000000,86294.00000000,86294.00000000,14.04319000,1791186899999999,1212098.72192350,2304,2.49692000,215524.41366000,0
1791186900000000,86294.00000000,86294.00000000,86266.03000000,86266.03000000,3.21144000,1791186959999999,277101.46195240,1122,0.75367000,65033.30469330,0
1791186960000000,86266.02000000,86266.03000000,86228.00000000,86228.00000000,6.68521000,1791187019999999,576545.09390830,1431,1.75298000,151176.00766230,0
1791187020000000,86228.01000000,86239.10000000,86223.38000000,86228.00000000,10.25998000,1791187079999999,884685.06372720,1272,6.36198000,548559.77869640,0
1791187080000000,86228.00000000,86252.01000000,86209.39000000,86209.39000000,13.46648000,1791187139999999,1161272.33003800,1768,7.17947000,619129.70222170,0
1791187140000000,86209.39000000,86252.76000000,86200.00000000,86252.76000000,12.33401000,1791187199999999,1063342.81229610,1421,7.31091000,630326.66658170,0
1791187200000000,86252.76000000,86292.00000000,86249.86000000,86253.00000000,12.92605000,1791187259999999,1115197.80143650,2149,7.18325000,619731.86556020,0
1791187260000000,86253.00000000,86259.97000000,86232.62000000,86240.01000000,5.02221000,1791187319999999,433137.67562600,1626,1.92455000,165976.02287270,0
1791187320000000,86240.01000000,86270.01000000,86240.00000000,86268.85000000,4.68316000,1791187379999999,403961.17579970,2053,2.88144000,248544.07065210,0
1791187380000000,86268.85000000,86370.01000000,86268.85000000,86370.01000000,8.49418000,1791187439999999,733262.32635240,1837,8.19315000,707276.79908770,0
1791187440000000,86370.01000000,86372.01000000,86366.00000000,86366.01000000,2.94380000,1791187499999999,254256.54640810,577,1.30877000,113038.22718790,0
1791187500000000,86366.00000000,86380.01000000,86366.00000000,86380.01000000,2.48409000,1791187559999999,214550.13973920,671,1.69400000,146310.63328820,0
1791187560000000,86380.01000000,86442.67000000,86380.00000000,86425.24000000,12.29799000,1791187619999999,1062693.36131220,1952,11.03224000,953286.49619430,0
1791187620000000,86425.24000000,86434.01000000,86380.00000000,86380.00000000,3.97820000,1791187679999999,343758.99023810,1511,0.90730000,78391.37227880,0
1791187680000000,86380.01000000,86452.76000000,86380.00000000,86452.75000000,12.58363000,1791187739999999,1087547.98589450,1868,10.41912000,900471.00319810,0
1791187740000000,86452.75000000,86498.50000000,86452.75000000,86498.49000000,13.18008000,1791187799999999,1139730.36957380,1824,5.98409000,517492.86977970,0
1791187800000000,86498.50000000,86498.50000000,86433.64000000,86433.64000000,18.15383000,1791187859999999,1569597.25214250,2568,1.93145000,166976.87248940,0
1791187860000000,86433.63000000,86433.63000000,86398.00000000,86428.01000000,6.17890000,1791187919999999,533930.97586990,2170,3.21814000,278092.03629870,0
1791187920000000,86428.01000000,86428.01000000,86408.00000000,86414.92000000,9.30408000,1791187979999999,804053.00228530,2213,3.58429000,309735.39170280,0
1791187980000000,86414.92000000,86419.73000000,86408.00000000,86408.00000000,2.54462000,1791188039999999,219898.06874240,797,0.41956000,36257.20492410,0
1791188040000000,86408.00000000,86437.98000000,86408.00000000,86430.00000000,16.75346000,1791188099999999,1447793.67390950,1861,3.09079000,267098.70864100,0
1791188100000000,86430.00000000,86430.00000000,86398.90000000,86398.91000000,4.25731000,1791188159999999,367865.02180230,1868,0.49226000,42531.81114820,0
1791188160000000,86398.91000000,86412.82000000,86398.90000000,86404.01000000,5.41945000,1791188219999999,468281.35293430,1353,1.91510000,165471.34364210,0
1791188220000000,86404.01000000,86404.01000000,86390.34000000,86390.35000000,2.74331000,1791188279999999,237027.86741170,621,0.11879000,10263.83001990,0
1791188280000000,86390.35000000,86390.35000000,86325.56000000,86325.56000000,4.94240000,1791188339999999,426843.53526720,1825,0.88672000,76589.48503290,0
1791188340000000,86325.56000000,86334.01000000,86312.83000000,86334.00000000,5.36627000,1791188399999999,463212.26891340,1668,1.81135000,156356.40951680,0
1791188400000000,86334.00000000,86334.01000000,86318.83000000,86327.68000000,3.42172000,1791188459999999,295391.65949600,906,1.41365000,122033.50091150,0
1791188460000000,86327.68000000,86358.89000000,86327.67000000,86358.89000000,5.81103000,1791188519999999,501736.28676800,1290,4.77523000,412302.18326360,0
1791188520000000,86358.89000000,86432.01000000,86358.89000000,86410.01000000,8.19257000,1791188579999999,707832.11956320,2988,4.67665000,404020.46577500,0
1791188580000000,86410.00000000,86410.00000000,86387.75000000,86408.01000000,5.49057000,1791188639999999,474368.61667680,1355,2.29242000,198048.87105100,0
1791188640000000,86408.00000000,86408.01000000,86386.70000000,86386.70000000,2.94567000,1791188699999999,254508.05261920,1235,0.41209000,35606.47846730,0
1791188700000000,86386.71000000,86386.71000000,86320.31000000,86373.32000000,11.48465000,1791188759999999,991720.07471580,2933,4.68466000,404531.51519790,0
1791188760000000,86373.31000000,86392.01000000,86372.00000000,86392.00000000,3.90135000,1791188819999999,337004.95892560,1823,1.98013000,171044.43753080,0
1791188820000000,86392.00000000,86406.01000000,86382.00000000,86406.01000000,3.82739000,1791188879999999,330666.37009910,1269,2.11703000,182900.10465920,0
1791188880000000,86406.00000000,86442.73000000,86406.00000000,86433.77000000,13.92285000,1791188939999999,1203404.84926110,2664,4.06159000,351056.03569850,0
1791188940000000,86433.76000000,86433.77000000,86422.00000000,86431.63000000,12.56104000,1791188999999999,1085640.65453730,1170,5.11544000,442103.51610120,0
1791189000000000,86431.63000000,86478.76000000,86431.63000000,86460.92000000,21.89613000,1791189059999999,1893197.97082930,3759,15.47359000,1337822.37903020,0
1791189060000000,86460.92000000,86473.39000000,86460.91000000,86473.39000000,5.38030000,1791189119999999,465193.10440650,735,1.75564000,151800.97214690,0
1791189120000000,86473.39000000,86477.07000000,86446.00000000,86446.01000000,4.83155000,1791189179999999,417754.08461560,1633,0.50252000,43451.10261240,0
1791189180000000,86446.00000000,86446.01000000,86417.67000000,86417.67000000,7.09378000,1791189239999999,613166.94470800,1283,3.12123000,269797.22396540,0
1791189240000000,86417.67000000,86417.68000000,86320.00000000,86348.00000000,13.57102000,1791189299999999,1172055.16843420,3892,5.04585000,435675.74843890,0
1791189300000000,86348.01000000,86382.01000000,86348.01000000,86372.00000000,4.52543000,1791189359999999,390889.27824540,1743,2.99793000,258944.56681150,0
1791189360000000,86372.01000000,86372.01000000,86306.08000000,86306.08000000,5.01898000,1791189419999999,433344.67910940,2408,0.32986000,28484.33966140,0
1791189420000000,86306.08000000,86334.01000000,86278.96000000,86332.00000000,8.31068000,1791189479999999,717239.60471240,3025,4.93368000,425789.89549450,0
1791189480000000,86332.01000000,86332.01000000,86282.00000000,86322.01000000,8.90094000,1791189539999999,768131.72342070,2708,2.59334000,223796.25470570,0
1791189540000000,86322.00000000,86334.04000000,86322.00000000,86324.00000000,8.62950000,1791189599999999,744971.39197830,970,2.92692000,252681.55272430,0
1791189600000000,86324.00000000,86324.01000000,86276.00000000,86276.01000000,5.69062000,1791189659999999,491160.16435710,1457,1.48871000,128508.20209570,0
1791189660000000,86276.01000000,86311.57000000,86276.00000000,86296.00000000,5.45654000,1791189719999999,470887.56280070,1706,2.74594000,236962.21355960,0
1791189720000000,86296.01000000,86297.10000000,86238.77000000,86239.99000000,9.59481000,1791189779999999,827763.98694730,2003,2.81126000,242564.55547210,0
1791189780000000,86239.99000000,86318.01000000,86239.99000000,86318.01000000,20.22095000,1791189839999999,1744404.20866230,3711,17.57068000,1515796.85929200,0
1791189840000000,86318.01000000,86322.01000000,86264.00000000,86264.01000000,6.30347000,1791189899999999,544022.83664550,2783,1.14081000,98466.84940610,0
1791189900000000,86264.00000000,86264.01000000,86150.00000000,86150.00000000,23.93486000,1791189959999999,2063325.26653070,3351,1.27641000,110081.10426010,0
1791189960000000,86150.01000000,86160.01000000,86080.00000000,86085.59000000,18.02241000,1791190019999999,1552047.22565260,6563,8.60907000,741362.05807530,0
1791190020000000,86085.59000000,86104.67000000,86060.12000000,86104.66000000,8.25940000,1791190079999999,711037.40572120,3282,4.61377000,397201.81435340,0
1791190080000000,86104.66000000,86151.27000000,86068.00000000,86147.95000000,14.16838000,1791190139999999,1220080.07067980,3524,10.00959000,862040.92719870,0
1791190140000000,86147.95000000,86258.98000000,86142.92000000,86224.01000000,26.63640000,1791190199999999,2295937.26876810,7466,20.59246000,1774900.21552990,0
1791190200000000,86224.01000000,86224.01000000,86168.00000000,86220.01000000,7.65359000,1791190259999999,659723.06732940,2825,2.35947000,203369.70034020,0
1791190260000000,86220.00000000,86260.19000000,86216.85000000,86260.18000000,8.52575000,1791190319999999,735234.43278170,2207,3.41954000,294892.43918140,0
1791190320000000,86260.18000000,86270.01000000,86240.00000000,86246.00000000,3.89047000,1791190379999999,335583.89830580,1910,1.08112000,93245.86207360,0
1791190380000000,86246.01000000,86253.40000000,86212.00000000,86212.01000000,5.00106000,1791190439999999,431277.95693800,1764,2.25234000,194249.36002470,0
1791190440000000,86212.00000000,86240.01000000,86212.00000000,86212.01000000,17.22671000,1791190499999999,1485407.01236340,2439,10.29790000,887938.22071630,0
1791190500000000,86212.00000000,86240.01000000,86212.00000000,86240.01000000,1.89443000,1791190559999999,163348.69715030,904,1.19901000,103386.13406290,0
1791190560000000,86240.00000000,86240.01000000,86212.00000000,86212.00000000,3.68653000,1791190619999999,317859.72849240,914,1.52269000,131279.33780030,0
1791190620000000,86212.01000000,86248.00000000,86212.01000000,86248.00000000,3.60347000,1791190679999999,310710.64159260,1234,3.33633000,287675.60779290,0
1791190680000000,86248.01000000,86248.01000000,86215.00000000,86226.01000000,23.12379000,1791190739999999,1994032.35582890,2425,2.35819000,203341.20136330,0
1791190740000000,86226.00000000,86248.01000000,86210.51000000,86211.00000000,49.13118000,1791190799999999,4236428.55035410,2545,4.46799000,385241.40345500,0
1791190800000000,86211.00000000,86224.01000000,86169.30000000,86169.30000000,27.82921000,1791190859999999,2399163.93216930,3106,5.22890000,450796.58156070,0
1791190860000000,86169.30000000,86194.00000000,86166.98000000,86193.99000000,22.04397000,1791190919999999,1899696.65812250,1924,2.63865000,227393.46336180,0
1791190920000000,86194.00000000,86194.00000000,86174.97000000,86181.91000000,20.72290000,1791190979999999,1785945.91232160,1667,1.64979000,142180.84661630,0
1791190980000000,86181.90000000,86181.91000000,86159.41000000,86159.42000000,22.04684000,1791191039999999,1899907.32146280,2369,1.46713000,126429.42624890,0
1791191040000000,86159.41000000,86159.41000000,86124.51000000,86124.52000000,33.24466000,1791191099999999,2863701.16722840,1917,6.20272000,534317.81068780,0
1791191100000000,86124.52000000,86149.73000000,86124.52000000,86136.04000000,27.54134000,1791191159999999,2372499.03707880,2343,4.20935000,362591.87833080,0
1791191160000000,86136.03000000,86147.13000000,86108.47000000,86108.47000000,24.33709000,1791191219999999,2096167.83175280,2330,1.39488000,120147.43300060,0
1791191220000000,86108.47000000,86112.01000000,86083.33000000,86112.01000000,23.64504000,1791191279999999,2035896.98296260,2443,3.62957000,312514.81542760,0
1791191280000000,86112.01000000,86119.28000000,86085.03000000,86098.00000000,25.66279000,1791191339999999,2209770.93858600,3594,4.21274000,362729.80964150,0
1791191340000000,86098.01000000,86112.02000000,86092.09000000,86097.17000000,22.89034000,1791191399999999,1970826.96090240,1813,2.24842000,193587.39082020,0
1791191400000000,86097.17000000,86097.17000000,86054.88000000,86054.89000000,38.87131000,1791191459999999,3345699.74723530,2497,17.43858000,1501077.69720420,0
1791191460000000,86054.89000000,86054.89000000,86044.00000000,86044.01000000,22.43237000,1791191519999999,1930313.41917730,988,1.22903000,105756.52339000,0
1791191520000000,86044.00000000,86044.01000000,85977.90000000,85980.28000000,34.01390000,1791191579999999,2925217.52363670,3917,4.87959000,419598.35010080,0
1791191580000000,85980.28000000,85998.81000000,85966.54000000,85981.13000000,29.84118000,1791191639999999,2565786.14491160,1986,10.00384000,860034.61462800,0
1791191640000000,85981.13000000,86001.00000000,85967.50000000,85967.51000000,38.01651000,1791191699999999,3269091.07529620,2102,7.94370000,683118.31811450,0
1791191700000000,85967.51000000,85986.01000000,85954.55000000,85963.65000000,32.77608000,1791191759999999,2817674.14366670,2243,8.02310000,689714.79812660,0
1791191760000000,85963.66000000,85963.66000000,85799.00000000,85802.08000000,66.73957000,1791191819999999,5731717.95729110,9260,14.42327000,1238645.75453550,0
1791191820000000,85802.08000000,85852.46000000,85776.58000000,85831.34000000,37.60048000,1791191879999999,3226570.10659390,4294,8.29302000,711645.65594580,0
1791191880000000,85831.35000000,85853.43000000,85800.12000000,85804.60000000,28.30781000,1791191939999999,2429420.02689710,3717,5.54671000,476002.58457610,0
1791191940000000,85804.59000000,85894.01000000,85801.88000000,85882.01000000,19.34012000,1791191999999999,1660089.10549470,3964,7.64362000,656146.77977050,0
1791192000000000,85882.01000000,85894.02000000,85850.00000000,85850.00000000,7.33641000,1791192059999999,630101.82803030,1657,0.85995000,73859.78871700,0
1791192060000000,85850.00000000,85892.01000000,85850.00000000,85866.00000000,15.96665000,1791192119999999,1371181.81590900,2498,2.42138000,207933.42806300,0
1791192120000000,85866.00000000,85922.51000000,85865.99000000,85922.51000000,9.32937000,1791192179999999,801334.75198930,1779,7.85330000,674546.27221550,0
1791192180000000,85922.50000000,85926.01000000,85922.50000000,85926.00000000,1.71296000,1791192239999999,147187.24804240,412,0.93526000,80362.68888760,0
1791192240000000,85926.00000000,85950.02000000,85926.00000000,85934.00000000,11.35322000,1791192299999999,975684.73177310,1622,6.42626000,552237.10919530,0
1791192300000000,85934.00000000,85934.01000000,85896.00000000,85899.01000000,6.77150000,1791192359999999,581713.93625760,1599,2.62055000,225102.45550010,0
1791192360000000,85899.01000000,85910.01000000,85873.29000000,85873.30000000,9.52617000,1791192419999999,818210.67433420,1455,3.15506000,271006.16980180,0
1791192420000000,85873.30000000,85900.00000000,85873.30000000,85900.00000000,5.96106000,1791192479999999,511981.85263270,1126,1.86339000,160036.66311020,0
1791192480000000,85900.00000000,85908.01000000,85893.24000000,85900.00000000,9.85397000,1791192539999999,846490.28750200,1435,3.77989000,324694.39658390,0
1791192540000000,85900.00000000,85908.01000000,85874.00000000,85874.01000000,10.13764000,1791192599999999,870800.38179770,1504,2.31688000,198994.07239500,0
1791192600000000,85874.00000000,85880.01000000,85874.00000000,85876.72000000,8.98075000,1791192659999999,771254.08051480,1053,2.64174000,226861.39319890,0
1791192660000000,85876.73000000,85916.01000000,85876.72000000,85916.00000000,3.87811000,1791192719999999,333104.65381970,1053,3.58802000,308186.76811730,0
1791192720000000,85916.00000000,85916.01000000,85892.50000000,85892.51000000,10.17839000,1791192779999999,874388.14668590,1041,1.50468000,129271.41116850,0
1791192780000000,85892.51000000,85894.01000000,85858.00000000,85858.01000000,17.81535000,1791192839999999,1529890.94933830,1833,3.80528000,326758.41048900,0
1791192840000000,85858.00000000,85874.32000000,85858.00000000,85874.31000000,22.26801000,1791192899999999,1911940.57186180,918,7.52379000,646028.15896990,0
1791192900000000,85874.32000000,85874.32000000,85858.99000000,85871.52000000,15.70845000,1791192959999999,1348797.18617240,1615,2.65844000,228266.63002160,0
1791192960000000,85871.52000000,85876.69000000,85871.51000000,85876.68000000,5.84956000,1791193019999999,502339.33695260,618,3.57898000,307349.68790930,0
1791193020000000,85876.69000000,85925.61000000,85876.68000000,85919.80000000,16.65090000,1791193079999999,1430492.11413300,1746,16.18785000,1390720.86119030,0
1791193080000000,85919.79000000,85970.36000000,85919.79000000,85970.36000000,3.73103000,1791193139999999,320692.31969280,2386,3.55541000,305599.87204100,0
1791193140000000,85970.36000000,85980.00000000,85956.45000000,85956.45000000,5.53227000,1791193199999999,475616.18804960,2277,1.96545000,168970.86095910,0
1791193200000000,85956.46000000,85956.46000000,85934.00000000,85956.45000000,4.25174000,1791193259999999,365420.00352920,1477,2.44855000,210441.57120560,0
1791193260000000,85956.46000000,85969.43000000,85952.00000000,85961.99000000,11.78506000,1791193319999999,1013043.48205310,1037,8.54326000,734360.17447120,0
1791193320000000,85962.00000000,85962.00000000,85930.00000000,85930.01000000,3.21384000,1791193379999999,276233.07846690,1478,1.66553000,143157.84014110,0
1791193380000000,85930.01000000,85957.67000000,85912.00000000,85957.66000000,16.94637000,1791193439999999,1456319.05374120,2286,8.34559000,717164.59325040,0
1791193440000000,85957.67000000,85990.87000000,85957.66000000,85985.49000000,10.93718000,1791193499999999,940290.28957660,2346,9.62364000,827346.32938280,0
1791193500000000,85984.12000000,85986.72000000,85976.94000000,85979.95000000,5.84816000,1791193559999999,502829.38402390,714,4.29162000,368993.63132660,0
1791193560000000,85979.94000000,85979.95000000,85938.00000000,85938.01000000,4.75071000,1791193619999999,408341.54549390,1567,1.64060000,141000.22902810,0
1791193620000000,85938.01000000,85983.21000000,85938.01000000,85976.01000000,6.92697000,1791193679999999,595532.09198470,2079,6.11896000,526061.14197410,0
1791193680000000,85976.01000000,85976.01000000,85970.00000000,85970.01000000,1.50681000,1791193739999999,129542.97945240,367,0.14287000,12282.55401130,0
1791193740000000,85970.01000000,86008.00000000,85970.00000000,86007.99000000,7.30142000,1791193799999999,627862.69585720,1991,7.08317000,609097.35242210,0
1791193800000000,86008.00000000,86008.00000000,85990.91000000,85995.54000000,2.28330000,1791193859999999,196360.01098450,1013,0.91495000,78683.21667670,0
1791193860000000,85995.55000000,86012.01000000,85995.54000000,86012.01000000,6.18061000,1791193919999999,531536.66854400,986,6.07032000,522051.28233710,0
1791193920000000,86012.00000000,86028.01000000,86012.00000000,86014.71000000,6.86947000,1791193979999999,590902.36103140,1528,5.40558000,464975.00243140,0
1791193980000000,86014.70000000,86014.71000000,86000.00000000,86000.00000000,5.94737000,1791194039999999,511496.19014460,1095,1.97721000,170053.19305410,0
1791194040000000,86000.00000000,86000.01000000,85976.00000000,85984.99000000,4.27609000,1791194099999999,367681.21056520,731,1.85612000,159593.44945910,0
1791194100000000,85984.98000000,86000.00000000,85984.98000000,85994.00000000,2.57295000,1791194159999999,221249.51135470,856,2.15906000,185656.66330480,0
1791194160000000,85994.00000000,85994.01000000,85976.00000000,85976.01000000,1.56033000,1791194219999999,134163.36524650,670,0.28384000,24404.31530820,0
1791194220000000,85976.01000000,85976.01000000,85975.96000000,85975.97000000,0.38475000,1791194279999999,33079.26230580,255,0.19023000,16355.21470310,0
1791194280000000,85975.97000000,85975.97000000,85975.96000000,85975.97000000,0.49717000,1791194339999999,42744.67159670,166,0.35635000,30637.53690950,0
1791194340000000,85975.96000000,85975.97000000,85970.22000000,85970.99000000,3.01677000,1791194399999999,259356.86954140,506,0.55778000,47952.80126980,0
1791194400000000,85970.99000000,85976.00000000,85970.99000000,85975.96000000,6.52317000,1791194459999999,560826.45842810,729,5.08400000,437092.96004080,0
1791194460000000,85975.96000000,85995.14000000,85960.00000000,85995.14000000,9.28466000,1791194519999999,798228.22712470,1711,7.92788000,681587.11362640,0
1791194520000000,85995.15000000,86044.01000000,85995.15000000,86026.00000000,11.06594000,1791194579999999,951922.31089970,2174,9.91074000,852531.95655750,0
1791194580000000,86026.00000000,86060.00000000,86026.00000000,86050.00000000,11.22159000,1791194639999999,965509.32514110,1884,10.45062000,899172.14202270,0
1791194640000000,86050.00000000,86050.00000000,86030.00000000,86039.99000000,9.13607000,1791194699999999,786064.50438530,1802,7.03089000,604927.76979370,0
1791194700000000,86039.99000000,86062.31000000,86038.00000000,86038.00000000,7.94257000,1791194759999999,683446.70257670,1873,4.92334000,423650.42668460,0
1791194760000000,86038.00000000,86067.80000000,86034.00000000,86067.80000000,4.92557000,1791194819999999,423848.62751200,1503,4.59544000,395444.78052960,0
1791194820000000,86067.80000000,86086.01000000,86058.00000000,86058.01000000,4.98655000,1791194879999999,429200.39651020,1353,2.85633000,245852.94108120,0
1791194880000000,86058.00000000,86058.01000000,86040.00000000,86058.01000000,4.21528000,1791194939999999,362720.85514130,1507,2.40847000,207253.35154900,0
1791194940000000,86058.00000000,86060.00000000,86040.00000000,86040.01000000,7.61368000,1791194999999999,655197.18297280,1128,4.91983000,423385.78899760,0
1791195000000000,86040.00000000,86078.00000000,86034.00000000,86060.98000000,7.69361000,1791195059999999,662073.18491220,2348,5.96522000,513332.68555570,0
1791195060000000,86060.98000000,86060.99000000,85996.00000000,86014.01000000,5.75820000,1791195119999999,495342.13912110,1954,1.29195000,111115.40180360,0
1791195120000000,86014.01000000,86026.01000000,86014.01000000,86026.01000000,1.31771000,1791195179999999,113350.93663670,893,0.92565000,79624.88044630,0
1791195180000000,86026.01000000,86026.44000000,85984.00000000,85984.01000000,3.68895000,1791195239999999,317298.03748550,1334,1.42018000,122169.42585710,0
1791195240000000,85984.01000000,86030.01000000,85984.01000000,86030.00000000,20.35557000,1791195299999999,1751022.46709030,1638,8.53714000,734333.37384210,0
1791195300000000,86030.01000000,86048.01000000,86030.00000000,86048.01000000,5.64607000,1791195359999999,485792.28769580,1082,4.22699000,363694.72218220,0
1791195360000000,86048.01000000,86048.01000000,86043.18000000,86043.19000000,0.94275000,1791195419999999,81120.52780470,415,0.50269000,43254.73251630,0
1791195420000000,86043.18000000,86062.01000000,86043.18000000,86062.01000000,2.45316000,1791195479999999,211105.18594150,867,1.98558000,170867.99073530,0
1791195480000000,86062.01000000,86085.29000000,86062.00000000,86062.01000000,5.25901000,1791195539999999,452650.73835440,1909,3.67082000,315946.20080290,0
1791195540000000,86062.01000000,86081.65000000,86062.00000000,86072.15000000,5.96158000,1791195599999999,513131.57997400,1652,4.85776000,418119.65057970,0
1791195600000000,86072.16000000,86090.00000000,86072.15000000,86089.07000000,1.82319000,1791195659999999,156941.30010460,1019,1.49723000,128881.46388330,0
1791195660000000,86089.07000000,86089.08000000,86062.00000000,86062.00000000,2.54980000,1791195719999999,219483.51842260,1080,0.38092000,32790.19311620,0
1791195720000000,86062.01000000,86062.01000000,86037.98000000,86037.98000000,5.14817000,1791195779999999,443035.15590200,1424,2.00848000,172841.76758110,0
1791195780000000,86037.99000000,86060.00000000,86030.00000000,86060.00000000,46.27847000,1791195839999999,3982012.69383460,2018,14.78821000,1272355.89241140,0
1791195840000000,86059.99000000,86110.51000000,86059.99000000,86110.51000000,13.41303000,1791195899999999,1154699.03723830,1807,12.80074000,1101983.62599270,0
1791195900000000,86110.50000000,86129.08000000,86110.50000000,86129.00000000,3.65301000,1791195959999999,314603.80329730,928,2.91109000,250714.17528260,0
1791195960000000,86128.99000000,86153.84000000,86128.99000000,86153.83000000,5.70424000,1791196019999999,491376.01927140,1274,4.60482000,396668.63147060,0
1791196020000000,86153.84000000,86153.84000000,86108.01000000,86108.02000000,7.45175000,1791196079999999,641899.57691820,1803,4.63714000,399462.06409900,0
1791196080000000,86108.02000000,86119.93000000,86108.01000000,86116.00000000,2.81901000,1791196139999999,242760.87070240,736,1.60020000,137799.80743770,0
1791196140000000,86116.01000000,86116.01000000,86064.78000000,86064.78000000,10.88291000,1791196199999999,937077.91488340,1530,2.88334000,248298.86086090,0
1791196200000000,86064.78000000,86064.79000000,86056.80000000,86056.80000000,3.54278000,1791196259999999,304899.11675920,1087,0.51929000,44691.08805540,0
1791196260000000,86056.80000000,86056.80000000,86022.74000000,86022.75000000,6.98743000,1791196319999999,601231.54741240,1418,1.26387000,108733.41903820,0
1791196320000000,86022.75000000,86052.01000000,86015.36000000,86041.04000000,16.81466000,1791196379999999,1446569.16997440,2963,10.75220000,925027.59931640,0
1791196380000000,86041.04000000,86060.00000000,86011.25000000,86059.99000000,20.22565000,1791196439999999,1739918.95928820,1825,10.58438000,910499.87291690,0
1791196440000000,86060.00000000,86130.01000000,86059.99000000,86100.00000000,19.26156000,1791196499999999,1658529.44993950,3463,7.07507000,609177.41371900,0
1791196500000000,86100.01000000,86112.01000000,86078.25000000,86112.00000000,10.45583000,1791196559999999,900249.20310190,1982,3.12931000,269423.93198290,0
1791196560000000,86112.01000000,86119.78000000,86089.14000000,86090.01000000,8.31189000,1791196619999999,715720.60112590,1596,3.62096000,311803.77434320,0
1791196620000000,86090.00000000,86106.01000000,86052.00000000,86052.02000000,5.92704000,1791196679999999,510228.28712880,2145,2.10396000,181138.56939210,0
1791196680000000,86052.02000000,86062.49000000,86032.61000000,86050.01000000,10.63286000,1791196739999999,914961.62376440,1930,5.24667000,451467.00107320,0
1791196740000000,86050.01000000,86054.01000000,86049.99000000,86054.00000000,6.02216000,1791196799999999,518210.89840890,515,4.76852000,410335.11005030,0
1791196800000000,86054.01000000,86078.01000000,86054.00000000,86076.63000000,4.30919000,1791196859999999,370862.78672110,1085,3.35457000,288697.30334350,0
1791196860000000,86076.63000000,86076.63000000,86026.00000000,86026.00000000,4.72752000,1791196919999999,406817.13180640,1433,0.48560000,41779.36009200,0
1791196920000000,86026.00000000,86032.01000000,86026.00000000,86032.01000000,2.69038000,1791196979999999,231451.42584900,975,1.99142000,171320.13691780,0
1791196980000000,86032.00000000,86034.01000000,86032.00000000,86034.00000000,1.98782000,1791197039999999,171019.73048920,562,1.27672000,109841.05706920,0
1791197040000000,86034.00000000,86034.01000000,86030.85000000,86030.86000000,4.82483000,1791197099999999,415091.63078330,544,2.62392000,225740.31646470,0
1791197100000000,86030.86000000,86060.93000000,86020.00000000,86060.93000000,9.42604000,1791197159999999,811058.99570690,2521,7.31760000,629650.42679630,0
1791197160000000,86060.92000000,86096.02000000,86060.92000000,86096.01000000,3.13019000,1791197219999999,269442.09596610,1507,2.01636000,173567.24205290,0
1791197220000000,86096.02000000,86105.56000000,86096.02000000,86105.56000000,2.46058000,1791197279999999,211856.34772500,657,1.40746000,121182.79183990,0
1791197280000000,86105.55000000,86125.45000000,86105.55000000,86125.44000000,2.43092000,1791197339999999,209345.94295000,982,1.56807000,135039.12885430,0
1791197340000000,86125.45000000,86125.45000000,86110.00000000,86110.01000000,2.84812000,1791197399999999,245270.60716880,800,1.38926000,119634.88925100,0
1791197400000000,86110.01000000,86111.39000000,86108.53000000,86108.54000000,1.69349000,1791197459999999,145828.25639930,430,1.20578000,103831.04265580,0
1791197460000000,86108.54000000,86108.54000000,86096.49000000,86096.49000000,4.29136000,1791197519999999,369497.10758750,592,1.88856000,162608.10064800,0
1791197520000000,86096.50000000,86096.50000000,86079.56000000,86079.57000000,3.73245000,1791197579999999,321324.34219620,939,0.51978000,44748.18040460,0
1791197580000000,86079.57000000,86084.84000000,86079.56000000,86084.83000000,1.47660000,1791197639999999,127109.85039840,376,1.16927000,100653.44670760,0
1791197640000000,86084.84000000,86162.00000000,86084.83000000,86124.00000000,9.17715000,1791197699999999,790509.74855770,3105,7.41714000,638903.01693550,0
1791197700000000,86124.01000000,86206.01000000,86124.00000000,86179.99000000,10.83481000,1791197759999999,933710.35681740,4077,8.27134000,712764.80580030,0
1791197760000000,86180.00000000,86180.00000000,86145.97000000,86145.97000000,3.98492000,1791197819999999,343370.69785440,1456,1.72065000,148269.75580210,0
1791197820000000,86145.97000000,86158.01000000,86130.16000000,86130.17000000,3.35297000,1791197879999999,288843.62118230,1139,1.19148000,102641.80936250,0
1791197880000000,86130.16000000,86130.17000000,86117.14000000,86117.14000000,1.76662000,1791197939999999,152148.46605740,572,0.71534000,61607.39362140,0
1791197940000000,86117.14000000,86117.15000000,86117.14000000,86117.14000000,4.13662000,1791197999999999,356233.89721660,291,1.35498000,116687.01590700,0
1791198000000000,86117.15000000,86117.15000000,86065.28000000,86094.00000000,7.46405000,1791198059999999,642510.23306070,2343,2.34267000,201640.95747180,0
1791198060000000,86094.00000000,86094.01000000,86080.00000000,86080.01000000,2.05315000,1791198119999999,176739.89250480,692,1.01059000,86991.90713590,0
1791198120000000,86080.00000000,86080.01000000,86046.92000000,86046.93000000,5.31770000,1791198179999999,457638.26926480,1568,0.93061000,80090.64069970,0
1791198180000000,86046.92000000,86046.93000000,86002.04000000,86002.04000000,11.14303000,1791198239999999,958553.65241930,2173,0.19269000,16576.61201210,0
1791198240000000,86002.05000000,86002.05000000,85935.09000000,85943.56000000,20.09316000,1791198299999999,1727552.10838210,2514,4.14891000,356628.57486960,0
1791198300000000,85943.56000000,85972.01000000,85943.55000000,85972.01000000,5.34370000,1791198359999999,459318.33854570,1308,4.36409000,375112.35719980,0
1791198360000000,85972.00000000,85989.33000000,85968.33000000,85989.33000000,4.60287000,1791198419999999,395740.03460560,1216,3.82750000,329070.30905490,0
1791198420000000,85989.32000000,85998.01000000,85979.26000000,85979.27000000,13.47770000,1791198479999999,1159041.78544520,1201,11.57267000,995218.29854400,0
1791198480000000,85979.26000000,85979.27000000,85933.00000000,85933.00000000,21.03867000,1791198539999999,1808265.18892280,1362,7.41628000,637447.75950540,0
1791198540000000,85933.00000000,85948.00000000,85933.00000000,85948.00000000,1.39916000,1791198599999999,120242.49218760,669,0.92006000,79068.58204370,0
1791198600000000,85948.00000000,85948.00000000,85947.99000000,85948.00000000,3.31645000,1791198659999999,285042.21540940,247,0.39739000,34154.87572000,0
1791198660000000,85948.00000000,85948.00000000,85910.69000000,85946.00000000,7.04366000,1791198719999999,605285.18645460,2308,3.53874000,304086.43162630,0
1791198720000000,85946.01000000,85946.01000000,85932.60000000,85940.00000000,2.11749000,1791198779999999,181977.51178250,882,1.07848000,92685.82986910,0
1791198780000000,85940.00000000,85947.94000000,85932.61000000,85947.86000000,2.32688000,1791198839999999,199969.68065740,1199,1.23755000,106355.84397230,0
1791198840000000,85947.86000000,85953.00000000,85947.85000000,85947.88000000,7.29229000,1791198899999999,626782.70407170,623,2.12498000,182643.40041300,0
1791198900000000,85947.87000000,85975.01000000,85947.87000000,85975.01000000,3.15288000,1791198959999999,271030.66598350,1139,2.60768000,224161.36760310,0
1791198960000000,85975.01000000,85977.04000000,85954.48000000,85966.81000000,3.04256000,1791199019999999,261558.40349080,1128,1.91195000,164360.31238420,0
1791199020000000,85966.80000000,85987.99000000,85966.80000000,85987.99000000,2.93535000,1791199079999999,252383.60502640,1077,1.83029000,157368.75134640,0
1791199080000000,85987.99000000,86009.89000000,85987.99000000,86009.88000000,6.75054000,1791199139999999,580526.08607850,1039,6.19590000,532825.53037550,0
1791199140000000,86009.88000000,86013.66000000,86006.00000000,86013.65000000,2.50646000,1791199199999999,215585.93416430,922,1.02870000,88479.46615300,0
1791199200000000,86013.65000000,86029.68000000,86013.65000000,86029.67000000,4.13992000,1791199259999999,356138.48982270,717,2.99387000,257546.02232050,0
1791199260000000,86029.68000000,86029.68000000,86015.78000000,86015.79000000,2.64403000,1791199319999999,227458.00149860,764,0.64452000,55446.84136650,0
1791199320000000,86015.78000000,86015.79000000,86007.40000000,86012.50000000,2.71849000,1791199379999999,233824.01873420,735,1.31060000,112726.45174760,0
1791199380000000,86012.50000000,86025.60000000,86012.50000000,86025.60000000,2.20053000,1791199439999999,189291.94538290,793,1.39772000,120230.19987130,0
1791199440000000,86025.60000000,86025.60000000,86018.00000000,86023.91000000,1.96445000,1791199499999999,168982.36878350,568,1.26443000,108765.35649080,0
1791199500000000,86023.92000000,86059.29000000,86023.91000000,86059.29000000,2.99309000,1791199559999999,257530.46143150,1886,2.27083000,195377.71423600,0
1791199560000000,86059.29000000,86064.00000000,86059.28000000,86064.00000000,1.65553000,1791199619999999,142476.13401880,509,1.43791000,123747.77976990,0
1791199620000000,86064.00000000,86194.08000000,86063.99000000,86192.00000000,24.29013000,1791199679999999,2092348.72574760,6019,21.72265000,1871146.83160790,0
1791199680000000,86192.01000000,86220.01000000,86162.00000000,86220.01000000,6.44697000,1791199739999999,555643.79688810,3264,3.43087000,295711.41423630,0
1791199740000000,86220.01000000,86220.01000000,86202.00000000,86210.01000000,5.65618000,1791199799999999,487642.17970400,1077,2.61033000,225047.95115530,0
1791199800000000,86210.01000000,86270.01000000,86170.00000000,86200.00000000,9.13892000,1791199859999999,788019.80950990,5028,4.86629000,419600.65031510,0
1791199860000000,86200.00000000,86218.01000000,86194.00000000,86211.88000000,3.35129000,1791199919999999,288888.44212680,1301,1.83517000,158195.57022020,0
1791199920000000,86211.89000000,86214.00000000,86170.00000000,86170.01000000,12.61743000,1791199979999999,1087755.60669640,1418,0.51281000,44204.97557750,0
1791199980000000,86170.01000000,86176.92000000,86150.00000000,86161.59000000,7.29230000,1791200039999999,628366.38847430,1562,2.18472000,188249.36331550,0
1791200040000000,86161.59000000,86162.01000000,86132.00000000,86132.00000000,5.37143000,1791200099999999,462746.52153910,1921,2.52476000,217508.61572730,0
1791200100000000,86132.01000000,86132.01000000,86107.98000000,86107.98000000,2.05942000,1791200159999999,177359.99267270,636,0.34048000,29323.24479230,0
1791200160000000,86107.98000000,86118.01000000,86079.31000000,86118.00000000,3.01884000,1791200219999999,259904.91422630,1981,1.57643000,135721.10616040,0
1791200220000000,86118.01000000,86143.98000000,86118.00000000,86143.97000000,8.15021000,1791200279999999,701990.83468260,981,7.88086000,678791.97586070,0
1791200280000000,86143.98000000,86143.98000000,86069.60000000,86069.60000000,10.54222000,1791200339999999,907679.29049150,1785,0.82674000,71199.11928020,0
1791200340000000,86069.60000000,86078.01000000,86069.60000000,86078.01000000,12.67242000,1791200399999999,1090711.94385500,782,4.87728000,419787.07450310,0
1791200400000000,86078.00000000,86114.01000000,86076.00000000,86114.00000000,9.25854000,1791200459999999,797041.13536230,1517,7.54220000,649283.84680290,0
1791200460000000,86114.00000000,86162.00000000,86096.90000000,86146.00000000,15.32556000,1791200519999999,1319998.08001480,3015,8.02605000,691203.00285800,0
1791200520000000,86146.01000000,86156.01000000,86130.00000000,86144.01000000,12.90540000,1791200579999999,1111754.36667260,1772,4.56731000,393419.36673760,0
1791200580000000,86144.01000000,86144.01000000,86112.00000000,86118.76000000,7.40839000,1791200639999999,638082.34049580,2439,1.41925000,122234.56596740,0
1791200640000000,86118.76000000,86118.76000000,86062.50000000,86078.01000000,13.44910000,1791200699999999,1157936.17491460,2256,2.90036000,249680.05866220,0
1791200700000000,86078.01000000,86078.01000000,86060.00000000,86077.42000000,3.88308000,1791200759999999,334212.72992020,1613,1.84021000,158386.71015330,0
1791200760000000,86077.41000000,86077.41000000,86042.00000000,86042.01000000,4.41690000,1791200819999999,380104.43844330,1713,1.03296000,88894.59957620,0
1791200820000000,86042.00000000,86060.01000000,86042.00000000,86060.00000000,1.51717000,1791200879999999,130551.44479050,1008,1.31293000,112976.32493050,0
1791200880000000,86060.01000000,86066.01000000,86060.00000000,86066.01000000,0.88386000,1791200939999999,76069.62649080,588,0.56109000,48290.14107080,0
1791200940000000,86066.01000000,86077.31000000,86066.00000000,86077.31000000,2.41831000,1791200999999999,208144.45737900,614,1.81816000,156485.88740200,0
1791201000000000,86077.31000000,86077.31000000,86060.13000000,86060.13000000,3.42134000,1791201059999999,294487.96645880,1247,1.34198000,115511.84936770,0
1791201060000000,86060.13000000,86060.14000000,86027.45000000,86027.46000000,3.64402000,1791201119999999,313532.25601220,1549,0.49343000,42458.04289630,0
1791201120000000,86027.46000000,86057.55000000,86027.45000000,86057.55000000,2.10336000,1791201179999999,180965.20364240,1384,1.70766000,146923.12439920,0
1791201180000000,86057.55000000,86067.33000000,86050.00000000,86050.01000000,5.21884000,1791201239999999,449134.50703890,1351,3.31653000,285425.31742670,0
1791201240000000,86050.00000000,86051.34000000,86050.00000000,86051.34000000,1.59596000,1791201299999999,137333.82510530,645,1.20110000,103355.61735700,0
1791201300000000,86051.33000000,86089.79000000,86051.33000000,86089.78000000,8.49010000,1791201359999999,730739.43798930,1939,6.97898000,600671.90413740,0
1791201360000000,86089.78000000,86139.20000000,86089.78000000,86139.19000000,3.61613000,1791201419999999,311429.98732750,2225,2.59933000,223854.70347590,0
1791201420000000,86139.19000000,86164.00000000,86139.19000000,86163.99000000,4.54461000,1791201479999999,391539.10998560,1749,3.22900000,278195.42337610,0
1791201480000000,86164.00000000,86233.53000000,86163.99000000,86228.01000000,15.30178000,1791201539999999,1319112.00450080,2751,11.29622000,973759.77633190,0
1791201540000000,86228.01000000,86233.53000000,86206.21000000,86216.00000000,8.11481000,1791201599999999,699658.76095010,2253,4.59490000,396155.49006180,0
1791201600000000,86216.01000000,86216.01000000,86152.95000000,86166.57000000,12.44987000,1791201659999999,1072964.39475370,2756,5.27179000,454308.24882340,0
1791201660000000,86166.57000000,86188.01000000,86164.00000000,86164.01000000,7.43499000,1791201719999999,640734.04877860,1873,5.23023000,450737.78156420,0
1791201720000000,86164.00000000,86185.45000000,86143.82000000,86154.01000000,5.61482000,1791201779999999,483816.48332450,2419,1.60940000,138673.03991030,0
1791201780000000,86154.00000000,86180.01000000,86154.00000000,86164.00000000,2.68057000,1791201839999999,230974.61550490,1662,1.21026000,104279.31908820,0
1791201840000000,86164.01000000,86164.01000000,86148.00000000,86150.00000000,2.35342000,1791201899999999,202757.06600010,1021,0.87386000,75284.76265320,0
1791201900000000,86150.01000000,86191.99000000,86144.00000000,86190.00000000,8.06914000,1791201959999999,695213.88027560,1718,5.21439000,449241.84105440,0
1791201960000000,86190.00000000,86190.01000000,86150.00000000,86150.01000000,3.15362000,1791202019999999,271741.73111060,1679,0.33897000,29206.75556030,0
1791202020000000,86150.01000000,86150.01000000,86134.64000000,86134.65000000,4.27088000,1791202079999999,367900.28955060,1038,0.45900000,39538.23067800,0
1791202080000000,86134.64000000,86134.65000000,86119.34000000,86128.01000000,6.09646000,1791202139999999,525053.86679100,1085,1.06826000,91999.97142490,0
1791202140000000,86128.01000000,86128.01000000,86110.16000000,86110.17000000,3.58714000,1791202199999999,308920.52658990,883,0.36943000,31816.87621590,0
1791202200000000,86110.16000000,86127.99000000,86100.00000000,86100.00000000,9.52975000,1791202259999999,820557.06743130,1553,6.04569000,520552.84116810,0
1791202260000000,86100.01000000,86113.40000000,86094.86000000,86099.01000000,10.95270000,1791202319999999,943059.89913890,1696,2.46984000,212656.40570700,0
1791202320000000,86099.01000000,86128.01000000,86099.00000000,86128.01000000,2.34713000,1791202379999999,202115.34865110,1305,2.06643000,177943.56968610,0
1791202380000000,86128.00000000,86136.01000000,86128.00000000,86136.00000000,2.15433000,1791202439999999,185556.06983330,879,1.74101000,149956.96170390,0
1791202440000000,86136.00000000,86145.71000000,86136.00000000,86145.70000000,2.60976000,1791202499999999,224810.58752990,787,1.55854000,134256.94766010,0
1791202500000000,86145.70000000,86152.01000000,86110.36000000,86110.36000000,4.28942000,1791202559999999,369489.93087350,2208,0.89255000,76886.84302440,0
1791202560000000,86110.36000000,86135.85000000,86110.36000000,86135.84000000,2.72209000,1791202619999999,234411.20102170,1125,1.23272000,106159.39682510,0
1791202620000000,86135.85000000,86141.98000000,86124.00000000,86141.97000000,1.92581000,1791202679999999,165879.59541690,1080,0.76323000,65739.45891380,0
1791202680000000,86141.97000000,86141.98000000,86110.36000000,86110.57000000,3.00286000,1791202739999999,258621.45315340,1379,0.77794000,66995.56333150,0
1791202740000000,86110.57000000,86120.00000000,86110.56000000,86119.99000000,2.10315000,1791202799999999,181108.31268300,852,1.73160000,149112.49943190,0
1791202800000000,86120.00000000,86120.00000000,86100.05000000,86107.44000000,3.23139000,1791202859999999,278259.49063940,1667,1.32929000,114466.01634370,0
1791202860000000,86107.44000000,86107.44000000,86100.00000000,86100.01000000,1.85382000,1791202919999999,159618.68677830,770,0.28906000,24888.71638950,0
1791202920000000,86100.00000000,86131.60000000,86091.80000000,86131.59000000,16.71152000,1791202979999999,1438903.04768750,2444,7.29559000,628189.36520170,0
1791202980000000,86131.60000000,86131.60000000,86058.14000000,86058.15000000,13.14216000,1791203039999999,1131458.05382860,2885,0.40458000,34837.92531320,0
1791203040000000,86058.15000000,86058.15000000,86036.72000000,86036.72000000,5.19006000,1791203099999999,446584.55457200,1455,0.39725000,34183.54119110,0
1791203100000000,86036.73000000,86061.21000000,86033.66000000,86058.00000000,6.55162000,1791203159999999,563747.85584050,2946,4.13841000,356085.51008760,0
1791203160000000,86058.01000000,86070.70000000,86052.00000000,86070.70000000,3.95524000,1791203219999999,340373.40483420,1015,2.92908000,252063.83856650,0
1791203220000000,86070.70000000,86080.01000000,86070.69000000,86080.01000000,2.51363000,1791203279999999,216361.27816380,714,1.83267000,157744.74978290,0
1791203280000000,86080.00000000,86080.01000000,86064.00000000,86064.00000000,2.53663000,1791203339999999,218336.92661430,921,0.41616000,35820.41212040,0
1791203340000000,86064.00000000,86064.00000000,86050.00000000,86050.00000000,2.58772000,1791203399999999,222684.45453090,887,0.75787000,65217.52837330,0
1791203400000000,86050.01000000,86050.01000000,86010.00000000,86018.33000000,8.57509000,1791203459999999,737677.89575220,2033,1.54081000,132533.35508500,0
1791203460000000,86018.33000000,86018.33000000,86006.12000000,86006.12000000,2.47725000,1791203519999999,213077.61196150,902,0.85094000,73192.71426210,0
1791203520000000,86006.13000000,86012.01000000,85993.64000000,85993.64000000,7.35615000,1791203579999999,632644.00734630,1880,1.69925000,146138.57668170,0
1791203580000000,85993.65000000,85993.65000000,85975.10000000,85980.00000000,3.86623000,1791203639999999,332417.01304080,1252,1.33727000,114976.25173460,0
1791203640000000,85980.00000000,85980.01000000,85867.89000000,85926.00000000,27.19977000,1791203699999999,2336520.90876610,4993,8.66293000,744068.41899160,0
1791203700000000,85926.01000000,85968.72000000,85926.00000000,85968.71000000,8.07531000,1791203759999999,694110.59633560,1416,5.35937000,460634.22755880,0
1791203760000000,85968.72000000,85968.72000000,85962.00000000,85964.00000000,2.70680000,1791203819999999,232687.59473390,869,0.45027000,38706.45476630,0
1791203820000000,85964.01000000,85981.68000000,85916.00000000,85916.01000000,5.51145000,1791203879999999,473753.40137860,2791,1.58264000,136034.32738410,0
1791203880000000,85916.01000000,85916.01000000,85844.00000000,85851.31000000,11.85457000,1791203939999999,1017978.75327110,4081,3.42071000,293764.88372710,0
1791203940000000,85851.31000000,85882.01000000,85851.31000000,85882.00000000,5.93252000,1791203999999999,509409.45314820,1374,4.37077000,375286.76774980,0
1791204000000000,85882.01000000,85888.01000000,85867.11000000,85884.01000000,5.76410000,1791204059999999,495012.18728560,1715,2.90398000,249393.91674670,0
1791204060000000,85884.01000000,85886.01000000,85883.86000000,85886.01000000,6.07406000,1791204119999999,521665.39578740,561,0.69709000,59869.28631350,0
1791204120000000,85886.01000000,85891.92000000,85886.00000000,85890.00000000,1.35434000,1791204179999999,116323.35166670,720,0.64659000,55535.43316800,0
1791204180000000,85890.00000000,85940.26000000,85890.00000000,85924.01000000,7.38028000,1791204239999999,634103.04841770,2790,4.71585000,405156.42226920,0
1791204240000000,85924.00000000,85942.01000000,85910.00000000,85910.01000000,6.62090000,1791204299999999,568915.92177860,2328,3.51357000,301913.89595340,0
1791204300000000,85910.00000000,85910.01000000,85890.00000000,85910.00000000,4.64934000,1791204359999999,399369.83004410,1707,1.31324000,112805.90962360,0
1791204360000000,85910.00000000,85940.01000000,85888.00000000,85888.01000000,12.48918000,1791204419999999,1072881.80306320,2532,4.53511000,389575.51819690,0
1791204420000000,85888.00000000,85912.01000000,85871.42000000,85912.01000000,13.56974000,1791204479999999,1165437.85323750,2323,2.46962000,212113.05240290,0
1791204480000000,85912.01000000,85912.01000000,85863.89000000,85863.90000000,3.92470000,1791204539999999,337059.59940580,1599,1.00206000,86058.73871450,0
1791204540000000,85863.90000000,85889.60000000,85857.14000000,85889.60000000,4.98928000,1791204599999999,428401.60800400,2120,2.74662000,235839.04115450,0
1791204600000000,85889.59000000,85928.01000000,85886.01000000,85928.01000000,5.15690000,1791204659999999,442982.94608000,2164,3.52912000,303172.28230730,0
1791204660000000,85928.01000000,85957.39000000,85928.00000000,85950.00000000,4.16789000,1791204719999999,358231.77798210,1354,2.05647000,176745.10975920,0
1791204720000000,85950.00000000,85982.01000000,85914.00000000,85914.01000000,7.59035000,1791204779999999,652427.19000560,3358,4.01015000,344696.81429760,0
1791204780000000,85914.01000000,85914.01000000,85868.00000000,85892.01000000,10.95847000,1791204839999999,941217.37295610,2192,2.35468000,202221.63465640,0
1791204840000000,85892.00000000,85915.55000000,85892.00000000,85915.54000000,2.53654000,1791204899999999,217893.70497360,1028,1.48860000,127876.94398990,0
1791204900000000,85915.55000000,85916.01000000,85886.00000000,85886.00000000,3.98107000,1791204959999999,341991.84621100,1242,0.53901000,46303.37677920,0
1791204960000000,85886.00000000,85896.01000000,85875.26000000,85881.61000000,5.94388000,1791205019999999,510486.67343770,1633,3.05799000,262626.89653050,0
1791205020000000,85881.61000000,85899.20000000,85881.60000000,85895.99000000,6.82861000,1791205079999999,586550.38095690,1491,1.78567000,153371.99364210,0
1791205080000000,85895.98000000,85919.86000000,85895.98000000,85906.00000000,4.90356000,1791205139999999,421281.54295140,1297,2.73255000,234755.57949840,0
1791205140000000,85906.01000000,85906.01000000,85904.00000000,85904.01000000,0.69894000,1791205199999999,60041.95537110,373,0.19224000,16514.26390240,0
1791205200000000,85904.00000000,85977.61000000,85904.00000000,85977.60000000,5.45006000,1791205259999999,468405.36811080,2471,4.75230000,408435.26681330,0
1791205260000000,85977.61000000,86013.29000000,85977.60000000,86013.29000000,6.83553000,1791205319999999,587811.45231070,1773,5.12147000,440417.77954170,0
1791205320000000,86013.28000000,86027.24000000,86013.28000000,86027.23000000,4.28046000,1791205379999999,368213.72069350,1161,3.45562000,297259.87587510,0
1791205380000000,86027.24000000,86068.01000000,86027.23000000,86068.01000000,4.35551000,1791205439999999,374769.43314490,1479,4.04233000,347822.69997720,0
1791205440000000,86068.01000000,86100.00000000,86068.00000000,86092.00000000,4.07966000,1791205499999999,351214.82327080,1191,2.09809000,180610.52271780,0
1791205500000000,86092.01000000,86114.43000000,86076.00000000,86114.00000000,5.51484000,1791205559999999,474836.82079470,1777,3.80846000,327919.89026020,0
1791205560000000,86114.01000000,86114.01000000,86064.00000000,86076.01000000,7.57945000,1791205619999999,652485.23930020,3023,2.22606000,191615.35723040,0
1791205620000000,86076.01000000,86088.01000000,86044.00000000,86069.33000000,6.45181000,1791205679999999,555266.64505630,2267,2.59668000,223474.13195750,0
1791205680000000,86069.32000000,86090.01000000,86066.66000000,86090.01000000,6.53350000,1791205739999999,562386.98444670,1794,2.53060000,217820.42736380,0
1791205740000000,86090.00000000,86116.81000000,86090.00000000,86116.81000000,6.20873000,1791205799999999,534566.63748540,1741,3.86657000,332908.57073660,0
1791205800000000,86116.81000000,86125.51000000,86112.00000000,86112.01000000,4.41420000,1791205859999999,380153.85442690,1259,1.96303000,169056.86185260,0
1791205860000000,86112.01000000,86132.01000000,86110.00000000,86132.01000000,4.55701000,1791205919999999,392456.72693790,1640,3.72659000,320943.28124050,0
1791205920000000,86132.00000000,86143.58000000,86132.00000000,86143.58000000,5.44724000,1791205979999999,469187.81342820,818,2.00367000,172585.35293620,0
1791205980000000,86143.57000000,86143.58000000,86138.72000000,86140.00000000,4.77472000,1791206039999999,411303.61921350,694,1.97134000,169813.71636760,0
1791206040000000,86140.01000000,86148.01000000,86124.41000000,86128.79000000,3.98701000,1791206099999999,343446.17145060,1055,1.67680000,144438.16694900,0
1791206100000000,86128.79000000,86128.80000000,86100.00000000,86100.00000000,5.44079000,1791206159999999,468526.47631690,1225,0.34616000,29806.26645150,0
1791206160000000,86100.01000000,86134.00000000,86100.00000000,86133.99000000,2.28052000,1791206219999999,196381.14011980,1156,1.86693000,160767.07316250,0
1791206220000000,86133.99000000,86183.86000000,86133.99000000,86183.85000000,5.96371000,1791206279999999,513848.56243030,1447,4.73071000,407609.42718460,0
1791206280000000,86183.85000000,86212.81000000,86178.00000000,86178.00000000,9.07818000,1791206339999999,782554.68307110,2066,4.92007000,424112.25863960,0
1791206340000000,86178.01000000,86180.01000000,86172.00000000,86172.01000000,3.95007000,1791206399999999,340398.18478640,940,0.87438000,75349.71511930,0
1791206400000000,86172.00000000,86184.91000000,86148.37000000,86152.01000000,6.47191000,1791206459999999,557689.72368710,1510,1.45059000,125003.07680030,0
1791206460000000,86152.01000000,86152.01000000,86118.00000000,86118.00000000,5.43723000,1791206519999999,468355.00037410,713,0.41443000,35697.49096110,0
1791206520000000,86118.00000000,86118.01000000,86080.00000000,86080.00000000,13.74576000,1791206579999999,1183580.29520380,2038,2.26504000,195006.33214950,0
1791206580000000,86080.01000000,86106.01000000,86080.00000000,86106.00000000,2.00020000,1791206639999999,172212.98904250,939,1.09993000,94697.03342250,0
1791206640000000,86106.01000000,86106.01000000,86056.00000000,86056.00000000,14.30196000,1791206699999999,1231118.92931940,1723,0.59773000,51446.21563400,0
1791206700000000,86056.00000000,86061.38000000,86024.01000000,86044.01000000,11.74921000,1791206759999999,1010921.23879450,2216,4.10477000,353164.04352710,0
1791206760000000,86044.01000000,86054.15000000,86034.00000000,86054.14000000,6.90234000,1791206819999999,593871.54969000,1288,2.32987000,200464.23323680,0
1791206820000000,86054.15000000,86062.15000000,86046.00000000,86060.01000000,8.98645000,1791206879999999,773324.94078690,1281,2.93328000,252415.79133070,0
1791206880000000,86060.00000000,86110.01000000,86060.00000000,86110.00000000,3.38019000,1791206939999999,290986.05913560,1380,3.23328000,278338.66180370,0
1791206940000000,86110.01000000,86122.01000000,86110.00000000,86110.00000000,3.61839000,1791206999999999,311612.55623830,861,0.53841000,46365.88722720,0
1791207000000000,86110.00000000,86125.13000000,85812.00000000,85828.82000000,46.29066000,1791207059999999,3980749.50937970,9848,5.33803000,459097.16328690,0
1791207060000000,85828.82000000,85934.00000000,85828.82000000,85934.00000000,32.58342000,1791207119999999,2798546.32947650,9175,16.19743000,1391143.92106580,0
1791207120000000,85934.01000000,86000.00000000,85904.00000000,85952.01000000,23.67858000,1791207179999999,2034928.93813080,7696,12.39949000,1065673.77486340,0
1791207180000000,85952.00000000,85964.00000000,85855.06000000,85964.00000000,32.49444000,1791207239999999,2791617.39168720,4850,19.49951000,1675401.27835980,0
1791207240000000,85963.99000000,86002.26000000,85955.15000000,85992.01000000,12.80804000,1791207299999999,1101250.50303290,4408,5.85459000,503366.51090230,0
1791207300000000,85992.00000000,86120.00000000,85990.01000000,86097.99000000,15.18483000,1791207359999999,1306764.70808260,7045,10.56116000,908815.64061090,0
1791207360000000,86097.98000000,86104.01000000,85980.00000000,86022.01000000,44.87554000,1791207419999999,3861564.05999110,6066,32.08215000,2760733.71742070,0
1791207420000000,86022.00000000,86022.00000000,85928.00000000,85938.76000000,28.91409000,1791207479999999,2485941.71620550,6947,15.45647000,1328946.17224940,0
1791207480000000,85938.76000000,86128.67000000,85938.76000000,86128.66000000,23.18142000,1791207539999999,1995115.65503280,8006,16.94685000,1458382.69457030,0
1791207540000000,86128.67000000,86152.01000000,86078.00000000,86118.01000000,20.82298000,1791207599999999,1793243.49891100,4996,10.20047000,878418.04101590,0
1791207600000000,86118.01000000,86134.01000000,85983.26000000,85987.40000000,26.38547000,1791207659999999,2270512.09125370,5650,8.71187000,749618.50167030,0
1791207660000000,85987.40000000,85987.40000000,85932.00000000,85980.01000000,27.68153000,1791207719999999,2379814.32089380,6368,6.55941000,563856.32806490,0
1791207720000000,85980.01000000,86027.68000000,85957.33000000,86027.67000000,17.86979000,1791207779999999,1536495.10113260,5113,10.76527000,925684.64536550,0
1791207780000000,86027.68000000,86038.01000000,85923.62000000,86000.01000000,14.33029000,1791207839999999,1232156.58048600,4593,5.42111000,466130.62813810,0
1791207840000000,86000.00000000,86018.01000000,85970.00000000,85986.00000000,16.58806000,1791207899999999,1426344.78226250,2962,12.88923000,1108241.11793050,0
1791207900000000,85986.00000000,86007.58000000,85930.43000000,85940.02000000,14.91919000,1791207959999999,1282545.31018250,4605,6.97977000,600020.31113770,0
1791207960000000,85940.02000000,86053.87000000,85878.00000000,86053.86000000,38.63312000,1791208019999999,3320423.74717610,10151,24.71414000,2124241.59502190,0
1791208020000000,86053.87000000,86375.00000000,86053.87000000,86367.03000000,94.92253000,1791208079999999,8187582.45734590,13946,76.42089000,6591043.79113650,0
1791208080000000,86367.02000000,86420.31000000,86244.02000000,86298.01000000,31.36900000,1791208139999999,2708958.09262120,7602,16.58610000,1432334.59472500,0
1791208140000000,86298.02000000,86376.51000000,86294.01000000,86304.50000000,22.46731000,1791208199999999,1939605.00148300,3883,13.66694000,1179896.77017090,0
1791208200000000,86304.50000000,86387.06000000,86274.72000000,86387.06000000,33.78159000,1791208259999999,2916304.11873420,6483,20.77221000,1793177.16003310,0
1791208260000000,86387.05000000,86433.03000000,86359.75000000,86388.11000000,22.32266000,1791208319999999,1928542.72201010,6087,12.26143000,1059305.61871460,0
1791208320000000,86388.12000000,86428.65000000,86373.60000000,86381.83000000,20.17214000,1791208379999999,1742805.41878010,6683,9.92891000,857798.48861340,0
1791208380000000,86381.83000000,86437.01000000,86322.24000000,86322.24000000,26.12073000,1791208439999999,2256286.95798110,6581,11.04544000,954181.98877210,0
1791208440000000,86322.23000000,86410.01000000,86322.23000000,86350.56000000,21.36633000,1791208499999999,1845574.21759510,5665,11.54537000,997236.18977050,0
1791208500000000,86350.56000000,86369.84000000,86294.00000000,86348.50000000,10.19294000,1791208559999999,880005.59906280,4147,5.35838000,462620.67250240,0
1791208560000000,86348.51000000,86442.00000000,86333.64000000,86421.59000000,18.44621000,1791208619999999,1593500.18356120,3812,13.74296000,1187188.67571130,0
1791208620000000,86421.59000000,86476.01000000,86409.86000000,86476.01000000,10.97812000,1791208679999999,948922.49436970,3303,8.70366000,752337.89871200,0
1791208680000000,86476.01000000,86489.98000000,86426.72000000,86426.73000000,16.00185000,1791208739999999,1383604.86473960,3063,7.89011000,682247.76358910,0
1791208740000000,86426.73000000,86458.01000000,86404.94000000,86432.01000000,14.84743000,1791208799999999,1283349.98501070,1966,7.40691000,640189.31328480,0
1791208800000000,86432.00000000,86432.00000000,86259.11000000,86296.00000000,27.99738000,1791208859999999,2417706.20752530,6907,8.49713000,733759.47432880,0
1791208860000000,86296.01000000,86408.01000000,86294.00000000,86388.01000000,16.53256000,1791208919999999,1427347.29188580,6063,11.39240000,983605.12492680,0
1791208920000000,86388.01000000,86480.96000000,86388.00000000,86442.64000000,22.81611000,1791208979999999,1972452.92296100,4432,14.28732000,1235008.18842010,0
1791208980000000,86442.65000000,86442.65000000,86313.82000000,86332.00000000,82.61855000,1791209039999999,7134248.12471820,5056,5.23987000,452671.42430690,0
1791209040000000,86332.01000000,86374.01000000,86317.33000000,86320.00000000,14.67613000,1791209099999999,1267131.78299190,5618,6.37699000,550579.88655270,0
1791209100000000,86320.00000000,86387.29000000,86317.33000000,86387.29000000,23.70875000,1791209159999999,2047196.34345730,6001,13.85473000,1196340.13406020,0
1791209160000000,86387.29000000,86482.01000000,86387.29000000,86470.00000000,9.94645000,1791209219999999,859882.29442360,3722,7.76753000,671490.63222590,0
1791209220000000,86470.01000000,86661.74000000,86470.00000000,86640.22000000,51.74797000,1791209279999999,4478980.63404790,9424,44.65459000,3864899.56031720,0
1791209280000000,86640.21000000,86701.25000000,86596.00000000,86701.24000000,37.89739000,1791209339999999,3284455.91411580,8224,27.81758000,2410956.18244510,0
1791209340000000,86701.25000000,86725.12000000,86590.00000000,86636.14000000,27.88349000,1791209399999999,2416268.77968800,6790,15.68981000,1359663.49795130,0
1791209400000000,86636.14000000,86690.00000000,86585.96000000,86585.96000000,15.43384000,1791209459999999,1337227.83263980,4733,10.38875000,900129.38519840,0
1791209460000000,86585.97000000,86664.01000000,86538.02000000,86653.68000000,20.58270000,1791209519999999,1782629.53483470,5049,8.36684000,724655.07352380,0
1791209520000000,86653.68000000,86705.31000000,86635.81000000,86635.82000000,16.54366000,1791209579999999,1433983.06580900,3616,10.18671000,882963.53878240,0
1791209580000000,86635.81000000,86670.19000000,86635.81000000,86656.70000000,13.19918000,1791209639999999,1143756.48092330,2263,8.86108000,767819.17141620,0
1791209640000000,86656.70000000,86698.15000000,86630.26000000,86643.14000000,21.58105000,1791209699999999,1870455.71228750,3651,14.95753000,1296437.62718020,0
1791209700000000,86643.15000000,86643.15000000,86592.48000000,86592.48000000,22.76973000,1791209759999999,1972104.25397260,2270,14.70016000,1273122.43675510,0
1791209760000000,86592.49000000,86710.01000000,86568.00000000,86678.79000000,24.30952000,1791209819999999,2105996.77976600,3926,19.80267000,1715535.46056970,0
1791209820000000,86678.80000000,86709.21000000,86598.01000000,86620.01000000,9.53156000,1791209879999999,825918.14351440,3769,2.44372000,211736.33829990,0
1791209880000000,86620.01000000,86622.01000000,86478.19000000,86478.20000000,17.59046000,1791209939999999,1522320.10117430,4878,3.03121000,262320.15257550,0
1791209940000000,86478.20000000,86478.20000000,86364.69000000,86426.02000000,15.58452000,1791209999999999,1346864.15856970,6718,3.20967000,277334.81866860,0
1791210000000000,86426.02000000,86444.01000000,86324.00000000,86324.01000000,21.37847000,1791210059999999,1846560.67715150,5583,3.49279000,301738.13696540,0
1791210060000000,86324.01000000,86352.00000000,86262.92000000,86333.16000000,62.73564000,1791210119999999,5415734.03832270,5965,45.26519000,3907771.79324010,0
1791210120000000,86333.16000000,86373.68000000,86324.01000000,86332.00000000,8.20582000,1791210179999999,708584.19821750,4199,3.66721000,316673.49756990,0
1791210180000000,86332.01000000,86400.01000000,86321.07000000,86334.01000000,10.58578000,1791210239999999,914248.92818090,3752,4.38546000,378748.52147780,0
1791210240000000,86334.01000000,86386.01000000,86332.00000000,86386.01000000,6.76074000,1791210299999999,583766.17310290,1863,4.31866000,372885.85751900,0
1791210300000000,86386.00000000,86386.01000000,86334.00000000,86386.00000000,18.51034000,1791210359999999,1598717.12906600,3296,5.41854000,467892.52729060,0
1791210360000000,86386.00000000,86420.01000000,86356.12000000,86362.00000000,10.42113000,1791210419999999,900268.97169020,3594,5.00387000,432292.10839450,0
1791210420000000,86362.00000000,86362.01000000,86299.40000000,86313.96000000,7.06394000,1791210479999999,609839.00189700,3753,2.22107000,191728.53380190,0
1791210480000000,86313.96000000,86313.96000000,86274.00000000,86277.77000000,9.05599000,1791210539999999,781422.72075940,2330,2.21212000,190883.00766740,0
1791210540000000,86277.77000000,86316.01000000,86277.77000000,86282.00000000,11.87705000,1791210599999999,1025059.21694870,2154,1.61574000,139433.15743220,0
1791210600000000,86282.00000000,86282.00000000,86100.00000000,86100.01000000,58.99580000,1791210659999999,5083033.99857380,10138,21.77384000,1875574.49376530,0
1791210660000000,86100.01000000,86157.94000000,86020.13000000,86129.15000000,34.96190000,1791210719999999,3009783.13285600,8472,19.90955000,1714070.53288620,0
1791210720000000,86129.15000000,86129.46000000,85907.81000000,85910.57000000,59.71483000,1791210779999999,5135849.01781380,9961,22.45021000,1930899.16907840,0
1791210780000000,85910.56000000,85936.19000000,85671.60000000,85671.61000000,472.37447000,1791210839999999,40540247.17212830,14379,47.71867000,4092527.25682820,0
1791210840000000,85671.61000000,85693.00000000,85450.00000000,85516.26000000,198.21816000,1791210899999999,16962207.72332210,17105,67.91047000,5810765.02249910,0
1791210900000000,85516.27000000,85618.56000000,85452.75000000,85537.04000000,81.14111000,1791210959999999,6940549.06096920,11947,37.91784000,3242894.74424180,0
1791210960000000,85537.03000000,85617.09000000,85490.82000000,85567.45000000,52.91880000,1791211019999999,4527677.93080290,6994,34.27578000,2932684.37475710,0
1791211020000000,85567.45000000,85759.70000000,85552.16000000,85726.46000000,52.90000000,1791211079999999,4531677.79823120,8230,30.87316000,2644572.11597830,0
1791211080000000,85726.45000000,85732.43000000,85667.03000000,85698.47000000,24.82567000,1791211139999999,2127564.39006490,5322,11.15065000,955571.25968370,0
1791211140000000,85698.48000000,85714.41000000,85647.68000000,85647.68000000,17.89302000,1791211199999999,1532996.44125000,3170,7.30025000,625420.59949300,0
1791211200000000,85647.69000000,85647.69000000,85588.09000000,85610.40000000,20.56059000,1791211259999999,1760323.12561340,2788,7.52489000,644162.65090340,0
1791211260000000,85610.39000000,85822.26000000,85610.39000000,85817.48000000,21.63550000,1791211319999999,1855169.58791620,3849,16.01846000,1373426.61040690,0
1791211320000000,85817.49000000,85817.50000000,85745.28000000,85794.91000000,21.68870000,1791211379999999,1860552.34289910,3834,9.17273000,786806.06830850,0
1791211380000000,85794.91000000,85847.85000000,85774.42000000,85794.43000000,25.91977000,1791211439999999,2224268.68492600,3936,9.03639000,775401.68714570,0
1791211440000000,85794.42000000,85848.76000000,85757.68000000,85757.68000000,9.46766000,1791211499999999,812453.59870130,2456,3.71659000,318916.26944680,0
1791211500000000,85757.68000000,85769.53000000,85580.00000000,85623.41000000,36.15382000,1791211559999999,3098129.80488340,6207,9.12144000,781665.86944850,0
1791211560000000,85623.41000000,85628.70000000,85560.00000000,85560.01000000,33.58846000,1791211619999999,2875244.52252220,8642,5.29154000,452948.72633180,0
1791211620000000,85560.00000000,85672.01000000,85532.01000000,85661.93000000,32.55867000,1791211679999999,2786455.17819940,4940,10.59197000,906636.47770480,0
1791211680000000,85661.93000000,85718.58000000,85586.00000000,85611.18000000,34.31973000,1791211739999999,2939763.58944050,8007,8.64714000,740731.41028460,0
1791211740000000,85611.18000000,85692.01000000,85611.18000000,85690.20000000,15.55230000,1791211799999999,1332239.84989960,5168,8.31585000,712290.64955270,0
1791211800000000,85690.21000000,85709.70000000,85664.67000000,85668.90000000,8.18798000,1791211859999999,701587.20596610,3895,3.62520000,310630.26480790,0
1791211860000000,85668.90000000,85668.90000000,85608.00000000,85624.01000000,14.59713000,1791211919999999,1250085.29040220,4824,5.04790000,432252.59384140,0
1791211920000000,85624.01000000,85624.01000000,85496.00000000,85544.73000000,24.63202000,1791211979999999,2107530.49974330,8338,6.38845000,546634.86978630,0
1791211980000000,85545.05000000,85635.82000000,85545.05000000,85626.24000000,14.11242000,1791212039999999,1207943.54901490,3562,8.67059000,742083.82465640,0
1791212040000000,85626.24000000,85626.24000000,85585.95000000,85618.01000000,23.72802000,1791212099999999,2031447.15014070,5179,15.19996000,1301362.57046790,0
1791212100000000,85618.01000000,85627.93000000,85589.49000000,85612.01000000,7.02617000,1791212159999999,601501.23684900,3236,3.40547000,291543.31032310,0
1791212160000000,85612.01000000,85612.01000000,85534.00000000,85534.01000000,33.29642000,1791212219999999,2849597.16982270,5855,6.75402000,577921.02704910,0
1791212220000000,85534.00000000,85628.01000000,85531.77000000,85628.00000000,13.60253000,1791212279999999,1164018.89709020,3808,10.66516000,912683.46073000,0
1791212280000000,85628.01000000,85663.65000000,85610.31000000,85644.71000000,16.53873000,1791212339999999,1416526.41439660,3518,6.67732000,571930.15515830,0
1791212340000000,85644.71000000,85652.00000000,85602.01000000,85645.26000000,17.30899000,1791212399999999,1482230.38099570,3573,9.57322000,819776.85319120,0
1791212400000000,85645.25000000,85674.01000000,85581.62000000,85581.63000000,22.36772000,1791212459999999,1915194.57344580,6419,4.72739000,404847.41760360,0
1791212460000000,85581.62000000,85581.62000000,85534.00000000,85566.00000000,17.35021000,1791212519999999,1484310.95473630,4042,5.39116000,461211.88329920,0
1791212520000000,85566.00000000,85576.01000000,85474.45000000,85540.01000000,41.10390000,1791212579999999,3514798.32562220,7138,9.16845000,783998.41266030,0
1791212580000000,85540.01000000,85610.01000000,85518.00000000,85610.00000000,24.66015000,1791212639999999,2109531.39511820,4076,9.63071000,823932.37730210,0
1791212640000000,85610.01000000,85626.01000000,85564.35000000,85599.99000000,15.79168000,1791212699999999,1351785.87640870,5276,5.62059000,481095.91595150,0
1791212700000000,85599.98000000,85626.01000000,85573.66000000,85618.02000000,11.96856000,1791212759999999,1024574.80688410,3540,3.91122000,334799.61682060,0
1791212760000000,85618.02000000,85640.01000000,85582.01000000,85582.01000000,14.73041000,1791212819999999,1261259.94406540,4279,3.00763000,257522.48869560,0
1791212820000000,85582.02000000,85638.01000000,85564.36000000,85627.88000000,22.41180000,1791212879999999,1918291.66077590,3573,17.89236000,1531460.12692860,0
1791212880000000,85627.89000000,85633.29000000,85554.91000000,85558.01000000,20.04877000,1791212939999999,1716283.23760990,4247,3.77384000,323070.79236690,0
1791212940000000,85558.01000000,85600.01000000,85524.00000000,85524.01000000,8.41639000,1791212999999999,720153.61927380,3735,2.00498000,171576.65248310,0
1791213000000000,85524.01000000,85558.01000000,85500.00000000,85558.00000000,15.50286000,1791213059999999,1325895.93551640,4373,9.44530000,807850.87696370,0
1791213060000000,85558.01000000,85558.01000000,85523.26000000,85528.00000000,13.00074000,1791213119999999,1111957.96674360,3057,5.31986000,455004.45117450,0
1791213120000000,85528.01000000,85576.01000000,85520.66000000,85564.00000000,10.06437000,1791213179999999,861021.42292710,3349,3.49024000,298574.86225150,0
1791213180000000,85564.01000000,85564.01000000,85532.95000000,85542.01000000,14.73236000,1791213239999999,1260364.08696630,3134,3.40829000,291586.78560490,0
1791213240000000,85542.01000000,85566.01000000,85530.00000000,85530.01000000,7.16407000,1791213299999999,612886.65897030,2915,3.39305000,290276.72720010,0
1791213300000000,85530.01000000,85552.88000000,85520.61000000,85528.03000000,6.89696000,1791213359999999,589928.92399950,2517,2.95454000,252708.95047770,0
1791213360000000,85528.03000000,85572.01000000,85528.02000000,85572.00000000,14.08088000,1791213419999999,1204626.32617280,1595,6.77326000,579363.81407890,0
1791213420000000,85572.00000000,85608.84000000,85536.00000000,85536.00000000,20.35174000,1791213479999999,1741752.54425610,3951,5.92009000,506648.65910960,0
1791213480000000,85536.01000000,85536.01000000,85503.19000000,85506.01000000,5.66090000,1791213539999999,484119.95262910,3689,1.66076000,142022.63278980,0
1791213540000000,85506.01000000,85532.01000000,85500.26000000,85532.00000000,11.76095000,1791213599999999,1005783.29436200,3012,5.15644000,440989.63708010,0
1791213600000000,85532.01000000,85546.01000000,85512.68000000,85546.00000000,7.18327000,1791213659999999,614353.32133430,1836,3.20579000,274171.76481450,0
1791213660000000,85546.00000000,85579.36000000,85508.00000000,85508.01000000,8.52541000,1791213719999999,729366.38793940,3745,3.05054000,260994.78143110,0
1791213720000000,85508.01000000,85514.00000000,85495.97000000,85504.00000000,7.48618000,1791213779999999,640090.44959990,3064,2.33727000,199840.97219130,0
1791213780000000,85504.00000000,85536.01000000,85504.00000000,85530.00000000,4.73237000,1791213839999999,404752.25246780,1598,2.74751000,234984.78503200,0
1791213840000000,85530.00000000,85570.00000000,85530.00000000,85546.55000000,7.25697000,1791213899999999,620897.95599650,2397,2.08905000,178725.68117980,0
1791213900000000,85546.55000000,85560.01000000,85526.00000000,85560.01000000,10.50119000,1791213959999999,898331.98250650,2700,6.40418000,547878.92224770,0
1791213960000000,85560.01000000,85586.01000000,85549.44000000,85549.45000000,9.55371000,1791214019999999,817497.60187680,4317,2.59347000,221922.34583590,0
1791214020000000,85549.44000000,85549.44000000,85507.00000000,85508.00000000,6.03012000,1791214079999999,515718.86223030,2344,1.69360000,144848.03930820,0
1791214080000000,85508.01000000,85543.52000000,85508.00000000,85518.45000000,5.73905000,1791214139999999,490838.08050520,3276,2.21936000,189805.50750420,0
1791214140000000,85518.44000000,85567.97000000,85514.33000000,85546.53000000,10.11925000,1791214199999999,865662.96316540,2641,3.00788000,257296.22703420,0
1791214200000000,85546.52000000,85590.04000000,85546.52000000,85554.02000000,9.57433000,1791214259999999,819191.96773050,3011,5.40957000,462830.64843550,0
1791214260000000,85554.01000000,85560.72000000,85507.00000000,85512.21000000,21.03711000,1791214319999999,1799545.88785990,3131,3.09128000,264391.36854970,0
1791214320000000,85512.20000000,85520.00000000,85270.91000000,85343.86000000,120.39854000,1791214379999999,10280009.10292040,13373,38.70367000,3304879.58078030,0
1791214380000000,85343.86000000,85343.86000000,85224.00000000,85251.79000000,52.63168000,1791214439999999,4488243.76139450,10311,17.91389000,1527384.73965500,0
1791214440000000,85251.79000000,85305.78000000,85226.64000000,85264.41000000,20.76342000,1791214499999999,1770290.75271930,6326,10.46856000,892625.36063690,0
1791214500000000,85264.40000000,85381.74000000,85249.04000000,85381.74000000,18.55844000,1791214559999999,1583333.27934070,4851,9.17028000,782409.42332270,0
1791214560000000,85381.74000000,85388.01000000,85302.00000000,85369.26000000,19.39007000,1791214619999999,1654999.74366050,4492,10.43305000,890511.14725910,0
1791214620000000,85369.26000000,85371.99000000,85274.30000000,85274.30000000,27.25141000,1791214679999999,2325381.44249350,5084,4.96355000,423521.22785990,0
1791214680000000,85274.31000000,85430.01000000,85274.31000000,85425.75000000,31.64767000,1791214739999999,2701636.99450490,5014,23.66339000,2019790.82411440,0
1791214740000000,85425.74000000,85431.35000000,85344.22000000,85349.71000000,14.65723000,1791214799999999,1251454.34532990,2988,2.77141000,236582.49199780,0
1791214800000000,85349.71000000,85349.71000000,85174.24000000,85266.18000000,33.58018000,1791214859999999,2862470.87357880,8679,5.57750000,475362.04706680,0
1791214860000000,85266.17000000,85397.08000000,85261.21000000,85397.07000000,20.34269000,1791214919999999,1735245.00446170,3524,12.81887000,1093597.63208970,0
1791214920000000,85397.08000000,85410.01000000,85288.00000000,85288.01000000,34.00047000,1791214979999999,2902292.93997910,5333,8.04629000,686923.42845330,0
1791214980000000,85288.01000000,85352.85000000,85270.00000000,85352.84000000,6.55641000,1791215039999999,559327.84949260,2449,4.76280000,406336.93323940,0
1791215040000000,85352.84000000,85352.85000000,85294.09000000,85348.69000000,12.20462000,1791215099999999,1041317.70660250,3392,5.66332000,483157.30156150,0
1791215100000000,85348.70000000,85375.79000000,85310.74000000,85343.94000000,17.94428000,1791215159999999,1531488.71088820,4896,8.01734000,684264.90820290,0
1791215160000000,85343.93000000,85395.00000000,85341.00000000,85395.00000000,7.29324000,1791215219999999,622605.64495900,2956,3.97093000,338985.42636710,0
1791215220000000,85395.00000000,85428.01000000,85387.56000000,85402.11000000,25.60155000,1791215279999999,2186732.93896340,3375,6.73482000,575209.52559280,0
1791215280000000,85402.11000000,85410.71000000,85360.01000000,85360.01000000,15.80806000,1791215339999999,1349850.91461120,2892,7.63924000,652298.46894170,0
1791215340000000,85360.00000000,85360.00000000,85280.54000000,85332.81000000,17.75874000,1791215399999999,1515156.18001940,4109,7.10479000,606171.43322840,0
1791215400000000,85332.80000000,85332.80000000,85276.96000000,85291.99000000,17.09512000,1791215459999999,1458200.11489170,3121,6.75154000,575910.80799640,0
1791215460000000,85292.00000000,85305.11000000,85254.00000000,85274.23000000,15.27135000,1791215519999999,1302227.63478710,3305,7.59575000,647671.51733900,0
1791215520000000,85274.23000000,85308.01000000,85274.22000000,85286.68000000,12.58878000,1791215579999999,1073660.00234120,3276,8.56794000,730714.57807020,0
1791215580000000,85286.67000000,85303.52000000,85226.85000000,85256.01000000,19.39047000,1791215639999999,1653394.28770980,4543,9.42504000,803705.57618930,0
1791215640000000,85256.01000000,85314.00000000,85256.00000000,85313.99000000,10.85948000,1791215699999999,926230.98931710,3014,7.06121000,602258.83247680,0
1791215700000000,85314.00000000,85316.00000000,85218.00000000,85218.01000000,19.69206000,1791215759999999,1678823.74944470,4754,4.26736000,363813.33236430,0
1791215760000000,85218.01000000,85265.92000000,85216.18000000,85226.01000000,12.09901000,1791215819999999,1031329.00383220,3608,4.73390000,403530.50985160,0
1791215820000000,85226.01000000,85248.01000000,85221.67000000,85226.00000000,16.42144000,1791215879999999,1399725.48205670,3226,9.52985000,812303.39517900,0
1791215880000000,85226.01000000,85229.75000000,85202.00000000,85228.01000000,6.92251000,1791215939999999,589918.89434940,2120,2.25061000,191792.26647970,0
1791215940000000,85228.01000000,85269.80000000,85228.00000000,85269.78000000,8.82034000,1791215999999999,751998.97169510,1447,7.30464000,622764.43740810,0
1791216000000000,85269.79000000,85288.53000000,85248.91000000,85252.00000000,12.30076000,1791216059999999,1048883.70051190,3486,3.36366000,286830.70266050,0
1791216060000000,85252.00000000,85252.00000000,85230.00000000,85234.01000000,7.76771000,1791216119999999,662114.47910840,1731,2.80338000,238960.06699070,0
1791216120000000,85234.00000000,85235.48000000,85217.02000000,85218.93000000,6.46982000,1791216179999999,551397.02170000,1330,2.13211000,181706.17494430,0
1791216180000000,85218.92000000,85238.25000000,85168.01000000,85178.69000000,18.54454000,1791216239999999,1580092.03566770,4467,4.00369000,341142.73748490,0
1791216240000000,85178.70000000,85230.64000000,85178.70000000,85222.01000000,17.59548000,1791216299999999,1499260.46920160,3960,9.61835000,819547.91682600,0
1791216300000000,85222.01000000,85274.72000000,85222.01000000,85267.73000000,7.82651000,1791216359999999,667236.77436260,2076,4.18212000,356507.93786220,0
1791216360000000,85267.73000000,85267.73000000,85192.00000000,85226.08000000,7.97378000,1791216419999999,679547.43675790,3734,2.79671000,238304.04317360,0
1791216420000000,85226.08000000,85273.54000000,85226.08000000,85239.26000000,13.89445000,1791216479999999,1184532.56930710,2866,9.33721000,795995.24157700,0
1791216480000000,85239.26000000,85292.01000000,85239.25000000,85278.01000000,12.55857000,1791216539999999,1070822.64557320,2529,7.28516000,621152.25773370,0
1791216540000000,85278.01000000,85312.01000000,85264.00000000,85298.79000000,23.31986000,1791216599999999,1988996.79332240,3331,7.72781000,659045.70285990,0
1791216600000000,85298.79000000,85320.01000000,85278.84000000,85305.45000000,9.49966000,1791216659999999,810358.64976090,2786,6.29529000,537017.94793660,0
1791216660000000,85305.44000000,85320.01000000,85263.51000000,85290.01000000,33.21505000,1791216719999999,2832967.09627200,5301,20.40627000,1740459.05742360,0
1791216720000000,85290.01000000,85294.01000000,85286.00000000,85288.00000000,19.13074000,1791216779999999,1631656.61078690,1636,15.95069000,1360429.04984100,0
1791216780000000,85288.01000000,85288.01000000,85266.00000000,85266.01000000,18.04306000,1791216839999999,1538569.25403590,1951,6.27293000,534886.24560760,0
1791216840000000,85266.00000000,85268.00000000,85250.00000000,85262.01000000,15.27925000,1791216899999999,1302672.80973760,2305,11.18212000,953365.31094760,0
1791216900000000,85262.01000000,85262.01000000,85185.00000000,85185.31000000,18.27300000,1791216959999999,1557065.75981840,4170,4.07462000,347161.22540130,0
1791216960000000,85185.31000000,85214.57000000,85131.84000000,85145.84000000,34.92917000,1791217019999999,2974578.35615930,7293,8.18367000,696994.84207800,0
1791217020000000,85145.85000000,85170.01000000,85133.01000000,85158.01000000,14.72395000,1791217079999999,1253773.40770990,3973,5.77866000,492046.24057420,0
1791217080000000,85158.00000000,85184.01000000,85130.00000000,85168.01000000,10.40654000,1791217139999999,886167.94148680,3178,3.88153000,330532.47953990,0
1791217140000000,85168.00000000,85168.00000000,85135.72000000,85135.73000000,7.65642000,1791217199999999,651953.06026680,2139,1.70200000,144931.92354790,0
1791217200000000,85135.72000000,85135.72000000,85110.00000000,85110.01000000,6.84115000,1791217259999999,582334.25372470,2366,0.84078000,71571.56890110,0
1791217260000000,85110.00000000,85134.77000000,85058.00000000,85100.00000000,37.36459000,1791217319999999,3179502.47367470,5784,12.57787000,1070218.88421140,0
1791217320000000,85100.01000000,85100.01000000,85000.04000000,85015.02000000,42.88893000,1791217379999999,3647396.78505190,5307,4.55536000,387393.09394110,0
1791217380000000,85015.03000000,85100.00000000,84972.01000000,85095.92000000,72.16366000,1791217439999999,6134125.82831550,7331,26.28799000,2234509.67436050,0
1791217440000000,85095.92000000,85131.90000000,85090.35000000,85130.36000000,5.99965000,1791217499999999,510661.49290690,2544,2.91300000,247930.56435890,0
1791217500000000,85130.36000000,85152.01000000,85115.05000000,85133.01000000,8.29316000,1791217559999999,706039.90145280,3995,3.79664000,323231.38498950,0
1791217560000000,85133.00000000,85200.01000000,85125.91000000,85200.01000000,42.34368000,1791217619999999,3606426.72472650,3156,40.50874000,3450172.75303170,0
1791217620000000,85200.01000000,85220.01000000,85141.41000000,85162.01000000,24.91987000,1791217679999999,2122990.31768110,3836,11.81900000,1006797.65525500,0
1791217680000000,85162.00000000,85162.01000000,85126.67000000,85135.50000000,7.61217000,1791217739999999,648106.24930200,2049,3.54147000,301512.37289230,0
1791217740000000,85135.51000000,85175.10000000,85135.50000000,85135.52000000,8.37975000,1791217799999999,713528.31371230,1855,4.90983000,418067.11437170,0
1791217800000000,85135.52000000,85166.84000000,85119.03000000,85143.65000000,9.44276000,1791217859999999,803958.51041360,2823,4.68492000,398888.06047600,0
1791217860000000,85143.65000000,85208.64000000,85143.64000000,85208.59000000,6.56610000,1791217919999999,559385.44409120,1902,4.95860000,422423.92904890,0
1791217920000000,85208.59000000,85263.15000000,85197.64000000,85209.20000000,17.50436000,1791217979999999,1491864.90472200,3514,5.51859000,470344.84860510,0
1791217980000000,85209.21000000,85217.50000000,85191.93000000,85217.49000000,5.25096000,1791218039999999,447418.77183100,1852,1.95683000,166730.10232550,0
1791218040000000,85217.50000000,85244.55000000,85217.49000000,85234.10000000,8.60353000,1791218099999999,733327.90262800,1641,1.36116000,116011.62980050,0
1791218100000000,85234.10000000,85286.01000000,85234.10000000,85276.98000000,23.64213000,1791218159999999,2015882.77286450,3063,17.33055000,1477687.07713450,0
1791218160000000,85276.97000000,85276.98000000,85253.33000000,85253.34000000,6.43419000,1791218219999999,548609.73194220,1759,1.70521000,145394.47633110,0
1791218220000000,85253.34000000,85253.34000000,85233.96000000,85251.38000000,8.12967000,1791218279999999,693017.13950950,1375,2.99975000,255704.35438800,0
1791218280000000,85251.37000000,85290.01000000,85251.37000000,85280.24000000,8.22233000,1791218339999999,701139.32291570,2023,5.27984000,450198.21775020,0
1791218340000000,85280.24000000,85288.77000000,85271.28000000,85278.25000000,6.81780000,1791218399999999,581425.73489420,1059,3.48476000,297183.11947170,0
1791218400000000,85278.25000000,85278.25000000,85249.32000000,85249.33000000,5.57712000,1791218459999999,475495.15490400,1121,1.40341000,119647.52498010,0
1791218460000000,85249.33000000,85255.73000000,85212.22000000,85217.85000000,7.60985000,1791218519999999,648578.00076220,1707,1.17610000,100239.88608350,0
1791218520000000,85217.84000000,85217.85000000,85180.00000000,85180.01000000,6.29790000,1791218579999999,536573.66563350,1424,0.60536000,51574.95510610,0
1791218580000000,85180.00000000,85191.17000000,85176.25000000,85176.25000000,6.43226000,1791218639999999,547923.02581170,1021,2.99188000,254864.94937860,0
1791218640000000,85176.26000000,85191.12000000,85165.96000000,85188.00000000,6.87872000,1791218699999999,585868.43860560,1328,4.29373000,365694.20723600,0
1791218700000000,85188.00000000,85188.01000000,85156.68000000,85165.83000000,7.28372000,1791218759999999,620352.73535930,1801,2.00171000,170485.00632060,0
1791218760000000,85165.83000000,85230.01000000,85165.83000000,85228.25000000,8.46985000,1791218819999999,721595.63821750,2121,6.52366000,555743.67057160,0
1791218820000000,85228.25000000,85228.25000000,85190.19000000,85190.19000000,12.33097000,1791218879999999,1050714.86295490,2356,0.42817000,36482.45411850,0
1791218880000000,85190.20000000,85209.56000000,85173.74000000,85208.01000000,12.64666000,1791218939999999,1077441.94955410,1947,9.21515000,785112.28379550,0
1791218940000000,85208.01000000,85226.00000000,85203.19000000,85203.20000000,8.77666000,1791218999999999,747923.50749300,1756,6.15461000,524493.82002420,0
1791219000000000,85203.19000000,85230.01000000,85195.23000000,85230.01000000,6.70666000,1791219059999999,571488.10436060,1416,5.87993000,501043.09036350,0
1791219060000000,85230.00000000,85294.81000000,85230.00000000,85294.80000000,6.40087000,1791219119999999,545763.20067360,2113,5.17825000,441518.89937110,0
1791219120000000,85294.80000000,85301.83000000,85290.00000000,85301.83000000,7.26864000,1791219179999999,619991.65140450,2029,3.78238000,322623.71185660,0
1791219180000000,85301.83000000,85301.83000000,85286.82000000,85295.33000000,4.06358000,1791219239999999,346604.77245680,1635,1.35484000,115565.17065800,0
1791219240000000,85295.33000000,85306.01000000,85288.35000000,85289.09000000,6.11713000,1791219299999999,521784.69821290,2519,2.96869000,253225.31077250,0
1791219300000000,85289.09000000,85289.09000000,85272.99000000,85280.00000000,16.91760000,1791219359999999,1442665.78933680,2779,14.16953000,1208304.31910210,0
1791219360000000,85280.00000000,85295.92000000,85280.00000000,85290.82000000,3.16895000,1791219419999999,270269.06484830,886,1.21059000,103247.75639750,0
1791219420000000,85290.82000000,85296.01000000,85290.45000000,85290.46000000,6.47013000,1791219479999999,551853.29014160,1001,1.44602000,123332.84591290,0
1791219480000000,85290.45000000,85330.70000000,85290.45000000,85322.29000000,9.12369000,1791219539999999,778388.74191240,1731,7.17866000,612465.65051500,0
1791219540000000,85322.29000000,85322.29000000,85293.19000000,85300.00000000,8.22519000,1791219599999999,701678.69135380,2331,2.47104000,210778.73673760,0
1791219600000000,85300.00000000,85300.00000000,85273.49000000,85273.50000000,17.48073000,1791219659999999,1490913.99431800,2157,1.91834000,163603.94212930,0
1791219660000000,85273.49000000,85280.65000000,85268.15000000,85280.65000000,5.17287000,1791219719999999,441095.14712800,1396,3.00937000,256614.25373210,0
1791219720000000,85280.64000000,85280.65000000,85250.00000000,85250.00000000,5.87306000,1791219779999999,500777.07961890,1883,0.97359000,83019.62105620,0
1791219780000000,85250.00000000,85250.01000000,85210.27000000,85245.17000000,7.89771000,1791219839999999,673083.52949880,2986,3.57223000,304432.78434840,0
1791219840000000,85245.18000000,85245.18000000,85232.65000000,85233.39000000,2.15518000,1791219899999999,183710.44365500,1127,0.47379000,40386.26877090,0
1791219900000000,85233.38000000,85233.38000000,85223.54000000,85230.00000000,2.81085000,1791219959999999,239555.70812480,1067,1.79714000,153159.92721630,0
1791219960000000,85229.99000000,85248.01000000,85228.02000000,85243.29000000,6.64921000,1791220019999999,566747.46724190,1533,4.95575000,422404.22284080,0
1791220020000000,85243.29000000,85276.01000000,85243.29000000,85270.35000000,4.17905000,1791220079999999,356323.63632290,1385,3.16438000,269801.39629920,0
1791220080000000,85270.35000000,85270.36000000,85270.35000000,85270.36000000,2.16568000,1791220139999999,184668.31153660,232,1.99486000,170102.43034960,0
1791220140000000,85270.36000000,85270.36000000,85230.38000000,85230.38000000,4.39734000,1791220199999999,374864.58925600,1744,0.94794000,80797.79425280,0
1791220200000000,85230.38000000,85230.39000000,85230.00000000,85230.00000000,3.64271000,1791220259999999,310469.24292300,363,1.50333000,128129.16738530,0
1791220260000000,85230.00000000,85230.01000000,85217.32000000,85222.18000000,2.58954000,1791220319999999,220689.04600440,1031,0.62215000,53020.86941780,0
1791220320000000,85222.17000000,85229.89000000,85210.29000000,85210.30000000,4.87785000,1791220379999999,415694.16534830,1574,2.70968000,230921.86402270,0
1791220380000000,85210.29000000,85229.34000000,85210.29000000,85229.33000000,4.57895000,1791220439999999,390209.95196080,750,4.24419000,361683.15573900,0
1791220440000000,85229.33000000,85266.01000000,85229.33000000,85266.00000000,6.54933000,1791220499999999,558270.58318060,981,6.39122000,544792.60126750,0
1791220500000000,85266.01000000,85300.00000000,85266.00000000,85299.99000000,4.72709000,1791220559999999,403110.86329240,876,4.17228000,355799.75230220,0
1791220560000000,85300.00000000,85316.01000000,85299.99000000,85315.99000000,15.26619000,1791220619999999,1302405.41468280,1265,2.22833000,190094.38822320,0
1791220620000000,85316.00000000,85342.37000000,85312.12000000,85338.29000000,13.87428000,1791220679999999,1183792.62916010,2640,11.41887000,974283.40240580,0
1791220680000000,85338.29000000,85342.38000000,85318.15000000,85329.15000000,4.91824000,1791220739999999,419666.84228180,1680,1.85887000,158611.80208830,0
1791220740000000,85329.16000000,85339.89000000,85314.63000000,85322.00000000,21.46848000,1791220799999999,1831985.50267240,1663,7.68259000,655592.40566820,0
1791220800000000,85321.99000000,85324.68000000,85300.00000000,85300.01000000,4.96087000,1791220859999999,423240.23466610,1151,2.22591000,189907.18235160,0
1791220860000000,85300.01000000,85303.00000000,85300.00000000,85300.00000000,3.19739000,1791220919999999,272743.76042990,463,1.42751000,121769.10291840,0
1791220920000000,85300.01000000,85303.00000000,85300.00000000,85302.99000000,6.28342000,1791220979999999,535994.15069530,427,0.74121000,63227.17741640,0
1791220980000000,85302.99000000,85320.92000000,85302.99000000,85319.02000000,5.45290000,1791221039999999,465162.06432220,1027,4.63329000,395238.43143100,0
1791221040000000,85319.02000000,85343.09000000,85319.02000000,85343.08000000,10.00053000,1791221099999999,853258.55032260,1061,4.18996000,357503.02248290,0
1791221100000000,85343.08000000,85350.01000000,85336.00000000,85350.00000000,5.78288000,1791221159999999,493528.18881380,1714,3.71563000,317104.01408090,0
1791221160000000,85350.00000000,85358.01000000,85350.00000000,85356.58000000,8.30898000,1791221219999999,709189.41685880,645,2.68743000,229387.64629580,0
1791221220000000,85356.58000000,85360.00000000,85352.00000000,85352.01000000,3.18643000,1791221279999999,271984.62825860,960,2.03781000,173940.82547450,0
1791221280000000,85352.01000000,85366.01000000,85352.00000000,85366.01000000,4.06511000,1791221339999999,347012.54095660,719,3.35689000,286554.84910320,0
1791221340000000,85366.00000000,85366.01000000,85366.00000000,85366.01000000,1.26733000,1791221399999999,108186.89998420,224,0.72042000,61499.38092420,0
1791221400000000,85366.01000000,85373.43000000,85352.25000000,85352.25000000,5.27962000,1791221459999999,450701.80895890,1765,0.92379000,78861.71196660,0
1791221460000000,85352.25000000,85352.26000000,85348.96000000,85348.97000000,3.98568000,1791221519999999,340175.54201110,689,2.52101000,215165.63089620,0
1791221520000000,85348.97000000,85358.01000000,85342.68000000,85342.69000000,4.32480000,1791221579999999,369123.39032970,1446,2.16641000,184902.98613770,0
1791221580000000,85342.69000000,85342.69000000,85263.10000000,85314.01000000,15.78398000,1791221639999999,1346380.79605570,4309,3.55734000,303371.04595780,0
1791221640000000,85314.00000000,85327.99000000,85302.00000000,85326.02000000,4.55223000,1791221699999999,388357.30587090,1921,2.17912000,185909.23144880,0
1791221700000000,85326.02000000,85326.02000000,85310.00000000,85310.01000000,2.99828000,1791221759999999,255803.26625670,807,0.85937000,73316.45791290,0
1791221760000000,85310.01000000,85314.01000000,85308.25000000,85314.00000000,2.76153000,1791221819999999,235587.54683880,535,2.33904000,199544.30700230,0
1791221820000000,85314.00000000,85314.01000000,85312.66000000,85312.66000000,1.27509000,1791221879999999,108782.61875990,330,0.34889000,29764.95557490,0
1791221880000000,85312.66000000,85312.67000000,85306.64000000,85306.65000000,3.03862000,1791221939999999,259220.88085510,717,1.95193000,166516.67988050,0
1791221940000000,85306.65000000,85318.49000000,85306.64000000,85318.49000000,3.54568000,1791221999999999,302491.01057240,546,3.32368000,283550.98660840,0
1791222000000000,85318.49000000,85332.01000000,85315.26000000,85332.00000000,4.81033000,1791222059999999,410428.80199070,926,3.90955000,333576.55507020,0
1791222060000000,85332.01000000,85337.49000000,85332.00000000,85337.48000000,1.60386000,1791222119999999,136868.64346860,387,0.67253000,57391.39173740,0
1791222120000000,85337.48000000,85337.49000000,85336.83000000,85336.84000000,2.48371000,1791222179999999,211952.47883080,547,1.37342000,117203.55717470,0
1791222180000000,85336.84000000,85336.84000000,85323.47000000,85323.47000000,2.34400000,1791222239999999,200011.29620420,962,0.46035000,39279.03578120,0
1791222240000000,85323.47000000,85328.54000000,85317.69000000,85328.53000000,4.64397000,1791222299999999,396229.86548400,930,3.36442000,287056.52489190,0
1791222300000000,85328.53000000,85353.43000000,85316.08000000,85316.09000000,16.10513000,1791222359999999,1374480.25903540,2554,3.17708000,271142.11172190,0
1791222360000000,85316.08000000,85316.09000000,85288.88000000,85288.88000000,9.82536000,1791222419999999,838152.84720670,1497,1.47016000,125417.56857670,0
1791222420000000,85288.89000000,85288.89000000,85259.22000000,85265.23000000,8.14232000,1791222479999999,694322.52671020,1115,2.29345000,195579.59527890,0
1791222480000000,85265.23000000,85265.23000000,85234.92000000,85260.01000000,7.55375000,1791222539999999,643945.35225980,1942,3.18534000,271536.49573270,0
1791222540000000,85260.01000000,85268.17000000,85248.36000000,85268.16000000,8.52037000,1791222599999999,726421.40755290,1321,5.52336000,470909.02864330,0
1791222600000000,85268.16000000,85284.01000000,85262.00000000,85280.91000000,7.14906000,1791222659999999,609637.06607820,1767,4.77483000,407167.54917950,0
1791222660000000,85280.90000000,85309.95000000,85280.90000000,85309.95000000,6.57635000,1791222719999999,560918.83344940,860,5.00556000,426931.61178600,0
1791222720000000,85309.95000000,85316.01000000,85300.01000000,85316.00000000,9.38927000,1791222779999999,801002.06475270,1147,1.87540000,159987.73060270,0
1791222780000000,85316.01000000,85360.01000000,85316.01000000,85360.01000000,5.64815000,1791222839999999,481964.05137750,1157,4.22630000,360640.43174720,0
1791222840000000,85360.01000000,85368.01000000,85360.00000000,85368.00000000,1.95944000,1791222899999999,167267.67862180,666,1.65543000,141315.22975590,0
1791222900000000,85368.01000000,85370.00000000,85368.00000000,85370.00000000,2.81104000,1791222959999999,239972.88610800,214,2.13336000,182120.69986800,0
1791222960000000,85370.00000000,85382.50000000,85370.00000000,85382.50000000,4.14311000,1791223019999999,353712.34226580,555,1.99013000,169907.66835010,0
1791223020000000,85382.49000000,85400.01000000,85382.49000000,85390.01000000,7.83037000,1791223079999999,668638.32898570,1500,4.24780000,362715.21487010,0
1791223080000000,85390.00000000,85428.01000000,85390.00000000,85414.88000000,13.73654000,1791223139999999,1173201.47868040,2624,6.06775000,518209.54268220,0
1791223140000000,85414.89000000,85440.00000000,85414.89000000,85429.24000000,6.72016000,1791223199999999,574076.47003270,1318,5.34129000,456273.62096750,0
1791223200000000,85429.24000000,85434.01000000,85417.50000000,85418.88000000,4.71772000,1791223259999999,403001.83461350,1729,1.81339000,154903.82606470,0
1791223260000000,85418.88000000,85500.00000000,85418.88000000,85488.01000000,7.28959000,1791223319999999,623013.23860610,3355,5.55474000,474699.98204240,0
1791223320000000,85488.00000000,85499.13000000,85472.00000000,85472.01000000,6.95048000,1791223379999999,594191.75360980,1710,3.15917000,270094.52399940,0
1791223380000000,85472.01000000,85472.01000000,85422.26000000,85428.00000000,15.66141000,1791223439999999,1338122.30274950,2537,2.19215000,187287.05418220,0
1791223440000000,85428.00000000,85428.00000000,85378.10000000,85378.10000000,15.99646000,1791223499999999,1366218.53567260,3276,1.98150000,169232.59288470,0
1791223500000000,85378.10000000,85378.10000000,85337.80000000,85376.01000000,9.97916000,1791223559999999,851812.01874520,3763,3.99982000,341412.11369830,0
1791223560000000,85376.00000000,85398.20000000,85376.00000000,85394.09000000,2.42607000,1791223619999999,207167.26799690,956,1.19923000,102398.81346270,0
1791223620000000,85394.09000000,85394.09000000,85386.03000000,85386.04000000,2.50002000,1791223679999999,213469.67200210,609,1.78911000,152766.28904120,0
1791223680000000,85386.04000000,85386.04000000,85386.03000000,85386.03000000,0.69836000,1791223739999999,59630.19246930,218,0.45585000,38923.22633400,0
1791223740000000,85386.03000000,85398.01000000,85386.03000000,85398.01000000,1.46795000,1791223799999999,125346.26706610,552,1.16045000,99089.75150140,0
1791223800000000,85398.01000000,85398.01000000,85398.00000000,85398.01000000,0.39676000,1791223859999999,33882.51287130,175,0.23913000,20421.22613130,0
1791223860000000,85398.01000000,85398.01000000,85386.03000000,85386.04000000,1.90745000,1791223919999999,162879.29712110,906,0.22135000,18900.76763830,0
1791223920000000,85386.04000000,85387.65000000,85386.03000000,85387.65000000,0.99030000,1791223979999999,84558.54788300,400,0.80818000,69007.86060730,0
1791223980000000,85388.01000000,85417.88000000,85388.01000000,85417.88000000,2.14871000,1791224039999999,183511.35121750,1141,1.80651000,154282.89223110,0
1791224040000000,85417.88000000,85449.33000000,85417.88000000,85449.32000000,3.25704000,1791224099999999,278276.30044910,981,3.07653000,262853.65966830,0
1791224100000000,85449.33000000,85463.64000000,85446.01000000,85446.02000000,3.98944000,1791224159999999,340906.88572700,1541,1.48902000,127238.43410760,0
1791224160000000,85446.02000000,85466.68000000,85446.01000000,85466.68000000,1.52291000,1791224219999999,130138.75806510,779,1.42583000,121843.32023290,0
1791224220000000,85466.67000000,85494.01000000,85466.67000000,85494.00000000,7.56227000,1791224279999999,646496.32003060,918,2.67274000,228470.99408940,0
1791224280000000,85494.01000000,85494.01000000,85472.00000000,85472.00000000,10.58618000,1791224339999999,904950.29649390,1044,3.70040000,316313.51383380,0
1791224340000000,85472.00000000,85484.01000000,85472.00000000,85484.01000000,1.44769000,1791224399999999,123745.35099340,664,1.25759000,107496.25942310,0
1791224400000000,85484.00000000,85506.01000000,85482.00000000,85486.00000000,17.53444000,1791224459999999,1499145.64847820,2005,15.47444000,1323028.56622290,0
1791224460000000,85486.00000000,85515.93000000,85472.04000000,85513.55000000,11.36005000,1791224519999999,971198.71584240,1834,6.16008000,526638.26345020,0
1791224520000000,85513.54000000,85535.99000000,85512.01000000,85512.01000000,27.46936000,1791224579999999,2349323.27093900,2671,17.92956000,1533483.87274140,0
1791224580000000,85512.02000000,85523.13000000,85504.00000000,85510.03000000,4.73887000,1791224639999999,405230.17555480,1232,1.32060000,112926.50962960,0
1791224640000000,85510.02000000,85516.01000000,85510.02000000,85516.01000000,5.46718000,1791224699999999,467519.48409600,961,2.35917000,201739.80401610,0
1791224700000000,85516.00000000,85516.01000000,85502.68000000,85506.00000000,3.93179000,1791224759999999,336209.44570040,502,0.84675000,72401.24723000,0
1791224760000000,85506.00000000,85526.73000000,85506.00000000,85526.72000000,4.71029000,1791224819999999,402823.89664840,963,2.64809000,226455.53669490,0
1791224820000000,85526.72000000,85526.73000000,85526.72000000,85526.73000000,4.31327000,1791224879999999,368899.84994210,280,1.43677000,122882.23986210,0
1791224880000000,85526.73000000,85605.17000000,85526.73000000,85605.16000000,8.85647000,1791224939999999,757893.63125620,3563,7.21721000,617592.95349520,0
1791224940000000,85605.17000000,85607.21000000,85566.01000000,85566.01000000,15.48815000,1791224999999999,1325622.05844990,1813,3.51212000,300596.29015610,0
1791225000000000,85566.01000000,85566.01000000,85534.00000000,85560.87000000,5.97783000,1791225059999999,511373.89322630,2430,4.03365000,345044.65926240,0
1791225060000000,85560.87000000,85576.01000000,85540.33000000,85541.40000000,9.66920000,1791225119999999,827299.75806040,1606,6.41276000,548686.15009930,0
1791225120000000,85541.41000000,85552.01000000,85514.39000000,85552.01000000,7.54739000,1791225179999999,645492.14443490,1982,2.45202000,209720.46423800,0
1791225180000000,85552.00000000,85572.01000000,85552.00000000,85572.01000000,2.47844000,1791225239999999,212041.24791060,757,1.72978000,147991.62651460,0
1791225240000000,85572.00000000,85619.55000000,85572.00000000,85615.66000000,7.85466000,1791225299999999,672361.87594980,1437,7.03851000,602487.38984540,0
1791225300000000,85615.66000000,85638.95000000,85615.65000000,85631.07000000,17.86735000,1791225359999999,1530073.01501980,1351,4.22135000,361456.34659410,0
1791225360000000,85631.08000000,85631.08000000,85592.41000000,85598.01000000,8.12673000,1791225419999999,695678.97097780,1359,3.37153000,288593.77864520,0
1791225420000000,85598.01000000,85613.52000000,85586.01000000,85586.01000000,6.54306000,1791225479999999,560127.45535100,1104,2.32326000,198894.79862510,0
1791225480000000,85586.01000000,85587.18000000,85574.00000000,85587.18000000,3.04624000,1791225539999999,260686.65691720,819,1.80489000,154454.84971430,0
1791225540000000,85587.18000000,85634.23000000,85587.17000000,85616.01000000,6.20701000,1791225599999999,531416.32370740,1607,4.24561000,363470.07718770,0
1791225600000000,85616.01000000,85616.01000000,85608.22000000,85608.22000000,5.07177000,1791225659999999,434194.46747720,583,1.90891000,163418.87810850,0
1791225660000000,85608.22000000,85608.22000000,85598.00000000,85598.01000000,3.15506000,1791225719999999,270079.30305620,381,0.33201000,28419.39530010,0
1791225720000000,85598.01000000,85598.01000000,85589.77000000,85597.86000000,5.93952000,1791225779999999,508405.31964640,911,4.20900000,360278.86316430,0
1791225780000000,85597.86000000,85634.48000000,85597.86000000,85617.41000000,10.89372000,1791225839999999,932729.01190840,2144,5.22230000,447107.75763860,0
1791225840000000,85617.41000000,85617.41000000,85613.77000000,85617.40000000,3.33844000,1791225899999999,285823.35983080,507,0.44594000,38179.16137180,0
1791225900000000,85617.41000000,85617.41000000,85613.77000000,85613.77000000,2.49323000,1791225959999999,213456.45925810,366,0.89695000,76791.33224300,0
1791225960000000,85613.77000000,85627.03000000,85613.77000000,85621.07000000,5.26236000,1791226019999999,450565.25507080,667,3.32466000,284653.01769080,0
1791226020000000,85621.07000000,85621.07000000,85613.77000000,85613.78000000,4.04031000,1791226079999999,345914.21024960,392,2.55291000,218564.89052160,0
1791226080000000,85613.77000000,85613.78000000,85613.77000000,85613.78000000,0.65086000,1791226139999999,55722.58410430,182,0.57621000,49331.51617380,0
1791226140000000,85613.78000000,85619.23000000,85603.94000000,85618.22000000,15.28543000,1791226199999999,1308622.82090160,1005,12.76129000,1092524.83757890,0
1791226200000000,85618.23000000,85618.23000000,85603.94000000,85603.95000000,3.64673000,1791226259999999,312218.34203080,565,1.02085000,87401.40001770,0
1791226260000000,85603.95000000,85614.74000000,85603.95000000,85614.74000000,2.00509000,1791226319999999,171649.93961380,398,1.46917000,125769.31302420,0
1791226320000000,85614.73000000,85623.86000000,85600.00000000,85600.00000000,13.02081000,1791226379999999,1114764.15571770,1009,5.92551000,507324.66966310,0
1791226380000000,85600.00000000,85600.86000000,85577.55000000,85600.86000000,22.36300000,1791226439999999,1914052.18364720,884,3.09667000,265065.79227600,0
1791226440000000,85600.86000000,85627.56000000,85594.56000000,85627.55000000,20.98765000,1791226499999999,1796754.69333960,1253,11.13995000,953659.51138500,0
1791226500000000,85627.55000000,85643.94000000,85624.61000000,85624.62000000,19.34319000,1791226559999999,1656442.00373300,1161,9.43136000,807639.43352600,0
1791226560000000,85624.62000000,85646.00000000,85624.61000000,85646.00000000,6.97771000,1791226619999999,597523.09206840,510,6.74317000,577438.28274690,0
1791226620000000,85645.99000000,85646.00000000,85641.80000000,85645.99000000,9.83500000,1791226679999999,842300.95471200,465,2.99708000,256685.84363390,0
1791226680000000,85646.00000000,85646.00000000,85645.99000000,85646.00000000,2.24781000,1791226739999999,192515.93093570,197,1.81538000,155480.03548000,0
1791226740000000,85645.99000000,85649.16000000,85645.99000000,85649.14000000,15.44180000,1791226799999999,1322570.96810780,485,3.85560000,330224.25557190,0
1791226800000000,85649.15000000,85657.14000000,85628.64000000,85628.65000000,7.56303000,1791226859999999,647742.16008690,1200,1.56677000,134188.21858320,0
1791226860000000,85628.65000000,85628.65000000,85618.92000000,85627.96000000,5.07500000,1791226919999999,434544.06239260,861,0.96515000,82638.01740880,0
1791226920000000,85627.96000000,85627.96000000,85556.50000000,85568.00000000,13.24133000,1791226979999999,1133431.93768410,2562,2.36654000,202572.40585700,0
1791226980000000,85568.01000000,85584.35000000,85568.01000000,85578.15000000,5.82767000,1791227039999999,498692.05974950,1503,1.72662000,147752.14794640,0
1791227040000000,85578.15000000,85578.15000000,85561.32000000,85562.70000000,3.33800000,1791227099999999,285624.20323400,1037,1.62705000,139215.25601800,0
1791227100000000,85562.69000000,85579.14000000,85562.69000000,85576.39000000,2.30177000,1791227159999999,196970.68565700,881,0.96981000,82987.87046410,0
1791227160000000,85576.40000000,85592.77000000,85565.44000000,85592.76000000,4.18103000,1791227219999999,357785.30567650,1068,3.21986000,275533.75269670,0
1791227220000000,85592.77000000,85592.77000000,85558.14000000,85558.14000000,3.73667000,1791227279999999,319800.54105140,724,1.63964000,140334.02995640,0
1791227280000000,85558.15000000,85571.02000000,85553.99000000,85554.00000000,3.06571000,1791227339999999,262309.88970740,888,0.93135000,79688.15350120,0
1791227340000000,85553.99000000,85591.99000000,85553.99000000,85591.98000000,5.05348000,1791227399999999,432494.14870830,1147,4.80707000,411406.39852150,0
1791227400000000,85591.98000000,85621.74000000,85591.98000000,85621.74000000,1.61587000,1791227459999999,138337.01517890,720,0.78812000,67466.91835200,0
1791227460000000,85621.74000000,85634.25000000,85621.73000000,85634.25000000,1.65532000,1791227519999999,141745.47811830,778,1.51943000,130108.96605010,0
1791227520000000,85634.25000000,85656.01000000,85634.24000000,85656.00000000,5.77508000,1791227579999999,494651.19534810,1209,1.33335000,114190.68399310,0
1791227580000000,85656.01000000,85666.66000000,85656.00000000,85666.65000000,4.89290000,1791227639999999,419141.40769430,957,3.72741000,319299.70129530,0
1791227640000000,85666.66000000,85692.30000000,85666.65000000,85669.10000000,15.44872000,1791227699999999,1323693.87818990,1984,3.46033000,296483.51615620,0
1791227700000000,85669.09000000,85669.10000000,85664.31000000,85664.31000000,1.91158000,1791227759999999,163761.42300530,436,0.22463000,19243.61077380,0
1791227760000000,85664.32000000,85664.32000000,85622.36000000,85651.97000000,17.80976000,1791227819999999,1525133.76741690,1342,1.13116000,96871.96310290,0
1791227820000000,85651.97000000,85677.67000000,85645.55000000,85677.67000000,3.69421000,1791227879999999,316460.57247860,1335,2.87328000,246147.11129280,0
1791227880000000,85677.66000000,85795.52000000,85677.66000000,85781.22000000,23.73304000,1791227939999999,2035193.23313650,4682,15.91944000,1364970.26321530,0
1791227940000000,85781.22000000,85792.58000000,85765.45000000,85765.45000000,9.20569000,1791227999999999,789637.67240720,2394,4.00058000,343137.05434410,0
1791228000000000,85765.45000000,85765.46000000,85736.55000000,85736.85000000,4.69524000,1791228059999999,402622.12983770,769,1.18151000,101304.77097140,0
1791228060000000,85736.86000000,85762.01000000,85733.23000000,85736.10000000,15.94888000,1791228119999999,1367532.10326130,1929,10.62174000,910737.30674180,0
1791228120000000,85736.10000000,85754.01000000,85725.12000000,85754.00000000,4.30074000,1791228179999999,368727.67527310,1199,3.01630000,258609.23368880,0
1791228180000000,85754.01000000,85772.01000000,85754.01000000,85766.86000000,5.47093000,1791228239999999,469225.73221760,1173,2.73686000,234732.97662370,0
1791228240000000,85766.87000000,85766.87000000,85741.89000000,85741.89000000,6.71753000,1791228299999999,576063.74298430,1105,0.38961000,33408.02960390,0
1791228300000000,85741.89000000,85776.96000000,85740.87000000,85764.86000000,5.79424000,1791228359999999,496953.15376320,1514,3.18546000,273201.10831550,0
1791228360000000,85764.87000000,85764.87000000,85746.61000000,85746.61000000,3.74271000,1791228419999999,320960.72090930,651,0.25466000,21839.40942130,0
1791228420000000,85746.62000000,85746.62000000,85732.96000000,85732.97000000,7.75905000,1791228479999999,665289.68646730,419,0.26162000,22431.56204930,0
1791228480000000,85732.97000000,85737.09000000,85732.96000000,85737.09000000,1.48400000,1791228539999999,127231.09781800,229,0.94404000,80937.30984960,0
1791228540000000,85737.09000000,85737.09000000,85728.01000000,85728.02000000,4.21676000,1791228599999999,361511.46440370,426,1.97962000,169716.88165810,0
1791228600000000,85728.01000000,85728.01000000,85700.00000000,85704.00000000,5.29549000,1791228659999999,453887.15184380,869,1.13650000,97400.95503280,0
1791228660000000,85704.01000000,85744.23000000,85704.01000000,85720.01000000,5.15786000,1791228719999999,442177.09353090,2405,3.42508000,293612.05614560,0
1791228720000000,85720.01000000,85749.54000000,85720.00000000,85746.01000000,3.77284000,1791228779999999,323477.40860760,1494,2.98722000,256113.56949110,0
1791228780000000,85746.01000000,85786.97000000,85746.01000000,85778.00000000,8.24148000,1791228839999999,706887.26934700,2699,4.86739000,417472.35741570,0
1791228840000000,85778.00000000,85778.00000000,85738.01000000,85738.01000000,5.37311000,1791228899999999,460782.97648760,1912,1.64774000,141292.65271170,0
1791228900000000,85738.01000000,85738.01000000,85719.13000000,85719.13000000,1.89398000,1791228959999999,162374.89511840,946,0.28173000,24153.45966480,0
1791228960000000,85719.13000000,85719.14000000,85698.01000000,85698.01000000,3.60581000,1791229019999999,309046.30837180,1162,0.28635000,24542.82391830,0
1791229020000000,85698.01000000,85698.01000000,85667.84000000,85673.89000000,3.87194000,1791229079999999,331750.01203760,1672,0.60706000,52013.86833320,0
1791229080000000,85673.89000000,85684.01000000,85673.89000000,85680.00000000,3.08833000,1791229139999999,264604.24059130,824,1.56135000,133771.01546470,0
1791229140000000,85680.00000000,85698.01000000,85674.00000000,85698.01000000,8.37262000,1791229199999999,717388.61578760,966,7.61601000,652561.51899450,0
1791229200000000,85698.01000000,85724.01000000,85698.00000000,85708.01000000,3.95251000,1791229259999999,338793.04772960,1372,1.95635000,167689.15931160,0
1791229260000000,85708.00000000,85708.01000000,85707.32000000,85708.00000000,1.33858000,1791229319999999,114726.73518620,368,0.42965000,36824.28341420,0
1791229320000000,85708.01000000,85746.01000000,85708.00000000,85740.82000000,4.30217000,1791229379999999,368837.77654270,1394,3.02717000,259521.75702630,0
1791229380000000,85740.81000000,85740.82000000,85738.00000000,85738.01000000,2.41010000,1791229439999999,206641.72525820,385,0.43532000,37324.67738010,0
1791229440000000,85738.01000000,85738.01000000,85714.00000000,85716.75000000,4.41365000,1791229499999999,378341.30194760,1526,1.72810000,148124.07016900,0
1791229500000000,85716.74000000,85716.75000000,85680.00000000,85680.00000000,3.52150000,1791229559999999,301799.34280090,1372,1.08709000,93165.53223670,0
1791229560000000,85680.01000000,85680.01000000,85680.00000000,85680.00000000,4.11531000,1791229619999999,352599.76436720,253,0.35672000,30563.77316720,0
1791229620000000,85680.01000000,85690.00000000,85672.03000000,85672.05000000,3.68730000,1791229679999999,315932.81668090,1399,0.64991000,55686.15784540,0
1791229680000000,85672.05000000,85700.01000000,85672.04000000,85700.01000000,3.13029000,1791229739999999,268231.20800610,1131,2.95715000,253395.34972820,0
1791229740000000,85700.00000000,85701.15000000,85697.62000000,85701.14000000,2.29179000,1791229799999999,196405.53097050,455,0.41219000,35324.10560590,0
1791229800000000,85701.15000000,85701.15000000,85691.42000000,85693.82000000,8.22185000,1791229859999999,704594.65204690,998,1.43497000,122966.19205580,0
1791229860000000,85693.82000000,85693.82000000,85680.18000000,85684.01000000,5.94732000,1791229919999999,509597.71154090,758,2.85814000,244891.75283760,0
1791229920000000,85684.01000000,85734.01000000,85684.00000000,85708.90000000,6.77823000,1791229979999999,581028.05514070,2384,4.32440000,370685.57755940,0
1791229980000000,85708.89000000,85708.90000000,85688.58000000,85694.01000000,3.59947000,1791230039999999,308465.91488850,1009,0.82198000,70437.27143410,0
1791230040000000,85694.00000000,85694.01000000,85659.78000000,85659.79000000,6.15360000,1791230099999999,527216.59600920,1173,0.43914000,37628.99114140,0
1791230100000000,85659.78000000,85672.01000000,85659.78000000,85672.00000000,2.39838000,1791230159999999,205459.34303090,991,1.36212000,116686.41577850,0
1791230160000000,85672.01000000,85708.01000000,85672.00000000,85701.56000000,8.85984000,1791230219999999,759276.61351660,1332,2.97494000,254926.45592610,0
1791230220000000,85701.56000000,85716.01000000,85700.80000000,85716.01000000,3.11247000,1791230279999999,266747.12683980,773,1.64287000,140801.04737300,0
1791230280000000,85716.01000000,85732.00000000,85716.00000000,85728.56000000,3.38064000,1791230339999999,289798.28728480,807,1.75986000,150853.47115040,0
1791230340000000,85728.56000000,85737.22000000,85711.29000000,85724.00000000,12.95316000,1791230399999999,1110394.21494510,2431,3.84863000,329922.70514930,0
1791230400000000,85724.00000000,85772.01000000,85724.00000000,85751.17000000,7.39006000,1791230459999999,633680.18542470,2456,4.99620000,428384.98968930,0
1791230460000000,85751.16000000,85751.17000000,85698.55000000,85702.01000000,6.66587000,1791230519999999,571429.50197800,2127,1.03039000,88326.68013920,0
1791230520000000,85702.01000000,85716.01000000,85701.48000000,85701.48000000,8.48587000,1791230579999999,727350.73188050,1305,1.13791000,97531.73573970,0
1791230580000000,85701.49000000,85701.49000000,85694.01000000,85701.49000000,4.30682000,1791230639999999,369075.94594420,1009,3.18524000,272958.53098020,0
1791230640000000,85701.49000000,85701.49000000,85698.48000000,85698.48000000,1.71599000,1791230699999999,147062.26939090,327,0.41334000,35423.85387660,0
1791230700000000,85698.48000000,85698.48000000,85644.00000000,85648.00000000,7.06577000,1791230759999999,605366.65465330,2021,1.72792000,148042.44840960,0
1791230760000000,85647.99000000,85678.01000000,85647.99000000,85678.00000000,4.32097000,1791230819999999,370144.76349740,1008,2.24139000,191998.05379310,0
1791230820000000,85678.00000000,85678.00000000,85660.00000000,85666.00000000,2.92687000,1791230879999999,250737.79155680,996,1.48958000,127603.79082710,0
1791230880000000,85666.00000000,85676.01000000,85666.00000000,85676.01000000,1.18821000,1791230939999999,101792.84535330,350,1.03088000,88314.24035330,0
1791230940000000,85676.01000000,85702.01000000,85676.01000000,85702.01000000,2.96665000,1791230999999999,254233.07844880,658,1.10176000,94411.18697840,0
1791231000000000,85702.01000000,85704.01000000,85685.81000000,85685.82000000,3.88375000,1791231059999999,332832.95907810,845,1.48063000,126892.81415990,0
1791231060000000,85685.82000000,85694.01000000,85685.81000000,85694.00000000,2.00037000,1791231119999999,171416.65246410,407,1.06045000,90871.77796200,0
1791231120000000,85694.00000000,85694.01000000,85694.00000000,85694.00000000,0.63555000,1791231179999999,54462.82378110,172,0.20811000,17833.78042110,0
1791231180000000,85694.01000000,85694.01000000,85679.67000000,85679.67000000,2.78884000,1791231239999999,238971.97821040,1229,0.61879000,53023.64214590,0
1791231240000000,85679.67000000,85680.76000000,85676.10000000,85680.76000000,4.26530000,1791231299999999,365436.30153100,498,1.38057000,118282.39426920,0
1791231300000000,85680.76000000,85711.29000000,85680.75000000,85711.29000000,5.05720000,1791231359999999,433384.40431530,796,3.13028000,268257.45353380,0
1791231360000000,85711.29000000,85722.15000000,85706.95000000,85722.14000000,3.35089000,1791231419999999,287210.41550630,1026,1.83130000,156964.44493150,0
1791231420000000,85722.15000000,85754.33000000,85722.14000000,85754.32000000,4.56661000,1791231479999999,391525.37618670,1182,4.17168000,357663.66776680,0
1791231480000000,85754.32000000,85754.33000000,85741.63000000,85750.46000000,3.95898000,1791231539999999,339483.09708480,1312,0.78912000,67663.85325290,0
1791231540000000,85750.46000000,85760.06000000,85738.22000000,85750.01000000,5.66676000,1791231599999999,485915.60394960,2402,1.86619000,160021.29742870,0
1791231600000000,85750.00000000,85833.22000000,85750.00000000,85819.58000000,22.40888000,1791231659999999,1922857.10128970,2896,20.45247000,1754954.92406330,0
1791231660000000,85819.58000000,85819.59000000,85814.80000000,85816.30000000,1.39786000,1791231719999999,119960.23866240,544,0.68280000,58595.19201300,0
1791231720000000,85816.29000000,85825.81000000,85805.00000000,85805.00000000,4.69442000,1791231779999999,402856.19596660,1600,0.76839000,65942.30051860,0
1791231780000000,85805.00000000,85805.01000000,85790.00000000,85790.00000000,3.82910000,1791231839999999,328537.07834890,847,0.19344000,16597.99980600,0
1791231840000000,85790.01000000,85790.01000000,85784.24000000,85784.25000000,3.75257000,1791231899999999,321921.27332350,480,2.36587000,202960.58202480,0
1791231900000000,85784.24000000,85798.01000000,85784.24000000,85798.00000000,1.82482000,1791231959999999,156551.80690790,674,1.19941000,102895.78955510,0
1791231960000000,85798.00000000,85798.01000000,85765.46000000,85765.46000000,9.28416000,1791232019999999,796369.70523930,1327,2.20482000,189112.77611910,0
1791232020000000,85765.47000000,85765.47000000,85765.46000000,85765.47000000,1.15919000,1791232079999999,99418.47191920,286,0.83418000,71543.83976460,0
1791232080000000,85765.46000000,85770.01000000,85765.46000000,85770.00000000,1.15062000,1791232139999999,98686.50590840,574,0.73928000,63406.64254880,0
1791232140000000,85770.00000000,85770.01000000,85770.00000000,85770.01000000,1.63864000,1791232199999999,140546.16695660,177,1.41566000,121421.17235660,0
1791232200000000,85770.01000000,85792.00000000,85770.00000000,85789.47000000,3.11889000,1791232259999999,267542.70475880,1081,1.40044000,120123.51516780,0
1791232260000000,85789.48000000,85789.48000000,85775.83000000,85775.84000000,6.43797000,1791232319999999,552252.15523030,683,2.62791000,225423.82651700,0
1791232320000000,85775.84000000,85775.84000000,85775.83000000,85775.84000000,0.80105000,1791232379999999,68710.73444220,155,0.58207000,49927.54318880,0
1791232380000000,85775.83000000,85775.84000000,85775.83000000,85775.83000000,1.18962000,1791232439999999,102040.64492430,200,0.20397000,17495.69808480,0
1791232440000000,85775.84000000,85775.84000000,85775.83000000,85775.84000000,2.31812000,1791232499999999,198838.68235950,299,1.53199000,131407.72912160,0
1791232500000000,85775.83000000,85775.83000000,85730.73000000,85746.01000000,12.52989000,1791232559999999,1074449.38693980,2171,2.33690000,200356.81482080,0
1791232560000000,85746.01000000,85806.69000000,85746.01000000,85806.68000000,5.39010000,1791232619999999,462370.46800600,1710,3.79305000,325351.38063740,0
1791232620000000,85806.68000000,85812.01000000,85806.68000000,85812.00000000,1.57348000,1791232679999999,135016.21960680,395,1.26459000,108511.04618720,0
1791232680000000,85812.00000000,85828.01000000,85792.00000000,85806.00000000,6.73159000,1791232739999999,577673.62835320,1738,1.49764000,128512.68544540,0
1791232740000000,85806.00000000,85809.78000000,85804.14000000,85804.47000000,2.77446000,1791232799999999,238069.51311790,746,0.97234000,83435.71190230,0
1791232800000000,85804.47000000,85804.48000000,85797.18000000,85798.01000000,1.98918000,1791232859999999,170671.43377650,684,0.27470000,23568.55872510,0
1791232860000000,85798.01000000,85812.05000000,85798.00000000,85812.05000000,2.38449000,1791232919999999,204602.34164410,868,2.18188000,187217.96014990,0
1791232920000000,85812.04000000,85815.65000000,85812.04000000,85815.65000000,1.94003000,1791232979999999,166483.41364810,422,1.74274000,149553.06429710,0
1791232980000000,85815.64000000,85815.65000000,85808.93000000,85808.93000000,2.46652000,1791233039999999,211659.68265220,592,0.11543000,9905.11295190,0
1791233040000000,85808.93000000,85808.93000000,85802.72000000,85802.73000000,1.07459000,1791233099999999,92206.99203310,345,0.11286000,9683.84632220,0
1791233100000000,85802.72000000,85802.73000000,85802.72000000,85802.73000000,1.34803000,1791233159999999,115664.64708120,170,0.64396000,55253.52601080,0
1791233160000000,85802.72000000,85806.01000000,85802.72000000,85806.00000000,1.29500000,1791233219999999,111114.91686490,361,1.11014000,95253.31685450,0
1791233220000000,85806.01000000,85823.49000000,85806.00000000,85823.48000000,1.43236000,1791233279999999,122915.83856040,926,1.19862000,102856.53968860,0
1791233280000000,85823.49000000,85841.74000000,85823.48000000,85826.16000000,5.84760000,1791233339999999,501924.44627420,1630,3.57883000,307185.38667460,0
1791233340000000,85826.15000000,85843.19000000,85806.11000000,85843.19000000,11.67569000,1791233399999999,1001989.49130220,2025,7.57872000,650413.39914110,0
1791233400000000,85843.19000000,85848.00000000,85843.18000000,85847.92000000,10.88324000,1791233459999999,934259.24338080,586,4.20333000,360833.74998970,0
1791233460000000,85847.92000000,85860.00000000,85834.60000000,85834.60000000,9.03460000,1791233519999999,775656.77898530,1893,3.57598000,307023.80522970,0
1791233520000000,85834.61000000,85834.61000000,85804.16000000,85804.16000000,8.42072000,1791233579999999,722717.46304190,1533,0.33654000,28877.62845380,0
1791233580000000,85804.17000000,85808.06000000,85804.16000000,85808.06000000,0.88077000,1791233639999999,75575.81603360,336,0.66527000,57084.54917480,0
1791233640000000,85808.05000000,85808.06000000,85804.16000000,85806.01000000,2.87579000,1791233699999999,246762.52834780,447,1.67159000,143434.63317100,0
1791233700000000,85806.01000000,85822.01000000,85806.01000000,85822.01000000,1.17869000,1791233759999999,101152.81691890,482,0.69745000,59851.96853890,0
1791233760000000,85822.00000000,85822.01000000,85818.83000000,85818.83000000,2.62893000,1791233819999999,225615.51508170,790,0.50322000,43187.08388950,0
1791233820000000,85818.83000000,85818.83000000,85807.16000000,85807.17000000,4.04698000,1791233879999999,347288.39669070,1077,0.24086000,20668.06774950,0
1791233880000000,85807.17000000,85807.17000000,85800.81000000,85806.01000000,2.91069000,1791233939999999,249750.14947840,887,1.07881000,92565.60259600,0
1791233940000000,85806.00000000,85806.01000000,85783.94000000,85783.94000000,7.65982000,1791233999999999,657188.35808820,1226,1.26433000,108461.34642000,0
1791234000000000,85783.95000000,85783.95000000,85776.01000000,85776.01000000,1.85681000,1791234059999999,159277.24649950,811,0.16189000,13886.75641360,0
1791234060000000,85776.02000000,85776.02000000,85723.47000000,85723.48000000,9.60150000,1791234119999999,823439.03362820,2010,0.37115000,31827.40524960,0
1791234120000000,85723.47000000,85727.04000000,85698.57000000,85727.03000000,9.70885000,1791234179999999,832204.42807460,1969,5.16133000,442388.73274790,0
1791234180000000,85727.04000000,85727.04000000,85727.03000000,85727.03000000,2.18609000,1791234239999999,187407.01097070,277,0.79580000,68221.57843200,0
1791234240000000,85727.04000000,85727.04000000,85727.03000000,85727.03000000,1.07124000,1791234299999999,91834.22867240,221,0.50552000,43336.73326080,0
1791234300000000,85727.04000000,85737.05000000,85727.03000000,85737.05000000,4.71185000,1791234359999999,403973.56659910,1716,4.31615000,370047.73526040,0
1791234360000000,85737.05000000,85774.86000000,85737.04000000,85774.86000000,3.56055000,1791234419999999,305330.44449210,2244,3.35454000,287664.12777640,0
1791234420000000,85774.86000000,85776.07000000,85760.05000000,85760.06000000,4.41035000,1791234479999999,378293.69572770,1071,1.36603000,117171.18877310,0
1791234480000000,85760.05000000,85760.06000000,85760.01000000,85760.02000000,1.55888000,1791234539999999,133689.59613140,247,0.07914000,6787.04972960,0
1791234540000000,85760.02000000,85760.02000000,85751.99000000,85752.00000000,2.39041000,1791234599999999,204996.11252360,400,0.25205000,21614.70404550,0
1791234600000000,85751.99000000,85752.00000000,85751.99000000,85752.00000000,0.96219000,1791234659999999,82509.70839030,115,0.11322000,9708.84144000,0
1791234660000000,85752.00000000,85752.00000000,85723.54000000,85723.54000000,8.09138000,1791234719999999,693743.48489320,1583,1.55681000,133469.68652430,0
1791234720000000,85723.55000000,85723.55000000,85720.00000000,85720.00000000,2.76114000,1791234779999999,236693.96183750,412,0.10592000,9079.81013140,0
1791234780000000,85720.00000000,85736.74000000,85707.94000000,85736.74000000,7.66211000,1791234839999999,656787.95845970,1983,4.61321000,395451.41500450,0
1791234840000000,85736.73000000,85750.57000000,85736.73000000,85750.56000000,2.37270000,1791234899999999,203439.11987490,1173,2.31129000,198173.66010250,0
1791234900000000,85750.57000000,85769.09000000,85750.56000000,85769.09000000,1.20614000,1791234959999999,103435.35423060,685,1.06835000,91619.02318820,0
1791234960000000,85769.09000000,85787.53000000,85769.08000000,85787.52000000,1.82069000,1791235019999999,156181.54794730,967,1.28554000,110274.20582520,0
1791235020000000,85787.52000000,85787.53000000,85787.50000000,85787.50000000,3.07461000,1791235079999999,263763.18187970,323,1.87462000,160819.01944240,0
1791235080000000,85787.50000000,85813.81000000,85787.48000000,85813.81000000,3.33615000,1791235139999999,286214.90459030,1092,2.21836000,190322.47370540,0
1791235140000000,85813.81000000,85821.63000000,85813.81000000,85821.63000000,3.62995000,1791235199999999,311519.88278660,498,2.40420000,206325.97919270,0
1791235200000000,85821.62000000,85821.96000000,85821.62000000,85821.95000000,1.98200000,1791235259999999,170099.02586080,379,0.28940000,24836.80838700,0
1791235260000000,85821.95000000,85821.96000000,85821.95000000,85821.96000000,2.38250000,1791235319999999,204470.81550930,193,1.96343000,168505.41092280,0
1791235320000000,85821.95000000,85821.96000000,85821.95000000,85821.95000000,1.46638000,1791235379999999,125847.60271960,120,1.16786000,100228.03420560,0
1791235380000000,85821.96000000,85827.61000000,85821.95000000,85827.61000000,5.39038000,1791235439999999,462623.27972870,545,4.37683000,375638.32733470,0
1791235440000000,85827.61000000,85827.61000000,85819.66000000,85819.66000000,9.43644000,1791235499999999,809879.63934550,742,1.42909000,122652.06863040,0
1791235500000000,85819.66000000,85819.67000000,85819.64000000,85819.64000000,2.53878000,1791235559999999,217877.23390110,358,1.21630000,104382.46394750,0
1791235560000000,85819.64000000,85819.64000000,85819.63000000,85819.64000000,1.47055000,1791235619999999,126202.06700100,152,0.90366000,77551.77588240,0
1791235620000000,85819.64000000,85842.01000000,85819.63000000,85842.00000000,12.58500000,1791235679999999,1080114.20532900,913,10.84595000,930838.42631330,0
1791235680000000,85842.00000000,85842.01000000,85842.00000000,85842.00000000,1.80465000,1791235739999999,154914.76739880,207,0.20988000,18016.52105880,0
1791235740000000,85842.00000000,85842.01000000,85803.99000000,85804.00000000,14.08167000,1791235799999999,1208461.84774270,1636,3.31444000,284394.73093610,0
1791235800000000,85803.99000000,85805.37000000,85803.99000000,85805.36000000,2.73479000,1791235859999999,234656.19725250,433,2.05654000,176459.61551190,0
1791235860000000,85805.36000000,85805.37000000,85805.36000000,85805.36000000,0.67287000,1791235919999999,57735.85570390,117,0.31207000,26777.28181590,0
1791235920000000,85805.37000000,85832.01000000,85805.36000000,85832.01000000,3.07295000,1791235979999999,263700.17841480,1417,2.85851000,245296.60501820,0
1791235980000000,85832.01000000,85837.42000000,85832.00000000,85837.41000000,0.79625000,1791236039999999,68345.61898700,332,0.48362000,41511.26493670,0
1791236040000000,85837.42000000,85902.50000000,85837.41000000,85902.50000000,12.33266000,1791236099999999,1059163.00606310,2637,7.86775000,675633.83692260,0
1791236100000000,85902.49000000,85926.83000000,85897.36000000,85897.37000000,6.24990000,1791236159999999,536963.85265160,2335,1.70095000,146130.34905040,0
1791236160000000,85897.37000000,85897.37000000,85868.00000000,85877.33000000,7.33030000,1791236219999999,629542.00910150,1580,4.74310000,407354.24867760,0
1791236220000000,85877.33000000,85904.51000000,85877.33000000,85904.50000000,11.59065000,1791236279999999,995616.86037550,1775,7.45690000,640537.03326730,0
1791236280000000,85904.50000000,85908.00000000,85903.99000000,85903.99000000,9.98721000,1791236339999999,857953.52315960,641,8.20249000,704634.82658890,0
1791236340000000,85903.99000000,85904.00000000,85903.99000000,85904.00000000,0.37505000,1791236399999999,32218.29339270,70,0.19432000,16692.86528000,0
1791236400000000,85903.99000000,85904.00000000,85883.17000000,85895.62000000,8.02121000,1791236459999999,688995.82861870,1611,0.83824000,71998.30738580,0
1791236460000000,85895.62000000,85901.20000000,85895.61000000,85901.20000000,0.61202000,1791236519999999,52571.89553240,268,0.43111000,37031.74717190,0
1791236520000000,85901.20000000,85901.25000000,85901.19000000,85901.24000000,0.42375000,1791236579999999,36400.64025980,225,0.39725000,34124.25828140,0
1791236580000000,85901.24000000,85923.48000000,85901.24000000,85923.40000000,9.08261000,1791236639999999,780354.53999180,1241,4.80231000,412594.02291560,0
1791236640000000,85923.40000000,85927.89000000,85923.40000000,85925.31000000,8.79220000,1791236699999999,755471.37998030,951,5.87062000,504428.00380380,0
1791236700000000,85925.31000000,85925.31000000,85908.00000000,85913.97000000,6.75621000,1791236759999999,580468.18807900,1109,2.01966000,173507.33489560,0
1791236760000000,85913.96000000,85913.96000000,85900.00000000,85900.00000000,4.83765000,1791236819999999,415573.42670830,438,0.20656000,17744.45468260,0
1791236820000000,85899.99000000,85900.00000000,85847.98000000,85890.63000000,8.77725000,1791236879999999,753708.58317450,2544,2.35191000,201949.38470580,0
1791236880000000,85890.62000000,85890.63000000,85890.62000000,85890.63000000,1.24411000,1791236939999999,106857.38114810,190,0.18999000,16318.36079370,0
1791236940000000,85890.63000000,85926.01000000,85890.62000000,85926.00000000,20.23998000,1791236999999999,1738913.39277990,744,19.87791000,1707808.42833330,0
1791237000000000,85926.01000000,85949.00000000,85926.01000000,85948.99000000,4.55241000,1791237059999999,391220.93116080,898,3.89262000,334512.64723080,0
1791237060000000,85949.00000000,85949.00000000,85948.98000000,85948.99000000,1.80366000,1791237119999999,155022.76624120,164,1.37863000,118491.86911680,0
1791237120000000,85948.99000000,85958.01000000,85948.99000000,85949.71000000,19.09518000,1791237179999999,1641285.38275290,745,6.43626000,553192.94449150,0
1791237180000000,85949.71000000,85959.21000000,85949.70000000,85959.20000000,4.69568000,1791237239999999,403633.48960500,567,0.67891000,58355.45888120,0
1791237240000000,85959.20000000,85967.99000000,85959.20000000,85967.98000000,0.98093000,1791237299999999,84324.17920660,613,0.51840000,44562.64280680,0
1791237300000000,85967.97000000,85994.01000000,85967.97000000,85994.00000000,7.70821000,1791237359999999,662719.44579840,1194,6.79805000,584474.10698610,0
1791237360000000,85994.00000000,85994.00000000,85983.98000000,85983.98000000,2.96013000,1791237419999999,254536.00012790,979,0.42728000,36739.24349560,0
1791237420000000,85983.98000000,85983.98000000,85962.33000000,85962.34000000,8.75082000,1791237479999999,752328.34698200,1610,0.40091000,34469.07489720,0
1791237480000000,85962.33000000,85962.34000000,85962.31000000,85962.32000000,2.94522000,1791237539999999,253177.97304420,284,0.90647000,77922.28222520,0
1791237540000000,85962.32000000,85962.32000000,85948.99000000,85948.99000000,4.91175000,1791237599999999,422194.24575590,667,1.62146000,139371.92698640,0
1791237600000000,85948.99000000,85997.75000000,85948.99000000,85997.75000000,6.13632000,1791237659999999,527508.35335720,2157,5.57164000,478955.22016560,0
1791237660000000,85997.75000000,86008.00000000,85957.25000000,85963.37000000,26.31114000,1791237719999999,2262388.49273610,3528,18.79550000,1616152.82827820,0
1791237720000000,85963.36000000,85998.01000000,85944.75000000,85944.75000000,10.23645000,1791237779999999,880093.79298260,3756,2.07972000,178809.83962100,0
1791237780000000,85944.75000000,85998.06000000,85944.75000000,85963.22000000,10.78967000,1791237839999999,927753.60466750,3207,2.17892000,187317.44322250,0
1791237840000000,85963.22000000,86008.60000000,85963.22000000,85989.89000000,8.88774000,1791237899999999,764238.49675010,2942,4.95422000,425985.35156280,0
1791237900000000,85989.90000000,85989.90000000,85926.60000000,85926.60000000,6.93917000,1791237959999999,596583.01570880,2963,0.52271000,44939.48441830,0
1791237960000000,85926.60000000,85938.01000000,85926.60000000,85927.42000000,4.29385000,1791238019999999,368994.97264860,1085,1.09018000,93679.75394930,0
1791238020000000,85927.41000000,85927.42000000,85916.80000000,85916.81000000,1.48360000,1791238079999999,127473.07421170,632,0.16234000,13948.10994090,0
1791238080000000,85916.81000000,85934.01000000,85898.00000000,85898.00000000,5.12206000,1791238139999999,440101.88369050,2256,0.81005000,69602.76654150,0
1791238140000000,85898.00000000,85898.01000000,85847.61000000,85860.17000000,5.21327000,1791238199999999,447640.95522420,2628,1.85842000,159563.89142970,0
1791238200000000,85860.17000000,85909.66000000,85860.16000000,85909.66000000,2.74632000,1791238259999999,235869.07000060,1171,2.54738000,218780.93308140,0
1791238260000000,85909.66000000,85945.07000000,85909.66000000,85940.00000000,8.04175000,1791238319999999,691034.82247260,1296,5.80099000,498466.05833740,0
1791238320000000,85940.00000000,85955.46000000,85940.00000000,85950.01000000,6.91107000,1791238379999999,594026.66467410,831,4.59318000,394793.09891360,0
1791238380000000,85950.00000000,85974.01000000,85950.00000000,85974.01000000,2.10854000,1791238439999999,181253.74983810,948,1.71065000,147045.74199810,0
1791238440000000,85974.01000000,85974.01000000,85964.40000000,85964.40000000,6.96058000,1791238499999999,598403.30247560,605,1.56774000,134771.36866220,0
1791238500000000,85964.41000000,85977.00000000,85964.40000000,85976.99000000,1.12260000,1791238559999999,96510.92916200,464,0.96590000,83039.37873320,0
1791238560000000,85976.99000000,85977.00000000,85962.00000000,85962.00000000,4.02502000,1791238619999999,346048.24072550,658,0.46144000,39669.48315300,0
1791238620000000,85962.01000000,85971.61000000,85962.00000000,85971.61000000,0.73976000,1791238679999999,63595.84153770,259,0.37063000,31861.38530970,0
1791238680000000,85971.60000000,85982.68000000,85971.60000000,85982.68000000,4.95846000,1791238739999999,426290.44000180,341,3.79959000,326660.51609260,0
1791238740000000,85982.68000000,86015.05000000,85982.67000000,86015.04000000,2.39222000,1791238799999999,205736.93388320,785,2.14814000,184744.04871330,0
1791238800000000,86015.05000000,86027.43000000,86014.96000000,86014.96000000,8.16507000,1791238859999999,702338.42779540,1160,2.43504000,209452.55386560,0
1791238860000000,86014.96000000,86014.97000000,85980.00000000,85980.01000000,13.29935000,1791238919999999,1143724.39316070,1544,2.21241000,190253.13838290,0
1791238920000000,85980.00000000,85980.00000000,85944.75000000,85944.75000000,9.39737000,1791238979999999,807802.21227420,1172,3.26746000,280838.53309000,0
1791238980000000,85944.76000000,85944.76000000,85944.75000000,85944.76000000,1.05467000,1791239039999999,90643.35438990,209,0.49074000,42176.53152240,0
1791239040000000,85944.75000000,85947.29000000,85936.16000000,85947.28000000,2.82131000,1791239099999999,242465.24509990,708,1.40625000,120852.34219340,0
1791239100000000,85947.28000000,85949.99000000,85947.28000000,85949.99000000,0.94825000,1791239159999999,81499.74617860,208,0.28421000,24427.11973520,0
1791239160000000,85949.99000000,85950.00000000,85933.95000000,85933.95000000,3.10367000,1791239219999999,266747.15878950,700,0.11680000,10038.78143600,0
1791239220000000,85933.95000000,85933.96000000,85901.02000000,85901.02000000,5.56126000,1791239279999999,477822.66712510,1223,2.10561000,180918.04755620,0
1791239280000000,85901.01000000,85990.01000000,85886.51000000,85963.43000000,149.45034000,1791239339999999,12846050.13709050,6742,128.85755000,11075610.11479610,0
1791239340000000,85963.42000000,86006.33000000,85963.42000000,86006.32000000,17.36247000,1791239399999999,1492799.61211720,2642,14.68328000,1262446.37167010,0
1791239400000000,86006.33000000,86010.00000000,85954.00000000,85960.01000000,5.61138000,1791239459999999,482497.22097140,2950,1.25984000,108332.97290290,0
1791239460000000,85960.00000000,85960.01000000,85944.75000000,85954.00000000,5.70942000,1791239519999999,490736.58020480,1204,4.08245000,350893.58183980,0
1791239520000000,85954.00000000,85954.00000000,85940.66000000,85944.74000000,3.12522000,1791239579999999,268606.54861050,1158,0.72047000,61921.93199730,0
1791239580000000,85944.74000000,85950.84000000,85944.73000000,85950.84000000,1.90413000,1791239639999999,163656.51321930,641,1.81162000,155705.32533420,0
1791239640000000,85950.84000000,85977.31000000,85950.83000000,85974.55000000,3.16142000,1791239699999999,271771.63433700,1300,2.25496000,193837.78944240,0
1791239700000000,85974.55000000,85978.01000000,85956.06000000,85958.00000000,7.88359000,1791239759999999,677754.07444380,2687,2.84729000,244774.36583640,0
1791239760000000,85958.00000000,85958.01000000,85949.97000000,85949.97000000,5.24519000,1791239819999999,450839.69720330,669,1.72096000,147918.28249270,0
1791239820000000,85949.97000000,85949.97000000,85875.00000000,85892.25000000,12.87865000,1791239879999999,1106291.15883000,2677,3.60898000,309959.00409560,0
1791239880000000,85892.25000000,85926.01000000,85892.01000000,85925.19000000,6.28883000,1791239939999999,540258.31723310,2106,5.01486000,430825.30630210,0
1791239940000000,85925.20000000,85930.64000000,85925.19000000,85930.64000000,0.34271000,1791239999999999,29448.19592920,240,0.29900000,25692.19817470,0
1791240000000000,85930.63000000,85949.66000000,85930.63000000,85944.75000000,9.09177000,1791240059999999,781383.99823100,1074,3.11772000,267940.13108480,0
1791240060000000,85944.75000000,85944.75000000,85920.00000000,85933.26000000,10.93221000,1791240119999999,939465.87950390,1749,4.12734000,354668.13216400,0
1791240120000000,85933.26000000,85936.39000000,85933.25000000,85936.39000000,0.81662000,1791240179999999,70175.98661210,281,0.58761000,50495.80515700,0
1791240180000000,85936.38000000,85963.62000000,85936.38000000,85963.62000000,7.06010000,1791240239999999,606824.56311140,1640,5.09526000,437933.14165650,0
1791240240000000,85963.62000000,85975.67000000,85963.61000000,85975.67000000,1.25587000,1791240299999999,107964.89797600,585,1.01382000,87156.77366340,0
1791240300000000,85975.68000000,85987.88000000,85975.67000000,85987.82000000,4.34290000,1791240359999999,373426.56333950,893,1.23641000,106306.16347390,0
1791240360000000,85987.83000000,85987.83000000,85963.94000000,85963.94000000,8.15367000,1791240419999999,701042.69152500,1280,0.20637000,17744.53848450,0
1791240420000000,85963.95000000,85963.95000000,85952.00000000,85952.00000000,1.65831000,1791240479999999,142541.14700270,389,0.20105000,17282.68683270,0
1791240480000000,85952.00000000,85952.01000000,85944.75000000,85944.76000000,2.17264000,1791240539999999,186739.44179460,437,0.07221000,6206.38381210,0
1791240540000000,85944.75000000,85944.76000000,85940.25000000,85940.26000000,2.46955000,1791240599999999,212234.51113990,487,0.07436000,6390.53424110,0
1791240600000000,85940.26000000,85940.26000000,85926.00000000,85926.01000000,1.30084000,1791240659999999,111788.25876820,738,0.15235000,13092.53747170,0
1791240660000000,85926.00000000,85926.00000000,85910.00000000,85910.00000000,1.59673000,1791240719999999,137186.06316000,593,0.21428000,18409.95632280,0
1791240720000000,85910.00000000,85917.41000000,85910.00000000,85917.41000000,4.54327000,1791240779999999,390324.84737290,924,3.73618000,320981.94953560,0
1791240780000000,85917.40000000,85917.41000000,85904.00000000,85904.00000000,5.94860000,1791240839999999,511065.85097300,823,1.56670000,134595.59065150,0
1791240840000000,85904.00000000,85904.00000000,85883.18000000,85894.39000000,8.68963000,1791240899999999,746379.62527340,1454,3.30581000,283938.98617970,0
1791240900000000,85894.38000000,85912.01000000,85894.38000000,85912.01000000,2.28099000,1791240959999999,195943.11088410,865,1.91246000,164287.29669360,0
1791240960000000,85912.01000000,85922.59000000,85912.00000000,85922.58000000,1.59354000,1791241019999999,136911.50786680,510,0.52260000,44900.53300270,0
1791241020000000,85922.59000000,85928.01000000,85922.58000000,85928.01000000,2.37237000,1791241079999999,203842.96788280,265,0.65573000,56342.52050740,0
1791241080000000,85928.00000000,85928.01000000,85928.00000000,85928.01000000,0.80284000,1791241139999999,68986.43742940,111,0.19094000,16407.09422940,0
1791241140000000,85928.00000000,85928.01000000,85928.00000000,85928.01000000,1.50676000,1791241199999999,129472.87662180,109,0.33418000,28715.42238180,0
1791241200000000,85928.01000000,85964.01000000,85928.00000000,85964.00000000,6.50078000,1791241259999999,558657.51554830,1968,5.10729000,438907.75402500,0
1791241260000000,85964.01000000,85981.54000000,85964.00000000,85981.53000000,2.42071000,1791241319999999,208112.20799380,1411,2.14278000,184217.72526360,0
1791241320000000,85981.53000000,86010.00000000,85981.53000000,85999.98000000,13.10510000,1791241379999999,1127076.71413250,1822,8.77630000,754775.20616720,0
1791241380000000,85999.99000000,86025.94000000,85999.98000000,86025.93000000,4.60855000,1791241439999999,396350.55444840,976,4.33952000,373211.97622950,0
1791241440000000,86025.93000000,86062.80000000,86025.93000000,86062.79000000,11.39941000,1791241499999999,980934.44321180,1746,9.25480000,796372.25783260,0
1791241500000000,86062.79000000,86062.80000000,86062.78000000,86062.78000000,4.02956000,1791241559999999,346795.20324890,416,3.23693000,278579.25861190,0
1791241560000000,86062.78000000,86062.79000000,86038.58000000,86038.58000000,10.18538000,1791241619999999,876459.83013230,1453,0.54152000,46603.22063070,0
1791241620000000,86038.59000000,86038.59000000,86008.00000000,86030.00000000,8.21286000,1791241679999999,706462.00146670,2367,5.16855000,444591.28242900,0
1791241680000000,86030.00000000,86030.01000000,86030.00000000,86030.00000000,1.92222000,1791241739999999,165368.58809610,203,0.14961000,12870.94979610,0
1791241740000000,86030.00000000,86036.30000000,86030.00000000,86036.30000000,1.04991000,1791241799999999,90326.20262570,528,0.90256000,77649.23144720,0
1791241800000000,86036.30000000,86051.95000000,86030.00000000,86030.00000000,28.47878000,1791241859999999,2450220.80230520,1262,19.53832000,1681056.92160820,0
1791241860000000,86030.00000000,86030.01000000,86007.38000000,86008.01000000,7.85561000,1791241919999999,675723.52026450,801,3.26387000,280734.91000670,0
1791241920000000,86008.00000000,86008.01000000,85991.38000000,85991.38000000,3.80597000,1791241979999999,327303.48440380,600,0.25521000,21947.34732550,0
1791241980000000,85991.39000000,85991.39000000,85904.00000000,85904.00000000,18.19361000,1791242039999999,1563846.90928750,2077,0.28877000,24820.10625950,0
1791242040000000,85904.00000000,85904.01000000,85838.00000000,85865.99000000,8.72699000,1791242099999999,749351.51466750,2965,2.69811000,231637.09405380,0
1791242100000000,85866.00000000,85889.46000000,85852.00000000,85862.94000000,7.74307000,1791242159999999,664874.13000760,2079,4.69728000,403325.18043960,0
1791242160000000,85862.94000000,85870.17000000,85852.00000000,85852.00000000,3.02228000,1791242219999999,259507.62035550,839,0.94073000,80775.65858640,0
1791242220000000,85852.00000000,85885.86000000,85838.00000000,85880.62000000,11.26075000,1791242279999999,966961.03301680,1614,3.39675000,291630.79679360,0
1791242280000000,85880.62000000,85912.59000000,85880.62000000,85900.00000000,6.92613000,1791242339999999,594963.71007960,1538,4.67749000,401795.72049570,0
1791242340000000,85900.01000000,85900.01000000,85872.00000000,85893.76000000,8.95730000,1791242399999999,769343.69252100,1706,2.25089000,193334.34962630,0
1791242400000000,85893.75000000,85921.99000000,85893.75000000,85908.01000000,5.86522000,1791242459999999,503913.15600580,1597,2.17001000,186424.73974490,0
1791242460000000,85908.01000000,85939.13000000,85908.00000000,85939.13000000,3.47293000,1791242519999999,298430.40439530,892,2.75141000,236435.43524750,0
1791242520000000,85939.12000000,85950.00000000,85939.12000000,85949.99000000,3.51726000,1791242579999999,302289.09950360,862,2.63304000,226294.96371420,0
1791242580000000,85950.00000000,85959.01000000,85949.99000000,85959.00000000,0.95176000,1791242639999999,81805.99917430,390,0.77581000,66682.27555050,0
1791242640000000,85959.01000000,85994.01000000,85959.00000000,85971.99000000,5.81538000,1791242699999999,500023.77110490,2137,2.35842000,202768.01484030,0
1791242700000000,85971.98000000,85971.99000000,85971.98000000,85971.98000000,0.80012000,1791242759999999,68787.90126510,91,0.06275000,5394.74237250,0
1791242760000000,85971.98000000,85971.99000000,85971.98000000,85971.98000000,2.05220000,1791242819999999,176431.71421010,180,1.68541000,144898.05166590,0
1791242820000000,85971.98000000,85971.99000000,85910.01000000,85910.01000000,4.57889000,1791242879999999,393562.73411630,2143,0.35122000,30181.78349710,0
1791242880000000,85910.02000000,85921.90000000,85910.02000000,85921.89000000,2.35093000,1791242939999999,201981.58185670,394,2.04639000,175814.97017710,0
1791242940000000,85921.90000000,85921.94000000,85921.89000000,85921.93000000,2.66393000,1791242999999999,228890.01638180,267,1.75215000,150548.12360040,0
1791243000000000,85921.94000000,85924.32000000,85921.93000000,85924.32000000,1.28231000,1791243059999999,110179.16233530,316,1.05059000,90269.16154610,0
1791243060000000,85924.32000000,85924.32000000,85888.02000000,85888.02000000,6.73146000,1791243119999999,578307.82671250,1606,1.84013000,158081.51240600,0
1791243120000000,85888.01000000,85888.02000000,85883.18000000,85883.19000000,1.32512000,1791243179999999,113810.42973420,638,0.13254000,11383.45408520,0
1791243180000000,85883.19000000,85883.19000000,85854.04000000,85865.23000000,2.73074000,1791243239999999,234479.10608320,1310,0.74616000,64067.18939770,0
1791243240000000,85865.24000000,85872.01000000,85865.23000000,85872.00000000,1.51420000,1791243299999999,130024.25367180,471,1.44018000,123668.31410040,0
1791243300000000,85872.01000000,85886.01000000,85866.92000000,85873.57000000,4.61085000,1791243359999999,395981.65252950,1427,0.88940000,76379.57840870,0
1791243360000000,85873.56000000,85875.68000000,85873.56000000,85874.00000000,2.63176000,1791243419999999,226003.34157480,738,0.86594000,74362.71617480,0
1791243420000000,85874.00000000,85874.00000000,85857.54000000,85857.54000000,2.28706000,1791243479999999,196366.26757050,597,0.20609000,17694.38742420,0
1791243480000000,85857.55000000,85860.30000000,85857.54000000,85860.30000000,3.62957000,1791243539999999,311626.21351410,317,3.22785000,277135.52254530,0
1791243540000000,85861.35000000,85861.35000000,85861.34000000,85861.34000000,0.18446000,1791243599999999,15837.98386000,65,0.10836000,9303.93588600,0
1791243600000000,85861.35000000,85861.35000000,85852.00000000,85852.00000000,2.19737000,1791243659999999,188666.78490840,478,0.24673000,21184.55488430,0
1791243660000000,85852.00000000,85852.01000000,85848.00000000,85848.01000000,6.79432000,1791243719999999,583294.83565410,368,0.57131000,49047.91491310,0
1791243720000000,85848.00000000,85848.01000000,85844.15000000,85844.15000000,2.09811000,1791243779999999,180115.85933980,772,0.29569000,25383.81943520,0
1791243780000000,85844.15000000,85844.16000000,85828.00000000,85828.01000000,2.23768000,1791243839999999,192069.85880400,704,0.94422000,81042.68265420,0
1791243840000000,85828.00000000,85838.17000000,85825.16000000,85838.17000000,5.06164000,1791243899999999,434425.56538830,1168,4.58201000,393259.18555780,0
1791243900000000,85838.17000000,85838.17000000,85772.09000000,85772.09000000,11.44114000,1791243959999999,981554.37331540,3209,3.39067000,290873.82420160,0
1791243960000000,85772.09000000,85788.01000000,85763.99000000,85763.99000000,4.28052000,1791244019999999,367168.95409810,2505,1.01328000,86917.30384050,0
1791244020000000,85763.99000000,85763.99000000,85732.00000000,85734.00000000,8.14919000,1791244079999999,698705.38892800,2570,4.01805000,344485.38888480,0
1791244080000000,85734.00000000,85754.01000000,85728.65000000,85738.00000000,3.19627000,1791244139999999,274049.32015100,2162,1.71391000,146952.07657960,0
1791244140000000,85738.01000000,85746.01000000,85733.52000000,85733.52000000,1.81160000,1791244199999999,155328.47605150,1050,0.56808000,48708.54113060,0
1791244200000000,85733.52000000,85760.01000000,85732.00000000,85760.00000000,3.45562000,1791244259999999,296290.82785000,914,2.57007000,220358.29225190,0
1791244260000000,85760.00000000,85802.01000000,85731.15000000,85802.01000000,20.92815000,1791244319999999,1794599.18032730,2439,8.76407000,751633.49235770,0
1791244320000000,85802.00000000,85814.01000000,85780.00000000,85791.22000000,4.09030000,1791244379999999,350925.46697000,2145,1.46741000,125887.85215700,0
1791244380000000,85791.21000000,85820.09000000,85791.21000000,85808.54000000,7.90778000,1791244439999999,678493.94784100,1752,3.42304000,293720.97353250,0
1791244440000000,85808.54000000,85826.48000000,85798.00000000,85826.48000000,10.41444000,1791244499999999,893679.48868900,1845,4.32737000,371357.26143690,0
1791244500000000,85826.48000000,85856.28000000,85826.48000000,85838.00000000,8.78199000,1791244559999999,753882.14981290,2607,5.97598000,512985.17267590,0
1791244560000000,85838.01000000,85851.96000000,85816.00000000,85832.04000000,14.21794000,1791244619999999,1220347.66715250,3673,9.01612000,773871.74777250,0
1791244620000000,85832.04000000,85832.04000000,85798.00000000,85798.00000000,4.44518000,1791244679999999,381487.21783180,1188,1.89641000,162760.70299140,0
1791244680000000,85798.01000000,85804.01000000,85790.00000000,85804.00000000,6.50581000,1791244739999999,558185.71459110,1911,3.39925000,291651.29766940,0
1791244740000000,85804.00000000,85804.01000000,85766.87000000,85766.87000000,8.32865000,1791244799999999,714530.08031790,1921,0.50750000,43543.41124900,0
