1791072000000000,84753.57000000,84754.01000000,84753.56000000,84754.00000000,0.84173000,1791072059999999,71339.63384980,313,0.55817000,47306.90166900,0
1791072060000000,84754.01000000,84781.57000000,84754.00000000,84781.57000000,3.39386000,1791072119999999,287679.78798690,640,2.97408000,252096.22564850,0
1791072120000000,84781.56000000,84838.00000000,84781.56000000,84838.00000000,15.12390000,1791072179999999,1282765.97583690,1482,12.20454000,1035113.44953580,0
1791072180000000,84837.99000000,84838.45000000,84820.00000000,84833.34000000,5.74032000,1791072239999999,486944.91220140,1360,3.14555000,266825.87006670,0
1791072240000000,84833.33000000,84833.34000000,84816.66000000,84819.38000000,4.66749000,1791072299999999,395921.99574730,834,2.66988000,226470.76801200,0
1791072300000000,84819.38000000,84840.01000000,84819.38000000,84840.00000000,4.90678000,1791072359999999,416240.38838660,665,4.78078000,405551.59304890,0
1791072360000000,84840.01000000,84840.01000000,84835.76000000,84835.77000000,2.01754000,1791072419999999,171164.34522250,540,1.47753000,125351.01202190,0
1791072420000000,84835.77000000,84835.77000000,84814.06000000,84814.39000000,4.47557000,1791072479999999,379662.24269100,522,0.35070000,29745.80157390,0
1791072480000000,84814.39000000,84822.56000000,84811.27000000,84811.27000000,2.22348000,1791072539999999,188593.64491470,467,1.10883000,94049.17567460,0
1791072540000000,84811.27000000,84811.28000000,84811.26000000,84811.26000000,0.87495000,1791072599999999,74205.62308580,97,0.26277000,22285.85986470,0
1791072600000000,84811.26000000,84811.27000000,84811.26000000,84811.27000000,0.20086000,1791072659999999,17035.19064820,79,0.09646000,8180.89510420,0
1791072660000000,84811.27000000,84811.27000000,84811.26000000,84811.27000000,5.51544000,1791072719999999,467771.46173340,151,4.58790000,389105.62563300,0
1791072720000000,84811.26000000,84825.59000000,84811.26000000,84825.59000000,5.29719000,1791072779999999,449284.35133730,527,4.15781000,352642.31510370,0
1791072780000000,84825.58000000,84825.59000000,84820.02000000,84820.02000000,1.87175000,1791072839999999,158762.85358490,209,0.09690000,8219.08164580,0
1791072840000000,84820.03000000,84820.03000000,84820.02000000,84820.03000000,0.26355000,1791072899999999,22354.31776540,78,0.14944000,12675.50528320,0
1791072900000000,84820.03000000,84820.03000000,84820.02000000,84820.03000000,0.17170000,1791072959999999,14563.59856700,73,0.11330000,9610.10939900,0
1791072960000000,84820.03000000,84834.01000000,84820.02000000,84834.00000000,2.14954000,1791073019999999,182336.44840750,515,1.86826000,158475.66072760,0
1791073020000000,84834.01000000,84836.02000000,84834.00000000,84836.01000000,1.35573000,1791073079999999,115014.36165630,503,1.25295000,106294.92986310,0
1791073080000000,84836.02000000,84844.01000000,84836.00000000,84844.00000000,4.02709000,1791073139999999,341649.68565470,519,0.75696000,64219.33398610,0
1791073140000000,84844.01000000,84846.00000000,84844.00000000,84845.97000000,0.59843000,1791073199999999,50773.98727240,290,0.44595000,37836.85182780,0
1791073200000000,84845.96000000,84869.46000000,84845.96000000,84853.04000000,5.67134000,1791073259999999,481276.86349190,877,1.67844000,142426.40173260,0
1791073260000000,84853.04000000,84863.82000000,84853.04000000,84863.82000000,2.47127000,1791073319999999,209707.11249600,260,2.39788000,203479.55304850,0
1791073320000000,84863.81000000,84864.00000000,84863.81000000,84863.99000000,0.84547000,1791073379999999,71749.85912690,153,0.57822000,49069.97665800,0
1791073380000000,84864.00000000,84864.04000000,84863.99000000,84864.04000000,6.69023000,1791073439999999,567759.65489860,215,3.93381000,333838.85520040,0
1791073440000000,84864.03000000,84864.04000000,84863.81000000,84863.81000000,5.53873000,1791073499999999,470037.90708490,543,4.89925000,415769.08312160,0
1791073500000000,84863.82000000,84871.34000000,84863.82000000,84871.34000000,2.82118000,1791073559999999,239433.06860350,469,0.84218000,71472.91404240,0
1791073560000000,84871.33000000,84871.34000000,84816.00000000,84816.00000000,5.82717000,1791073619999999,494406.98881920,1193,0.56609000,48043.55935100,0
1791073620000000,84816.01000000,84816.01000000,84808.94000000,84808.95000000,0.40260000,1791073679999999,34145.35324130,174,0.14799000,12551.28620230,0
1791073680000000,84808.94000000,84808.95000000,84808.93000000,84808.93000000,5.37315000,1791073739999999,455691.15074620,281,0.17833000,15123.97860510,0
1791073740000000,84808.93000000,84808.94000000,84808.93000000,84808.93000000,5.87971000,1791073799999999,498651.91603920,246,0.22289000,18903.06463660,0
1791073800000000,84808.93000000,84808.94000000,84805.38000000,84805.39000000,3.67913000,1791073859999999,312021.24607440,467,0.25683000,21781.40515520,0
1791073860000000,84805.38000000,84805.39000000,84805.38000000,84805.38000000,1.15632000,1791073919999999,98062.16191360,196,0.49120000,41656.40756800,0
1791073920000000,84805.39000000,84805.39000000,84805.38000000,84805.39000000,2.69728000,1791073979999999,228743.87179960,143,1.64332000,139362.39349480,0
1791073980000000,84805.39000000,84806.01000000,84805.38000000,84806.01000000,1.36226000,1791074039999999,115527.14160600,168,1.10750000,93921.99666600,0
1791074040000000,84806.01000000,84830.00000000,84806.00000000,84830.00000000,4.04720000,1791074099999999,343252.37770320,375,3.83782000,325491.32764470,0
1791074100000000,84830.00000000,84844.00000000,84829.99000000,84844.00000000,21.42612000,1791074159999999,1817584.84589170,388,21.35013000,1811138.19201160,0
1791074160000000,84843.99000000,84844.00000000,84832.06000000,84832.06000000,3.13353000,1791074219999999,265845.36124470,497,0.30582000,25945.99058590,0
1791074220000000,84832.06000000,84832.07000000,84822.84000000,84822.84000000,4.78378000,1791074279999999,405790.46848080,607,2.20907000,187381.85739570,0
1791074280000000,84822.85000000,84822.85000000,84822.84000000,84822.84000000,0.51261000,1791074339999999,43481.03810180,138,0.20894000,17722.88627900,0
1791074340000000,84822.84000000,84822.85000000,84822.84000000,84822.85000000,0.71322000,1791074399999999,60497.34682610,95,0.08813000,7475.43777050,0
1791074400000000,84822.85000000,84822.85000000,84806.01000000,84806.01000000,5.70485000,1791074459999999,483872.14686640,800,0.18654000,15821.31794750,0
1791074460000000,84806.01000000,84806.02000000,84804.05000000,84804.06000000,5.08809000,1791074519999999,431493.93361850,269,3.32917000,282327.39856820,0
1791074520000000,84804.05000000,84804.06000000,84804.05000000,84804.06000000,0.53293000,1791074579999999,45194.62667250,98,0.43060000,36516.62823600,0
1791074580000000,84804.06000000,84804.06000000,84804.05000000,84804.06000000,0.33132000,1791074639999999,28097.28021630,64,0.23703000,20101.10634180,0
1791074640000000,84804.05000000,84804.06000000,84804.05000000,84804.06000000,0.61413000,1791074699999999,52080.71238690,116,0.11604000,9840.66312240,0
1791074700000000,84804.05000000,84804.06000000,84804.05000000,84804.05000000,2.19452000,1791074759999999,186104.20365280,138,1.98468000,168308.92180080,0
1791074760000000,84804.05000000,84810.29000000,84798.26000000,84798.27000000,7.47146000,1791074819999999,633623.79264110,1645,2.81784000,238966.99507290,0
1791074820000000,84798.27000000,84804.01000000,84798.26000000,84804.01000000,0.63427000,1791074879999999,53786.80836490,287,0.56195000,47653.98341770,0
1791074880000000,84804.01000000,84804.01000000,84804.00000000,84804.00000000,1.01823000,1791074939999999,86349.97894770,136,0.20277000,17195.70910770,0
1791074940000000,84804.01000000,84831.61000000,84804.00000000,84831.61000000,4.23507000,1791074999999999,359179.46332610,534,3.95288000,335243.79603590,0
1791075000000000,84831.61000000,84831.61000000,84831.60000000,84831.60000000,5.01648000,1791075059999999,425556.07222080,200,4.74528000,402549.74230080,0
1791075060000000,84831.61000000,84831.61000000,84831.60000000,84831.60000000,0.54209000,1791075119999999,45986.36392360,130,0.18796000,15944.94941560,0
1791075120000000,84831.61000000,84831.61000000,84831.60000000,84831.61000000,0.34659000,1791075179999999,29401.78595080,127,0.17068000,14479.05919480,0
1791075180000000,84831.60000000,84840.00000000,84831.60000000,84839.99000000,11.01157000,1791075239999999,934214.79169970,597,9.86698000,837107.95581890,0
1791075240000000,84839.99000000,84840.00000000,84823.01000000,84823.06000000,8.96419000,1791075299999999,760412.33651100,845,5.62833000,477421.33433490,0
1791075300000000,84823.05000000,84823.06000000,84789.79000000,84789.81000000,32.04388000,1791075359999999,2717314.28871280,595,5.78633000,490628.09426090,0
1791075360000000,84789.80000000,84789.81000000,84779.99000000,84779.99000000,12.12889000,1791075419999999,1028381.39030890,308,0.33360000,28282.63468320,0
1791075420000000,84780.00000000,84780.00000000,84779.99000000,84779.99000000,3.51038000,1791075479999999,297610.01407780,170,3.27816000,277922.40480000,0
1791075480000000,84780.00000000,84790.00000000,84779.99000000,84779.99000000,58.99068000,1791075539999999,5001413.84637150,538,33.07412000,2804024.99744110,0
1791075540000000,84780.00000000,84790.00000000,84762.00000000,84790.00000000,73.90410000,1791075599999999,6264767.91267420,2068,12.53740000,1062816.15277130,0
1791075600000000,84790.00000000,84815.09000000,84789.99000000,84815.09000000,15.41750000,1791075659999999,1307260.89782870,583,15.24841000,1292923.75841960,0
1791075660000000,84815.09000000,84815.09000000,84789.36000000,84789.37000000,9.36847000,1791075719999999,794514.87266310,976,1.33552000,113262.38356220,0
1791075720000000,84789.37000000,84789.37000000,84788.67000000,84789.32000000,3.39332000,1791075779999999,287717.41361690,390,0.13239000,11225.26374720,0
1791075780000000,84789.31000000,84789.31000000,84782.65000000,84782.66000000,4.45590000,1791075839999999,377794.86322060,838,0.53432000,45303.67764610,0
1791075840000000,84782.66000000,84782.66000000,84776.99000000,84777.00000000,1.78696000,1791075899999999,151500.75057230,436,0.26703000,22638.51017060,0
1791075900000000,84776.99000000,84777.00000000,84776.99000000,84776.99000000,0.15309000,1791075959999999,12978.51027730,57,0.08782000,7445.11614000,0
1791075960000000,84776.99000000,84793.19000000,84776.99000000,84789.18000000,4.08383000,1791076019999999,346242.93793540,751,2.75624000,233674.17138960,0
1791076020000000,84789.18000000,84789.19000000,84782.74000000,84782.75000000,1.35918000,1791076079999999,115239.21758490,439,0.34002000,28828.35856360,0
1791076080000000,84782.74000000,84782.75000000,84782.74000000,84782.75000000,0.34455000,1791076139999999,29211.89485440,93,0.17874000,15154.06873500,0
1791076140000000,84782.75000000,84782.75000000,84782.74000000,84782.74000000,0.10465000,1791076199999999,8872.51428020,68,0.05392000,4571.48588000,0
1791076200000000,84782.74000000,84809.21000000,84782.74000000,84809.20000000,5.50779000,1791076259999999,466984.37051290,549,5.40090000,457920.41931630,0
1791076260000000,84809.20000000,84809.21000000,84794.01000000,84794.01000000,3.03687000,1791076319999999,257532.23035500,687,0.17113000,14512.27725460,0
1791076320000000,84794.01000000,84794.02000000,84794.01000000,84794.02000000,0.95021000,1791076379999999,80572.11957990,150,0.33378000,28302.54799560,0
1791076380000000,84794.02000000,84794.02000000,84769.99000000,84769.99000000,13.67581000,1791076439999999,1159420.42333730,449,1.11576000,94583.99436860,0
1791076440000000,84770.00000000,84770.00000000,84769.99000000,84770.00000000,0.32725000,1791076499999999,27740.98051570,86,0.12882000,10920.07140000,0
1791076500000000,84770.00000000,84770.00000000,84750.00000000,84750.00000000,4.47135000,1791076559999999,378978.53641840,736,0.15914000,13488.74757600,0
1791076560000000,84750.00000000,84750.01000000,84740.00000000,84740.01000000,3.13283000,1791076619999999,265495.02594170,489,0.93568000,79291.56245220,0
1791076620000000,84740.01000000,84740.01000000,84740.00000000,84740.00000000,0.76257000,1791076679999999,64620.18448500,102,0.26850000,22752.69268500,0
1791076680000000,84740.01000000,84740.01000000,84719.99000000,84719.99000000,13.19936000,1791076739999999,1118417.91798130,691,0.45526000,38575.25071820,0
1791076740000000,84719.99000000,84720.00000000,84719.99000000,84720.00000000,0.66710000,1791076799999999,56516.70828510,145,0.29561000,25044.07920000,0
1791076800000000,84719.99000000,84728.09000000,84719.99000000,84726.94000000,3.52335000,1791076859999999,298500.52549630,255,3.43707000,291190.83874690,0
1791076860000000,84726.93000000,84726.94000000,84726.93000000,84726.94000000,0.88427000,1791076919999999,74921.48785570,124,0.54646000,46299.88363240,0
1791076920000000,84726.94000000,84726.94000000,84726.93000000,84726.93000000,0.39604000,1791076979999999,33555.25682630,105,0.34691000,29392.62275540,0
1791076980000000,84726.94000000,84726.94000000,84726.93000000,84726.94000000,3.05665000,1791077039999999,258980.60069280,104,3.01083000,255098.41276020,0
1791077040000000,84726.94000000,84726.94000000,84726.93000000,84726.94000000,0.33683000,1791077099999999,28538.57481020,90,0.29783000,25234.22454020,0
1791077100000000,84726.94000000,84737.98000000,84726.93000000,84737.98000000,2.69968000,1791077159999999,228749.12053250,428,2.64150000,223819.10485070,0
1791077160000000,84737.98000000,84747.51000000,84737.97000000,84747.51000000,1.48394000,1791077219999999,125750.75884190,228,1.42376000,120650.70947060,0
1791077220000000,84747.51000000,84747.51000000,84747.50000000,84747.50000000,0.20222000,1791077279999999,17137.64090460,53,0.14546000,12327.37280460,0
1791077280000000,84747.50000000,84747.51000000,84747.50000000,84747.51000000,0.19486000,1791077339999999,16513.89918370,79,0.13337000,11302.77540870,0
1791077340000000,84747.51000000,84747.51000000,84747.50000000,84747.50000000,1.68348000,1791077399999999,142670.73783260,134,1.65326000,140109.66838260,0
1791077400000000,84747.51000000,84747.51000000,84747.50000000,84747.51000000,0.32268000,1791077459999999,27346.32566440,142,0.23644000,20037.70126440,0
1791077460000000,84747.50000000,84747.51000000,84747.50000000,84747.51000000,0.18953000,1791077519999999,16062.19510280,45,0.14278000,12100.24947780,0
1791077520000000,84747.51000000,84747.51000000,84747.50000000,84747.51000000,0.95445000,1791077579999999,80887.26005550,91,0.86805000,73565.07605550,0
1791077580000000,84747.50000000,84747.51000000,84747.50000000,84747.50000000,3.35185000,1791077639999999,284060.94106440,110,3.31894000,281271.90083940,0
1791077640000000,84747.51000000,84775.05000000,84747.50000000,84775.05000000,10.72900000,1791077699999999,909332.12345270,582,10.01555000,848866.54724170,0
1791077700000000,84775.05000000,84783.76000000,84774.29000000,84780.00000000,8.76104000,1791077759999999,742767.26733540,534,1.48088000,125543.60769930,0
1791077760000000,84780.00000000,84780.00000000,84779.99000000,84780.00000000,3.72309000,1791077819999999,315643.56834650,159,3.53774000,299929.59720000,0
1791077820000000,84779.99000000,84797.63000000,84779.99000000,84782.81000000,9.71609000,1791077879999999,823839.41396360,716,2.76960000,234819.01701480,0
1791077880000000,84782.81000000,84782.81000000,84782.80000000,84782.80000000,0.52681000,1791077939999999,44664.43163360,90,0.47656000,40404.09593360,0
1791077940000000,84782.81000000,84782.81000000,84774.85000000,84774.85000000,8.83208000,1791077999999999,748785.87089180,202,0.52315000,44352.82316680,0
1791078000000000,84774.86000000,84774.86000000,84774.85000000,84774.85000000,0.45592000,1791078059999999,38650.55402440,97,0.44124000,37406.05922640,0
1791078060000000,84774.86000000,84774.86000000,84774.85000000,84774.85000000,0.36429000,1791078119999999,30882.63331400,204,0.32075000,27191.53634500,0
1791078120000000,84774.86000000,84774.86000000,84774.85000000,84774.86000000,0.27834000,1791078179999999,23596.23351050,168,0.17615000,14933.09158900,0
1791078180000000,84774.86000000,84774.86000000,84774.85000000,84774.86000000,0.61528000,1791078239999999,52160.27206730,91,0.23593000,20000.93271980,0
1791078240000000,84774.86000000,84774.86000000,84774.85000000,84774.86000000,1.17777000,1791078299999999,99845.28643230,97,1.13478000,96200.81563080,0
1791078300000000,84774.86000000,84774.86000000,84774.85000000,84774.86000000,0.26880000,1791078359999999,22787.48193730,54,0.22573000,19136.22914780,0
1791078360000000,84774.86000000,84774.86000000,84774.85000000,84774.86000000,0.70463000,1791078419999999,59734.90937280,102,0.68173000,57793.56530780,0
1791078420000000,84774.86000000,84774.86000000,84774.85000000,84774.86000000,0.19282000,1791078479999999,16346.28792420,67,0.13472000,11420.86913920,0
1791078480000000,84774.85000000,84774.86000000,84774.85000000,84774.85000000,0.47315000,1791078539999999,40111.22246970,93,0.21922000,18584.34480920,0
1791078540000000,84774.86000000,84774.86000000,84774.85000000,84774.85000000,0.58997000,1791078599999999,50014.62026760,97,0.20131000,17066.02706660,0
1791078600000000,84774.86000000,84774.86000000,84774.85000000,84774.85000000,1.70022000,1791078659999999,144135.91125070,128,1.57837000,133806.09577820,0
1791078660000000,84774.85000000,84782.46000000,84774.85000000,84782.45000000,4.06188000,1791078719999999,344346.68384790,332,3.78895000,321208.94472940,0
1791078720000000,84782.46000000,84800.00000000,84782.45000000,84800.00000000,5.59841000,1791078779999999,474694.54530690,263,5.50159000,466484.39865470,0
1791078780000000,84799.99000000,84807.98000000,84799.99000000,84807.97000000,8.82431000,1791078839999999,748303.73749320,356,8.62338000,731263.51610950,0
1791078840000000,84807.97000000,84807.98000000,84807.97000000,84807.98000000,1.10576000,1791078899999999,93777.27097090,106,1.00637000,85348.20683260,0
1791078900000000,84807.98000000,84807.98000000,84807.97000000,84807.98000000,1.14307000,1791078959999999,96941.45637380,153,1.01059000,85706.09650820,0
1791078960000000,84807.98000000,84807.98000000,84807.97000000,84807.98000000,0.41475000,1791079019999999,35174.10880280,72,0.32453000,27522.73374940,0
1791079020000000,84807.97000000,84807.97000000,84802.59000000,84802.59000000,10.72240000,1791079079999999,909331.43808800,394,0.57413000,48689.72874940,0
1791079080000000,84802.60000000,84802.60000000,84802.59000000,84802.59000000,2.90688000,1791079139999999,246510.98152430,80,2.87051000,243426.71132600,0
1791079140000000,84802.60000000,84802.60000000,84802.59000000,84802.59000000,2.04992000,1791079199999999,173838.54516510,89,1.98723000,168522.27079800,0
1791079200000000,84802.60000000,84803.56000000,84802.59000000,84803.56000000,1.58821000,1791079259999999,134684.34087210,236,1.51947000,128855.01083550,0
1791079260000000,84804.01000000,84820.00000000,84804.01000000,84819.99000000,2.29888000,1791079319999999,194973.12257790,444,2.10833000,178811.03403970,0
1791079320000000,84820.00000000,84820.00000000,84819.99000000,84819.99000000,3.42579000,1791079379999999,290575.50301980,183,2.94777000,250029.85140000,0
1791079380000000,84820.00000000,84831.89000000,84819.99000000,84831.88000000,7.62315000,1791079439999999,646598.21594010,267,7.38605000,626487.39306980,0
1791079440000000,84831.89000000,84846.00000000,84831.88000000,84846.00000000,3.25466000,1791079499999999,276117.30467890,332,3.01039000,255395.41887090,0
1791079500000000,84846.00000000,84877.09000000,84845.99000000,84869.85000000,7.67938000,1791079559999999,651727.56704990,740,2.54313000,215798.01315630,0
1791079560000000,84869.85000000,84869.85000000,84840.00000000,84840.01000000,8.70480000,1791079619999999,738593.88975750,1071,2.72711000,231368.80296520,0
1791079620000000,84840.00000000,84840.01000000,84819.48000000,84819.49000000,7.14165000,1791079679999999,605857.27691180,1237,0.30405000,25792.96178730,0
1791079680000000,84819.48000000,84819.49000000,84819.48000000,84819.49000000,2.08252000,1791079739999999,176638.26547650,424,0.19869000,16852.78446810,0
1791079740000000,84819.48000000,84819.49000000,84819.48000000,84819.48000000,1.03182000,1791079799999999,87518.44288110,451,0.70275000,59606.89659750,0
1791079800000000,84819.49000000,84834.01000000,84805.29000000,84834.00000000,10.63332000,1791079859999999,901831.45231190,1503,5.55352000,470992.49680530,0
1791079860000000,84834.01000000,84834.01000000,84834.00000000,84834.00000000,0.82461000,1791079919999999,69954.96842800,484,0.36880000,31286.78288800,0
1791079920000000,84834.00000000,84834.01000000,84834.00000000,84834.00000000,0.66308000,1791079979999999,56251.73170800,448,0.29880000,25348.40218800,0
1791079980000000,84834.01000000,84834.01000000,84834.00000000,84834.01000000,1.94938000,1791080039999999,165373.71770380,429,1.47838000,125416.90370380,0
1791080040000000,84834.00000000,84834.01000000,84828.00000000,84828.01000000,3.53879000,1791080099999999,300201.72590530,526,1.21515000,103082.18274730,0
1791080100000000,84828.00000000,84828.01000000,84821.67000000,84821.67000000,3.26285000,1791080159999999,276776.50719730,499,0.21902000,18578.86642340,0
1791080160000000,84821.68000000,84821.68000000,84810.00000000,84810.00000000,2.49851000,1791080219999999,211912.25687580,612,1.09568000,92928.95656490,0
1791080220000000,84810.01000000,84818.01000000,84800.00000000,84818.01000000,5.00339000,1791080279999999,424306.21669060,1120,3.24417000,275116.87532020,0
1791080280000000,84818.01000000,84830.47000000,84818.00000000,84830.46000000,1.27037000,1791080339999999,107758.25949100,408,0.89198000,75661.23776300,0
1791080340000000,84830.46000000,84830.47000000,84827.75000000,84827.75000000,10.51620000,1791080399999999,892081.78263580,286,5.22395000,443139.91177200,0
1791080400000000,84827.76000000,84827.76000000,84827.75000000,84827.76000000,0.65945000,1791080459999999,55939.66124420,111,0.15067000,12780.99859920,0
1791080460000000,84827.76000000,84827.76000000,84827.75000000,84827.75000000,0.35271000,1791080519999999,29919.59801820,50,0.23157000,19643.56438320,0
1791080520000000,84827.75000000,84841.41000000,84827.75000000,84841.40000000,3.14264000,1791080579999999,266590.69409510,349,3.02647000,256735.34651610,0
1791080580000000,84841.41000000,84850.00000000,84841.40000000,84844.12000000,3.89764000,1791080639999999,330704.52639300,613,2.89134000,245321.51775230,0
1791080640000000,84844.13000000,84844.13000000,84842.00000000,84842.00000000,1.56002000,1791080699999999,132357.80205480,281,0.20165000,17108.76653530,0
1791080700000000,84842.00000000,84842.01000000,84838.28000000,84838.29000000,0.99235000,1791080759999999,84189.70990760,197,0.34872000,29584.81034880,0
1791080760000000,84838.28000000,84838.29000000,84838.28000000,84838.28000000,0.51120000,1791080819999999,43369.33302900,68,0.42930000,36421.07789700,0
1791080820000000,84838.28000000,84838.29000000,84838.28000000,84838.28000000,0.29866000,1791080879999999,25337.80277300,58,0.20682000,17546.25513780,0
1791080880000000,84838.29000000,84838.29000000,84809.99000000,84809.99000000,34.93433000,1791080939999999,2963169.44758780,497,4.47478000,379509.04188120,0
1791080940000000,84810.00000000,84836.01000000,84810.00000000,84836.01000000,26.73525000,1791080999999999,2267747.98486890,922,26.56370000,2253195.30417500,0
1791081000000000,84836.00000000,84838.00000000,84836.00000000,84837.99000000,1.13973000,1791081059999999,96691.21705080,255,0.92274000,78282.23959270,0
1791081060000000,84838.00000000,84842.97000000,84818.00000000,84818.84000000,8.65491000,1791081119999999,734193.00153030,879,3.83317000,325162.80100610,0
1791081120000000,84818.85000000,84825.74000000,84818.85000000,84825.74000000,0.55503000,1791081179999999,47079.10395270,264,0.45485000,38581.26232130,0
1791081180000000,84825.73000000,84855.48000000,84825.73000000,84855.47000000,10.51170000,1791081239999999,891756.16230190,727,10.42768000,884627.74798620,0
1791081240000000,84855.48000000,84855.48000000,84828.00000000,84828.01000000,16.35501000,1791081299999999,1387662.84536420,739,0.25022000,21228.45577460,0
1791081300000000,84828.00000000,84828.01000000,84828.00000000,84828.01000000,0.69868000,1791081359999999,59267.62829060,93,0.12506000,10608.59093060,0
1791081360000000,84828.01000000,84828.01000000,84828.00000000,84828.01000000,0.11975000,1791081419999999,10158.15387600,56,0.08760000,7430.93367600,0
1791081420000000,84828.00000000,84828.01000000,84828.00000000,84828.01000000,4.36644000,1791081479999999,370396.38852900,164,1.62090000,137497.72140900,0
1791081480000000,84828.01000000,84828.01000000,84809.66000000,84809.66000000,5.76895000,1791081539999999,489324.66426760,938,0.18582000,15761.00917210,0
1791081540000000,84809.66000000,84809.67000000,84807.01000000,84808.00000000,8.98326000,1791081599999999,761853.82296700,324,4.44571000,377029.74672110,0
1791081600000000,84808.00000000,84808.01000000,84808.00000000,84808.00000000,2.07598000,1791081659999999,176059.71301940,160,0.11794000,10002.25669940,0
1791081660000000,84808.01000000,84808.01000000,84798.40000000,84798.41000000,6.34336000,1791081719999999,537943.64045050,648,0.14802000,12552.77264610,0
1791081720000000,84798.40000000,84814.01000000,84796.49000000,84806.66000000,9.28629000,1791081779999999,787479.74760420,936,6.07859000,515453.50222000,0
1791081780000000,84806.66000000,84806.66000000,84800.00000000,84800.00000000,1.17218000,1791081839999999,99404.05908410,261,0.21743000,18438.09802780,0
1791081840000000,84800.00000000,84800.01000000,84800.00000000,84800.01000000,0.48403000,1791081899999999,41045.74572070,138,0.17207000,14591.53772070,0
1791081900000000,84800.01000000,84800.01000000,84796.00000000,84796.00000000,1.29819000,1791081959999999,110085.18986790,237,0.32592000,27637.63701920,0
1791081960000000,84796.01000000,84796.01000000,84789.56000000,84789.56000000,3.12315000,1791082019999999,264821.96544770,291,0.70578000,59845.61869740,0
1791082020000000,84789.56000000,84789.57000000,84781.05000000,84781.05000000,1.81676000,1791082079999999,154034.08650590,417,0.35660000,30233.03364750,0
1791082080000000,84781.06000000,84804.02000000,84781.05000000,84804.02000000,6.46593000,1791082139999999,548205.56892640,544,6.19905000,525578.07189100,0
1791082140000000,84804.01000000,84804.02000000,84804.01000000,84804.01000000,0.54128000,1791082199999999,45902.71862130,125,0.40885000,34672.12357700,0
1791082200000000,84804.02000000,84804.02000000,84799.60000000,84799.61000000,3.25000000,1791082259999999,275611.00006980,262,0.42088000,35692.29199130,0
1791082260000000,84799.61000000,84799.61000000,84794.00000000,84794.00000000,2.63287000,1791082319999999,223262.36678280,517,0.29959000,25404.29602630,0
1791082320000000,84794.00000000,84794.01000000,84782.79000000,84782.80000000,5.21734000,1791082379999999,442361.67669750,295,0.11932000,10117.58484560,0
1791082380000000,84782.80000000,84782.80000000,84782.79000000,84782.80000000,0.26822000,1791082439999999,22740.44210720,96,0.21734000,18426.69375200,0
1791082440000000,84782.80000000,84804.05000000,84782.79000000,84804.05000000,14.57483000,1791082499999999,1235878.74493670,372,14.43245000,1223806.42567150,0
1791082500000000,84804.05000000,84804.05000000,84804.02000000,84804.03000000,2.27093000,1791082559999999,192584.03299250,188,0.95272000,80794.51031580,0
1791082560000000,84804.02000000,84804.03000000,84802.16000000,84802.17000000,0.87243000,1791082619999999,73984.59750600,178,0.20549000,17426.02393470,0
1791082620000000,84802.16000000,84802.17000000,84802.16000000,84802.16000000,0.33892000,1791082679999999,28741.14942650,121,0.13593000,11527.15896810,0
1791082680000000,84802.17000000,84802.17000000,84802.16000000,84802.16000000,0.57815000,1791082739999999,49028.37402980,143,0.52258000,44315.91799860,0
1791082740000000,84802.16000000,84802.17000000,84802.16000000,84802.17000000,0.30035000,1791082799999999,25470.33049260,59,0.17366000,14726.74484220,0
1791082800000000,84802.17000000,84802.17000000,84802.16000000,84802.17000000,0.52342000,1791082859999999,44387.15084570,145,0.42585000,36113.00409450,0
1791082860000000,84802.16000000,84802.17000000,84802.16000000,84802.17000000,0.42826000,1791082919999999,36317.37503330,160,0.19917000,16890.04819890,0
1791082920000000,84802.17000000,84802.17000000,84802.16000000,84802.17000000,0.25619000,1791082979999999,21725.46698540,119,0.16150000,13695.55045500,0
1791082980000000,84802.16000000,84802.17000000,84802.16000000,84802.17000000,0.45787000,1791083039999999,38828.36632470,142,0.13255000,11240.52763350,0
1791083040000000,84802.16000000,84802.17000000,84802.16000000,84802.17000000,0.31602000,1791083099999999,26799.18121190,113,0.26087000,22122.34208790,0
1791083100000000,84802.16000000,84802.17000000,84802.16000000,84802.17000000,0.20725000,1791083159999999,17575.24896240,108,0.13024000,11044.63462080,0
1791083160000000,84802.17000000,84802.17000000,84802.16000000,84802.17000000,0.36788000,1791083219999999,31197.02109960,123,0.24788000,21020.76189960,0
1791083220000000,84802.16000000,84802.17000000,84802.16000000,84802.16000000,0.35865000,1791083279999999,30414.29657880,111,0.18948000,16068.31517160,0
1791083280000000,84802.17000000,84802.17000000,84802.16000000,84802.17000000,0.36895000,1791083339999999,31287.75883720,137,0.19052000,16156.50942840,0
1791083340000000,84802.16000000,84802.17000000,84802.16000000,84802.16000000,0.26610000,1791083399999999,22565.85582530,106,0.10493000,8898.29169810,0
1791083400000000,84802.17000000,84802.17000000,84802.16000000,84802.17000000,0.15952000,1791083459999999,13527.64151690,120,0.09537000,8087.58295290,0
1791083460000000,84802.16000000,84802.17000000,84802.16000000,84802.17000000,0.37625000,1791083519999999,31906.81546350,102,0.27635000,23435.07967950,0
1791083520000000,84802.17000000,84802.17000000,84802.16000000,84802.17000000,0.21455000,1791083579999999,18194.30510750,116,0.16795000,14242.52445150,0
1791083580000000,84802.17000000,84810.01000000,84802.16000000,84810.00000000,8.00660000,1791083639999999,678980.36917290,316,7.62443000,646569.46027770,0
1791083640000000,84810.00000000,84812.36000000,84808.00000000,84812.36000000,23.05720000,1791083699999999,1955453.63517210,345,20.20792000,1713805.38793760,0
1791083700000000,84812.35000000,84812.36000000,84812.34000000,84812.35000000,1.53985000,1791083759999999,130598.29924140,274,0.21009000,17818.22871240,0
1791083760000000,84812.36000000,84812.36000000,84800.04000000,84800.05000000,5.85418000,1791083819999999,496472.22422120,550,0.54270000,46026.23292230,0
1791083820000000,84800.05000000,84800.05000000,84800.04000000,84800.05000000,0.85983000,1791083879999999,72913.62387020,145,0.54770000,46444.98738500,0
1791083880000000,84800.05000000,84800.05000000,84800.04000000,84800.05000000,3.09534000,1791083939999999,262484.98144270,189,2.56291000,217334.89614550,0
1791083940000000,84800.04000000,84800.05000000,84800.04000000,84800.04000000,0.71828000,1791083999999999,60910.17496100,167,0.22298000,18908.71514900,0
1791084000000000,84800.05000000,84800.05000000,84800.04000000,84800.05000000,0.50087000,1791084059999999,42473.79738670,182,0.13519000,11464.11875950,0
1791084060000000,84800.05000000,84810.00000000,84800.04000000,84810.00000000,5.81957000,1791084119999999,493523.50157780,325,5.61727000,476368.37478130,0
1791084120000000,84810.00000000,84820.91000000,84809.99000000,84820.91000000,18.19317000,1791084179999999,1542978.24485880,620,17.63366000,1495521.97406030,0
1791084180000000,84820.91000000,84821.59000000,84820.90000000,84821.59000000,6.03301000,1791084239999999,511727.23544950,256,5.04304000,427756.43201290,0
1791084240000000,84821.59000000,84821.59000000,84821.58000000,84821.59000000,1.00151000,1791084299999999,84949.66970360,164,0.91178000,77338.62933020,0
1791084300000000,84821.59000000,84825.48000000,84821.58000000,84825.48000000,5.87546000,1791084359999999,498373.80749060,250,5.73307000,486295.56732290,0
1791084360000000,84825.48000000,84825.48000000,84825.47000000,84825.47000000,0.90113000,1791084419999999,76438.78290370,162,0.71226000,60417.79638480,0
1791084420000000,84825.48000000,84825.48000000,84819.18000000,84819.47000000,6.23384000,1791084479999999,528783.79545840,484,0.78420000,66519.71715600,0
1791084480000000,84819.48000000,84819.48000000,84796.41000000,84796.42000000,37.07542000,1791084539999999,3144223.22919530,492,2.31900000,196650.90988940,0
1791084540000000,84796.42000000,84796.42000000,84796.41000000,84796.41000000,1.27197000,1791084599999999,107858.50154230,118,1.19146000,101031.54257320,0
1791084600000000,84796.42000000,84815.04000000,84796.41000000,84815.04000000,4.59003000,1791084659999999,389259.15495110,492,4.45048000,377424.86566220,0
1791084660000000,84815.04000000,84825.48000000,84815.03000000,84825.48000000,4.06058000,1791084719999999,344416.91443670,300,3.71396000,315015.21271130,0
1791084720000000,84825.48000000,84825.48000000,84825.47000000,84825.48000000,0.96558000,1791084779999999,81905.78629800,93,0.89754000,76134.26131920,0
1791084780000000,84825.48000000,84825.48000000,84825.47000000,84825.48000000,0.84961000,1791084839999999,72068.57559510,133,0.80284000,68101.28836320,0
1791084840000000,84825.48000000,84852.66000000,84825.47000000,84852.65000000,4.54258000,1791084899999999,385399.87784790,522,4.33793000,368037.81404000,0
1791084900000000,84852.66000000,84880.01000000,84835.00000000,84835.01000000,20.10494000,1791084959999999,1706281.43381720,1310,4.71372000,400036.24667750,0
1791084960000000,84835.01000000,84835.01000000,84834.42000000,84834.43000000,1.27306000,1791085019999999,107999.57285590,155,0.81206000,68890.75719380,0
1791085020000000,84834.43000000,84846.63000000,84834.43000000,84846.63000000,3.27211000,1791085079999999,277608.37479530,376,3.22789000,273856.45936490,0
1791085080000000,84846.63000000,84848.00000000,84846.62000000,84847.99000000,1.34765000,1791085139999999,114344.05729280,232,1.23831000,105066.81620700,0
1791085140000000,84847.99000000,84850.88000000,84847.99000000,84850.88000000,0.98717000,1791085199999999,83761.04355970,178,0.81993000,69570.81757130,0
1791085200000000,84850.88000000,84880.78000000,84850.87000000,84880.77000000,2.45396000,1791085259999999,208253.96943860,557,2.15288000,182698.45891170,0
1791085260000000,84880.78000000,84890.00000000,84876.00000000,84876.00000000,5.98488000,1791085319999999,508010.75068130,854,2.84193000,241226.49253970,0
1791085320000000,84876.01000000,84884.97000000,84876.00000000,84884.97000000,2.50069000,1791085379999999,212266.65318320,196,2.43543000,206727.19715440,0
1791085380000000,84884.96000000,84884.97000000,84884.96000000,84884.96000000,1.06670000,1791085439999999,90546.78975930,172,0.29273000,24848.37726810,0
1791085440000000,84884.97000000,84884.97000000,84884.96000000,84884.97000000,0.31626000,1791085499999999,26845.71940020,90,0.19506000,16557.66224820,0
1791085500000000,84884.97000000,84884.97000000,84884.96000000,84884.97000000,0.52843000,1791085559999999,44855.76031290,184,0.09001000,7640.49614970,0
1791085560000000,84884.96000000,84884.97000000,84866.80000000,84866.81000000,2.34885000,1791085619999999,199371.41683040,859,0.20457000,17364.07664670,0
1791085620000000,84866.81000000,84870.01000000,84866.80000000,84870.01000000,2.45087000,1791085679999999,207998.35210070,246,2.28082000,193566.24738070,0
1791085680000000,84870.00000000,84870.01000000,84870.00000000,84870.01000000,0.31133000,1791085739999999,26422.57881430,116,0.17143000,14549.26581430,0
1791085740000000,84870.01000000,84870.01000000,84866.22000000,84866.22000000,1.76555000,1791085799999999,149838.38953120,227,0.46468000,39436.73383960,0
1791085800000000,84866.23000000,84866.23000000,84866.22000000,84866.23000000,8.03886000,1791085859999999,682227.66687750,255,0.55683000,47256.06285090,0
1791085860000000,84866.23000000,84866.23000000,84866.22000000,84866.23000000,4.05972000,1791085919999999,344533.13003640,229,3.93780000,334186.24049400,0
1791085920000000,84866.23000000,84866.23000000,84853.65000000,84853.66000000,7.89223000,1791085979999999,669761.81450930,746,0.33333000,28285.67135200,0
1791085980000000,84853.65000000,84853.66000000,84853.65000000,84853.65000000,4.65216000,1791086039999999,394752.78714830,150,3.07643000,261046.34523380,0
1791086040000000,84853.65000000,84853.66000000,84848.00000000,84848.01000000,3.43084000,1791086099999999,291110.75554820,282,0.32193000,27315.34077430,0
1791086100000000,84848.01000000,84848.01000000,84848.00000000,84848.01000000,0.57356000,1791086159999999,48665.42009660,124,0.12166000,10322.60889660,0
1791086160000000,84848.01000000,84848.01000000,84840.87000000,84840.88000000,3.49021000,1791086219999999,296129.26212310,371,0.37951000,32199.04439470,0
1791086220000000,84840.87000000,84840.88000000,84840.87000000,84840.87000000,0.55500000,1791086279999999,47086.68642770,181,0.35777000,30353.52163760,0
1791086280000000,84840.88000000,84840.88000000,84840.87000000,84840.88000000,1.54567000,1791086339999999,131136.00163960,193,1.41067000,119682.48418960,0
1791086340000000,84840.88000000,84840.88000000,84840.87000000,84840.87000000,0.48749000,1791086399999999,41359.07788670,167,0.21704000,18413.86459520,0
1791086400000000,84840.88000000,84840.88000000,84840.87000000,84840.87000000,3.04125000,1791086459999999,258022.29816380,339,0.22763000,19312.32951440,0
1791086460000000,84840.87000000,84840.88000000,84840.87000000,84840.88000000,1.61174000,1791086519999999,136741.42750700,283,0.36932000,31333.43380160,0
1791086520000000,84840.87000000,84840.88000000,84840.87000000,84840.87000000,0.61842000,1791086579999999,52467.29516970,257,0.43443000,36857.42349840,0
1791086580000000,84840.88000000,84844.01000000,84840.87000000,84844.00000000,4.34197000,1791086639999999,368379.29992160,563,4.14335000,351528.05013260,0
1791086640000000,84844.01000000,84844.01000000,84844.00000000,84844.00000000,0.62445000,1791086699999999,52980.83927390,264,0.34739000,29473.96063390,0
1791086700000000,84844.01000000,84844.01000000,84844.00000000,84844.00000000,0.64181000,1791086759999999,54453.73108450,221,0.34445000,29224.51924450,0
1791086760000000,84844.01000000,84844.01000000,84844.00000000,84844.01000000,0.60565000,1791086819999999,51385.77037530,188,0.17753000,15062.35709530,0
1791086820000000,84844.00000000,84844.01000000,84836.00000000,84836.01000000,2.38499000,1791086879999999,202343.07040620,680,0.21681000,18393.94841510,0
1791086880000000,84836.00000000,84836.01000000,84826.00000000,84826.01000000,4.79171000,1791086939999999,406484.88190740,1063,0.67411000,57184.39357480,0
1791086940000000,84826.00000000,84826.01000000,84823.67000000,84823.68000000,1.53638000,1791086999999999,130323.80462630,414,0.18063000,15321.96015810,0
1791087000000000,84823.68000000,84823.68000000,84823.67000000,84823.68000000,0.87046000,1791087059999999,73835.61580440,320,0.40162000,34066.88636160,0
1791087060000000,84823.67000000,84823.68000000,84815.89000000,84815.90000000,1.78567000,1791087119999999,151465.73463280,497,0.10006000,8487.23701340,0
1791087120000000,84815.90000000,84815.90000000,84815.89000000,84815.89000000,0.90884000,1791087179999999,77084.07800140,293,0.45338000,38453.83274200,0
1791087180000000,84815.89000000,84815.90000000,84808.11000000,84808.12000000,3.74246000,1791087239999999,317410.26651110,325,0.23743000,20136.77498860,0
1791087240000000,84808.11000000,84808.12000000,84808.11000000,84808.12000000,0.28658000,1791087299999999,24304.30976800,159,0.16042000,13604.91861040,0
1791087300000000,84808.11000000,84808.12000000,84808.11000000,84808.12000000,0.89868000,1791087359999999,76215.35981020,155,0.75154000,63736.69450480,0
1791087360000000,84808.11000000,84808.12000000,84808.11000000,84808.12000000,1.75262000,1791087419999999,148636.39162210,173,0.18739000,15892.19360680,0
1791087420000000,84808.12000000,84808.12000000,84808.11000000,84808.12000000,0.44149000,1791087479999999,37441.93457300,123,0.20891000,17717.26434920,0
1791087480000000,84808.12000000,84808.12000000,84808.11000000,84808.12000000,1.98831000,1791087539999999,168624.83168100,175,1.84869000,156783.92336280,0
1791087540000000,84808.11000000,84808.12000000,84808.11000000,84808.12000000,0.52562000,1791087599999999,44576.84093340,95,0.21552000,18277.84602240,0
1791087600000000,84808.12000000,84812.01000000,84808.11000000,84812.00000000,5.83292000,1791087659999999,494682.04832820,372,5.53118000,469090.89485930,0
1791087660000000,84812.00000000,84812.01000000,84812.00000000,84812.01000000,0.83081000,1791087719999999,70462.66510490,127,0.73849000,62632.82126490,0
1791087720000000,84812.01000000,84812.01000000,84812.00000000,84812.01000000,0.39540000,1791087779999999,33534.66664800,145,0.18480000,15673.25944800,0
1791087780000000,84812.01000000,84812.01000000,84812.00000000,84812.01000000,0.43650000,1791087839999999,37020.44135660,142,0.33566000,28467.99927660,0
1791087840000000,84812.01000000,84812.01000000,84812.00000000,84812.00000000,0.68638000,1791087899999999,58213.26593960,223,0.53796000,45625.46889960,0
1791087900000000,84812.00000000,84812.01000000,84812.00000000,84812.01000000,0.91606000,1791087959999999,77692.88556020,157,0.48402000,41050.70908020,0
1791087960000000,84812.01000000,84812.01000000,84812.00000000,84812.00000000,0.74437000,1791088019999999,63131.51406600,169,0.56260000,47715.23682600,0
1791088020000000,84812.00000000,84812.01000000,84812.00000000,84812.00000000,0.61393000,1791088079999999,52068.63568390,167,0.45239000,38368.10520390,0
1791088080000000,84812.01000000,84812.01000000,84812.00000000,84812.00000000,0.68488000,1791088139999999,58086.04766730,156,0.51073000,43316.03786730,0
1791088140000000,84812.01000000,84812.01000000,84812.00000000,84812.01000000,0.19577000,1791088199999999,16603.64653240,120,0.12924000,10961.10417240,0
1791088200000000,84812.00000000,84812.01000000,84812.00000000,84812.00000000,0.45987000,1791088259999999,39002.49719550,196,0.27555000,23369.94935550,0
1791088260000000,84812.01000000,84812.01000000,84812.00000000,84812.01000000,1.33332000,1791088319999999,113081.54369390,530,0.78539000,66610.50453390,0
1791088320000000,84812.01000000,84812.01000000,84812.00000000,84812.01000000,0.29275000,1791088379999999,24828.71502980,153,0.20298000,17215.14178980,0
1791088380000000,84812.01000000,84812.01000000,84812.00000000,84812.01000000,0.63549000,1791088439999999,53897.18020120,126,0.23212000,19686.56376120,0
1791088440000000,84812.01000000,84812.01000000,84812.00000000,84812.01000000,0.84864000,1791088499999999,71974.85973080,176,0.40508000,34355.64901080,0
1791088500000000,84812.01000000,84812.01000000,84812.00000000,84812.00000000,3.98296000,1791088559999999,337802.84231040,184,3.87904000,328989.17927040,0
1791088560000000,84812.01000000,84812.01000000,84812.00000000,84812.01000000,0.87185000,1791088619999999,73943.34545070,164,0.32507000,27569.84009070,0
1791088620000000,84812.01000000,84812.01000000,84812.00000000,84812.01000000,0.50794000,1791088679999999,43079.41091200,147,0.36320000,30803.72203200,0
1791088680000000,84812.01000000,84812.01000000,84812.00000000,84812.01000000,0.27266000,1791088739999999,23124.84222970,139,0.23097000,19589.02994970,0
1791088740000000,84812.01000000,84812.01000000,84812.00000000,84812.01000000,0.84069000,1791088799999999,71300.60349080,160,0.32108000,27231.44017080,0
1791088800000000,84812.00000000,84812.01000000,84812.00000000,84812.01000000,0.66363000,1791088859999999,56283.78973920,150,0.21792000,18482.23321920,0
1791088860000000,84812.00000000,84812.01000000,84812.00000000,84812.01000000,0.55401000,1791088919999999,46986.69908650,154,0.29665000,25159.48276650,0
1791088920000000,84812.00000000,84812.01000000,84812.00000000,84812.01000000,0.39074000,1791088979999999,33139.44265920,124,0.17792000,15089.75281920,0
1791088980000000,84812.01000000,84812.01000000,84812.00000000,84812.01000000,0.28361000,1791089039999999,24053.53314090,92,0.18209000,15443.41890090,0
1791089040000000,84812.01000000,84812.01000000,84812.00000000,84812.00000000,0.73355000,1791089099999999,62213.84570700,130,0.31070000,26351.09150700,0
1791089100000000,84812.00000000,84812.01000000,84812.00000000,84812.01000000,0.49214000,1791089159999999,41739.38085660,117,0.31766000,26941.38309660,0
1791089160000000,84812.01000000,84812.01000000,84812.00000000,84812.00000000,1.30436000,1791089219999999,110625.38897680,154,0.86568000,73420.06081680,0
1791089220000000,84812.01000000,84812.01000000,84812.00000000,84812.01000000,0.54794000,1791089279999999,46471.89189960,103,0.46196000,39179.75613960,0
1791089280000000,84812.01000000,84812.01000000,84812.00000000,84812.00000000,0.33012000,1791089339999999,27998.13975840,98,0.23184000,19662.81639840,0
1791089340000000,84812.01000000,84812.01000000,84812.00000000,84812.01000000,1.36968000,1791089399999999,116165.30393890,98,0.37789000,32049.61045890,0
1791089400000000,84812.00000000,84812.01000000,84812.00000000,84812.00000000,1.71063000,1791089459999999,145081.95703360,143,0.54736000,46422.70179360,0
1791089460000000,84812.01000000,84812.01000000,84812.00000000,84812.01000000,1.24857000,1791089519999999,105893.72381800,148,0.49780000,42219.41857800,0
1791089520000000,84812.00000000,84812.01000000,84812.00000000,84812.01000000,0.94872000,1791089579999999,80462.84548060,190,0.48406000,41054.10156060,0
1791089580000000,84812.01000000,84812.01000000,84812.00000000,84812.01000000,0.87959000,1791089639999999,74599.79115430,122,0.40743000,34554.95723430,0
1791089640000000,84812.00000000,84812.01000000,84812.00000000,84812.01000000,0.59737000,1791089699999999,50664.14970720,130,0.52672000,44672.18190720,0
1791089700000000,84812.01000000,84812.01000000,84812.00000000,84812.00000000,1.47953000,1791089759999999,125481.90279970,171,0.44397000,37653.98807970,0
1791089760000000,84812.01000000,84812.01000000,84812.00000000,84812.01000000,0.63221000,1791089819999999,53618.99933990,136,0.48199000,40878.54069990,0
1791089820000000,84812.01000000,84812.01000000,84812.00000000,84812.01000000,0.55139000,1791089879999999,46764.49347750,120,0.47975000,40688.56179750,0
1791089880000000,84812.01000000,84812.01000000,84811.93000000,84811.94000000,5.55330000,1791089939999999,470986.44522960,419,0.84440000,71615.23275760,0
1791089940000000,84811.94000000,84811.94000000,84811.93000000,84811.94000000,0.86000000,1791089999999999,72938.26364850,127,0.38485000,32639.87510900,0
1791090000000000,84811.94000000,84811.94000000,84811.61000000,84811.62000000,5.37290000,1791090059999999,455685.67188710,248,0.50299000,42659.49484940,0
1791090060000000,84811.62000000,84829.16000000,84811.61000000,84829.16000000,7.98812000,1791090119999999,677500.61439020,689,7.79040000,660730.83269280,0
1791090120000000,84829.16000000,84829.16000000,84829.15000000,84829.16000000,0.83532000,1791090179999999,70859.48993800,188,0.43600000,36985.51376000,0
1791090180000000,84829.15000000,84829.16000000,84828.95000000,84828.96000000,5.35458000,1791090239999999,454224.35911940,227,0.32392000,27477.83121520,0
1791090240000000,84828.96000000,84828.96000000,84828.95000000,84828.95000000,0.53410000,1791090299999999,45307.14574070,175,0.35457000,30077.80434720,0
1791090300000000,84828.95000000,84828.96000000,84828.95000000,84828.96000000,1.23291000,1791090359999999,104586.47083900,225,1.00945000,85630.59367200,0
1791090360000000,84828.96000000,84828.96000000,84828.84000000,84828.84000000,4.90378000,1791090419999999,415982.46879500,312,0.26329000,22334.61618650,0
1791090420000000,84828.85000000,84828.85000000,84828.84000000,84828.85000000,0.82631000,1791090479999999,70094.92068180,226,0.19014000,16129.35753900,0
1791090480000000,84828.85000000,84828.85000000,84828.84000000,84828.84000000,3.47757000,1791090539999999,294998.25279480,264,2.36760000,200840.78526000,0
1791090540000000,84828.85000000,84842.01000000,84828.84000000,84835.16000000,10.36433000,1791090599999999,879204.14227330,391,9.99305000,847707.79772920,0
1791090600000000,84835.16000000,84835.16000000,84835.15000000,84835.15000000,1.93697000,1791090659999999,164323.15575790,200,1.52624000,129478.81459840,0
1791090660000000,84835.16000000,84835.16000000,84834.00000000,84834.01000000,4.18716000,1791090719999999,355215.14288120,508,0.56941000,48305.57070660,0
1791090720000000,84834.01000000,84834.01000000,84834.00000000,84834.01000000,1.12034000,1791090779999999,95042.92635400,229,0.27940000,23702.62239400,0
1791090780000000,84834.00000000,84834.01000000,84834.00000000,84834.01000000,1.60838000,1791090839999999,136445.32016060,175,1.12406000,95358.51728060,0
1791090840000000,84834.01000000,84834.01000000,84834.00000000,84834.01000000,0.53323000,1791090899999999,45236.03830330,138,0.44833000,38033.63170330,0
1791090900000000,84834.01000000,84834.01000000,84831.38000000,84831.39000000,7.90041000,1791090959999999,670209.96674890,375,0.27611000,23423.45191910,0
1791090960000000,84831.39000000,84831.39000000,84831.38000000,84831.38000000,0.34322000,1791091019999999,29115.82786900,138,0.16254000,13788.49413060,0
1791091020000000,84831.39000000,84831.39000000,84831.38000000,84831.39000000,0.27015000,1791091079999999,22917.19860760,101,0.13006000,11033.17058340,0
1791091080000000,84831.39000000,84831.39000000,84830.67000000,84831.39000000,10.72920000,1791091139999999,910172.36537060,448,1.93024000,163744.66150960,0
1791091140000000,84831.39000000,84861.48000000,84831.38000000,84833.99000000,45.72399000,1791091199999999,3879571.78006830,1110,11.61379000,985367.64711690,0
1791091200000000,84833.99000000,84833.99000000,84833.98000000,84833.99000000,1.79611000,1791091259999999,152371.17637940,223,1.65616000,140498.66087840,0
1791091260000000,84833.99000000,84856.74000000,84833.98000000,84856.74000000,7.83359000,1791091319999999,664626.12386580,621,7.46491000,633342.14500340,0
1791091320000000,84856.73000000,84856.74000000,84856.73000000,84856.74000000,0.97864000,1791091379999999,83044.19573260,176,0.54854000,46547.31615960,0
1791091380000000,84856.74000000,84856.74000000,84856.73000000,84856.74000000,0.68812000,1791091439999999,58391.61907070,130,0.60231000,51110.06306940,0
1791091440000000,84856.74000000,84866.33000000,84856.73000000,84866.33000000,2.79183000,1791091499999999,236912.63611410,396,2.62177000,222480.75162120,0
1791091500000000,84866.33000000,84866.33000000,84866.32000000,84866.32000000,1.34598000,1791091559999999,114228.37291720,142,0.35236000,29903.50003880,0
1791091560000000,84866.32000000,84872.60000000,84866.32000000,84871.02000000,11.59841000,1791091619999999,984321.90136010,263,11.45812000,972415.98638630,0
1791091620000000,84871.03000000,84871.03000000,84871.02000000,84871.02000000,2.04847000,1791091679999999,173855.75572020,127,1.73808000,147512.63982240,0
1791091680000000,84871.03000000,84871.03000000,84871.02000000,84871.03000000,0.99453000,1791091739999999,84406.78170260,134,0.61820000,52467.27074600,0
1791091740000000,84871.02000000,84871.03000000,84861.33000000,84861.34000000,9.15929000,1791091799999999,777338.41573610,553,0.59816000,50763.33783800,0
1791091800000000,84861.34000000,84861.34000000,84861.33000000,84861.33000000,0.63251000,1791091859999999,53675.64337770,188,0.35394000,30035.82267960,0
1791091860000000,84861.34000000,84861.34000000,84861.33000000,84861.34000000,0.46197000,1791091919999999,39203.39199120,197,0.33711000,28607.60632740,0
1791091920000000,84861.33000000,84861.34000000,84861.33000000,84861.34000000,3.17013000,1791091979999999,269021.45305970,294,0.49868000,42318.65303120,0
1791091980000000,84861.34000000,84861.34000000,84861.33000000,84861.33000000,2.48788000,1791092039999999,211124.82899550,395,2.33151000,197855.06282340,0
1791092040000000,84861.33000000,84871.22000000,84861.33000000,84871.22000000,4.39020000,1791092099999999,372576.13840690,376,4.28565000,363703.51891820,0
1791092100000000,84871.22000000,84879.78000000,84871.21000000,84879.78000000,2.36893000,1791092159999999,201065.57486820,365,1.69960000,144253.08418530,0
1791092160000000,84879.77000000,84886.01000000,84879.77000000,84886.00000000,1.49160000,1791092219999999,126613.44003630,391,1.21417000,103063.55047600,0
1791092220000000,84886.01000000,84893.46000000,84886.00000000,84893.46000000,3.30555000,1791092279999999,280601.90858600,327,3.18198000,270112.10407900,0
1791092280000000,84893.46000000,84911.69000000,84893.45000000,84909.58000000,3.39504000,1791092339999999,288241.50032500,638,2.63889000,224040.10340790,0
1791092340000000,84909.57000000,84909.58000000,84901.20000000,84901.20000000,2.20504000,1791092399999999,187226.22743150,354,0.23610000,20046.60428140,0
1791092400000000,84901.21000000,84901.21000000,84901.20000000,84901.21000000,2.73682000,1791092459999999,232359.32607780,227,2.38938000,202861.25314980,0
1791092460000000,84901.20000000,84901.21000000,84901.20000000,84901.21000000,2.14345000,1791092519999999,181981.49617300,237,1.90330000,161592.47299300,0
1791092520000000,84901.20000000,84901.21000000,84901.20000000,84901.21000000,1.65016000,1791092579999999,140100.57941390,206,1.52219000,129235.77284990,0
1791092580000000,84901.20000000,84909.71000000,84901.20000000,84909.71000000,10.76891000,1791092639999999,914355.76535850,417,10.53035000,894101.41489150,0
1791092640000000,84909.70000000,84923.68000000,84909.70000000,84923.67000000,1.82404000,1791092699999999,154894.38502500,523,1.37821000,117033.95408060,0
1791092700000000,84923.68000000,84923.68000000,84923.67000000,84923.68000000,0.50623000,1791092759999999,42990.91221830,153,0.27542000,23389.67994560,0
1791092760000000,84923.67000000,84923.68000000,84916.00000000,84916.00000000,2.18009000,1791092819999999,185134.72179870,688,0.30024000,25495.60822060,0
1791092820000000,84916.01000000,84916.01000000,84916.00000000,84916.01000000,0.85518000,1791092879999999,72618.46672860,207,0.18486000,15697.57360860,0
1791092880000000,84916.01000000,84916.01000000,84909.59000000,84909.60000000,1.41895000,1791092939999999,120487.98436430,405,0.21673000,18402.84842570,0
1791092940000000,84909.60000000,84909.60000000,84909.59000000,84909.59000000,0.37565000,1791092999999999,31896.28925280,187,0.17693000,15023.05552800,0
1791093000000000,84909.60000000,84909.60000000,84909.59000000,84909.59000000,0.40087000,1791093059999999,34037.70923370,204,0.18904000,16051.31078400,0
1791093060000000,84909.60000000,84909.60000000,84909.59000000,84909.59000000,0.97682000,1791093119999999,82941.38925980,213,0.35560000,30193.85376000,0
1791093120000000,84909.60000000,84909.60000000,84909.59000000,84909.60000000,0.43924000,1791093179999999,37295.69014880,174,0.18372000,15599.59171200,0
1791093180000000,84909.60000000,84918.01000000,84909.59000000,84918.01000000,4.71633000,1791093239999999,400479.61015210,653,4.52016000,383822.34482110,0
1791093240000000,84918.00000000,84924.53000000,84918.00000000,84924.53000000,3.21560000,1791093299999999,273068.24341880,524,3.03379000,257628.72790140,0
1791093300000000,84924.53000000,84924.53000000,84908.43000000,84908.43000000,8.91589000,1791093359999999,757165.64249520,673,0.40257000,34186.94785630,0
1791093360000000,84908.44000000,84922.49000000,84908.43000000,84912.01000000,3.61968000,1791093419999999,307376.98133540,754,0.73911000,62760.05205270,0
1791093420000000,84912.00000000,84912.01000000,84912.00000000,84912.00000000,0.55174000,1791093479999999,46849.35089410,138,0.40141000,34084.52993410,0
1791093480000000,84912.00000000,84912.01000000,84912.00000000,84912.01000000,0.55477000,1791093539999999,47106.63267230,208,0.24323000,20653.14819230,0
1791093540000000,84912.01000000,84912.01000000,84912.00000000,84912.01000000,0.53659000,1791093599999999,45562.93396630,190,0.38863000,32999.35444630,0
1791093600000000,84912.01000000,84916.01000000,84912.00000000,84916.00000000,2.73055000,1791093659999999,231859.54321780,438,2.22102000,188593.20157780,0
1791093660000000,84916.01000000,84916.01000000,84916.00000000,84916.01000000,0.84456000,1791093719999999,71716.66154210,208,0.45821000,38909.36494210,0
1791093720000000,84916.01000000,84916.01000000,84916.00000000,84916.00000000,0.81537000,1791093779999999,69237.96325300,217,0.43330000,36794.10713300,0
1791093780000000,84916.01000000,84916.01000000,84916.00000000,84916.00000000,0.98327000,1791093839999999,83495.35821590,209,0.28959000,24590.82733590,0
1791093840000000,84916.00000000,84916.01000000,84916.00000000,84916.00000000,0.41788000,1791093899999999,35484.70072050,154,0.26405000,22422.07244050,0
1791093900000000,84916.00000000,84922.49000000,84916.00000000,84922.49000000,5.21127000,1791093959999999,442524.04671120,232,5.07359000,430832.10058640,0
1791093960000000,84922.49000000,84922.49000000,84922.48000000,84922.48000000,0.74705000,1791094019999999,63441.34135860,187,0.26746000,22713.36917540,0
1791094020000000,84922.49000000,84922.49000000,84922.48000000,84922.48000000,1.52973000,1791094079999999,129908.46935030,258,0.40199000,34137.99175510,0
1791094080000000,84922.48000000,84922.49000000,84922.48000000,84922.48000000,1.90577000,1791094139999999,161842.72786090,242,1.31513000,111684.11427370,0
1791094140000000,84922.48000000,84922.49000000,84922.48000000,84922.48000000,1.68618000,1791094199999999,143194.59817830,231,1.08519000,92157.03692310,0
1791094200000000,84922.48000000,84922.49000000,84922.48000000,84922.49000000,1.33722000,1791094259999999,113560.04836520,228,0.96596000,82031.72844040,0
1791094260000000,84922.48000000,84922.49000000,84922.48000000,84922.48000000,1.21522000,1791094319999999,103199.49818380,169,0.20382000,17308.90191180,0
1791094320000000,84922.49000000,84922.49000000,84922.48000000,84922.49000000,3.77665000,1791094379999999,320722.52050280,167,3.64108000,309209.57988920,0
1791094380000000,84922.48000000,84922.49000000,84922.48000000,84922.48000000,1.38701000,1791094439999999,117788.33138940,234,0.24046000,20420.46194540,0
1791094440000000,84922.48000000,84922.60000000,84916.00000000,84922.60000000,14.86306000,1791094499999999,1262139.36426580,663,11.36736000,965284.69605630,0
1791094500000000,84922.60000000,84922.61000000,84922.59000000,84922.61000000,1.05982000,1791094559999999,90002.66719980,270,0.57747000,49040.25420600,0
1791094560000000,84922.61000000,84925.58000000,84922.60000000,84925.57000000,3.65357000,1791094619999999,310273.06553900,503,2.98333000,253354.03226170,0
1791094620000000,84925.58000000,84925.58000000,84925.57000000,84925.58000000,0.45064000,1791094679999999,38270.86176090,186,0.28961000,24595.29722380,0
1791094680000000,84925.58000000,84925.58000000,84925.56000000,84925.57000000,13.48969000,1791094739999999,1145619.62974250,410,1.82244000,154771.77380880,0
1791094740000000,84925.56000000,84930.01000000,84925.56000000,84930.00000000,7.30666000,1791094799999999,620549.21092670,301,1.31089000,111328.94297030,0
1791094800000000,84930.00000000,84942.50000000,84930.00000000,84942.49000000,4.75671000,1791094859999999,404008.98854260,547,2.26567000,192443.85852330,0
1791094860000000,84942.50000000,84971.99000000,84942.50000000,84971.99000000,7.51360000,1791094919999999,638293.15399090,905,7.38014000,626954.08714370,0
1791094920000000,84971.98000000,85058.01000000,84971.98000000,84974.03000000,50.65869000,1791094979999999,4306762.26451660,3709,34.95946000,2972066.44787430,0
1791094980000000,84974.03000000,84982.00000000,84964.00000000,84964.00000000,6.21743000,1791095039999999,528305.42986820,676,1.20115000,102069.81261590,0
1791095040000000,84964.01000000,84964.01000000,84960.78000000,84962.00000000,3.84893000,1791095099999999,327010.55624260,467,1.13232000,96202.97348090,0
1791095100000000,84961.99000000,84962.00000000,84935.98000000,84935.99000000,15.25937000,1791095159999999,1296340.38315320,847,2.29193000,194699.77174740,0
1791095160000000,84935.98000000,84935.98000000,84900.00000000,84900.01000000,7.89597000,1791095219999999,670531.39123000,851,0.69783000,59248.96336410,0
1791095220000000,84900.00000000,84900.01000000,84900.00000000,84900.01000000,1.00090000,1791095279999999,84976.41870370,214,0.87037000,73894.42170370,0
1791095280000000,84900.01000000,84900.01000000,84877.18000000,84877.18000000,6.60633000,1791095339999999,560847.82596830,597,1.05526000,89585.42060740,0
1791095340000000,84877.18000000,84958.01000000,84877.18000000,84947.61000000,8.90591000,1791095399999999,756356.33745780,1684,6.62492000,562580.80035980,0
1791095400000000,84947.62000000,84947.62000000,84919.74000000,84939.22000000,5.47084000,1791095459999999,464622.17905220,1283,1.18405000,100559.05489780,0
1791095460000000,84939.23000000,84939.23000000,84929.63000000,84931.99000000,2.64495000,1791095519999999,224641.53506930,822,1.24798000,105991.47298370,0
1791095520000000,84932.00000000,85017.13000000,84931.99000000,85017.13000000,13.44693000,1791095579999999,1142532.80225140,1137,13.16980000,1118979.77215890,0
1791095580000000,85017.13000000,85017.13000000,85010.13000000,85010.13000000,1.79885000,1791095639999999,152929.85524470,621,0.56999000,48458.10807860,0
1791095640000000,85010.13000000,85022.01000000,85010.13000000,85012.64000000,3.94333000,1791095699999999,335256.74430740,884,2.58879000,220093.66332530,0
1791095700000000,85012.63000000,85022.01000000,85010.35000000,85022.01000000,3.22863000,1791095759999999,274490.51410310,897,2.10246000,178747.91202280,0
1791095760000000,85022.01000000,85029.20000000,85022.00000000,85029.20000000,2.94388000,1791095819999999,250296.20269430,521,2.03814000,173287.95600770,0
1791095820000000,85029.19000000,85029.20000000,84989.04000000,84989.04000000,17.39941000,1791095879999999,1479131.51782700,988,1.70504000,144919.57286820,0
1791095880000000,84989.04000000,84989.05000000,84979.01000000,84987.48000000,3.37924000,1791095939999999,287189.03135490,487,1.19734000,101755.11311820,0
1791095940000000,84987.48000000,84987.48000000,84980.00000000,84980.00000000,2.06629000,1791095999999999,175600.89166780,576,0.29766000,25295.49703470,0
1791096000000000,84980.01000000,84980.01000000,84978.35000000,84978.36000000,1.43063000,1791096059999999,121574.79537080,460,0.22275000,18929.27495250,0
1791096060000000,84978.35000000,84978.36000000,84978.35000000,84978.36000000,0.68705000,1791096119999999,58384.37812670,252,0.27592000,23447.22909120,0
1791096120000000,84978.36000000,84978.36000000,84948.34000000,84959.58000000,22.50263000,1791096179999999,1911832.85958670,760,3.23963000,275228.06963250,0
1791096180000000,84959.57000000,84962.47000000,84957.58000000,84957.58000000,2.19884000,1791096239999999,186815.87881800,471,1.16474000,98957.54045930,0
1791096240000000,84957.58000000,84957.89000000,84957.58000000,84957.89000000,1.17007000,1791096299999999,99406.33514480,351,0.96515000,81996.82580820,0
1791096300000000,84957.89000000,84964.01000000,84957.88000000,84964.01000000,3.19719000,1791096359999999,271632.02728330,575,3.04286000,258520.13199530,0
1791096360000000,84964.00000000,84987.47000000,84964.00000000,84987.46000000,1.45972000,1791096419999999,124039.51585280,811,1.19063000,101174.54067990,0
1791096420000000,84987.46000000,84988.01000000,84987.46000000,84988.01000000,0.49865000,1791096479999999,42379.04801820,323,0.31464000,26740.47821740,0
1791096480000000,84988.00000000,84993.99000000,84988.00000000,84993.99000000,1.10335000,1791096539999999,93775.75901600,611,0.94367000,80204.36637770,0
1791096540000000,84993.98000000,84995.41000000,84993.98000000,84995.08000000,1.72625000,1791096599999999,146722.35262500,672,1.09306000,92904.42875730,0
1791096600000000,84995.09000000,84995.41000000,84995.08000000,84995.41000000,0.34219000,1791096659999999,29084.46986930,289,0.16586000,14097.28741290,0
1791096660000000,84995.41000000,85029.83000000,84995.40000000,85029.83000000,2.90351000,1791096719999999,246829.32610040,961,2.40890000,204782.00088960,0
1791096720000000,85029.82000000,85042.00000000,85029.82000000,85042.00000000,1.21405000,1791096779999999,103235.54789270,529,0.61351000,52169.44782750,0
1791096780000000,85041.99000000,85046.01000000,85041.99000000,85046.00000000,2.27632000,1791096839999999,193587.33835600,472,1.88882000,160632.67855660,0
1791096840000000,85046.01000000,85072.54000000,85046.00000000,85072.53000000,4.23789000,1791096899999999,360433.78090450,902,1.66255000,141406.53478760,0
1791096900000000,85072.53000000,85072.54000000,85055.11000000,85055.11000000,3.39343000,1791096959999999,288664.92419180,1022,0.29296000,24921.29169280,0
1791096960000000,85055.11000000,85055.12000000,85052.67000000,85052.67000000,2.72372000,1791097019999999,231663.67992080,609,1.20815000,102757.95900740,0
1791097020000000,85052.68000000,85052.68000000,85038.27000000,85040.94000000,3.28860000,1791097079999999,279668.02667680,1045,0.81147000,69007.55800770,0
1791097080000000,85040.94000000,85040.95000000,85031.74000000,85031.74000000,2.92925000,1791097139999999,249099.04141650,470,0.38534000,32767.78181200,0
1791097140000000,85031.75000000,85031.75000000,85031.73000000,85031.74000000,2.03905000,1791097199999999,173383.96628620,290,0.26515000,22546.16651800,0
1791097200000000,85031.74000000,85031.74000000,85031.73000000,85031.74000000,0.89814000,1791097259999999,76370.40079760,338,0.28154000,23939.83607960,0
1791097260000000,85031.73000000,85031.74000000,85026.01000000,85026.01000000,3.64664000,1791097319999999,310066.92745450,509,0.42661000,36273.01874150,0
1791097320000000,85026.02000000,85026.02000000,85022.00000000,85022.01000000,1.64395000,1791097379999999,139772.95150320,494,0.35971000,30583.35401230,0
1791097380000000,85022.00000000,85022.01000000,85022.00000000,85022.00000000,1.70558000,1791097439999999,145011.82562800,369,0.28680000,24384.31246800,0
1791097440000000,85022.01000000,85022.01000000,85016.07000000,85016.07000000,2.16955000,1791097499999999,184457.49925670,537,0.46546000,39573.82139280,0
1791097500000000,85016.08000000,85016.08000000,85016.07000000,85016.08000000,1.22590000,1791097559999999,104221.20385940,238,0.36464000,31000.26341120,0
1791097560000000,85016.08000000,85016.08000000,85016.07000000,85016.07000000,0.96019000,1791097619999999,81631.58406810,272,0.38148000,32431.93419840,0
1791097620000000,85016.08000000,85016.08000000,85016.07000000,85016.07000000,1.19525000,1791097679999999,101615.46041100,623,0.27435000,23324.16154800,0
1791097680000000,85016.08000000,85016.08000000,85016.07000000,85016.07000000,0.45169000,1791097739999999,38400.91104850,280,0.23902000,20320.54344160,0
1791097740000000,85016.08000000,85016.08000000,85014.00000000,85014.00000000,1.26756000,1791097799999999,107762.63300720,650,0.30945000,26308.17466140,0
1791097800000000,85014.00000000,85014.01000000,85009.64000000,85009.65000000,6.47768000,1791097859999999,550686.34933400,961,2.29088000,194756.78633320,0
1791097860000000,85009.64000000,85009.65000000,85009.64000000,85009.65000000,0.71545000,1791097919999999,60820.14971240,295,0.27744000,23585.07729600,0
1791097920000000,85009.65000000,85009.65000000,85009.64000000,85009.64000000,1.41017000,1791097979999999,119878.05595280,207,1.19140000,101280.49701000,0
1791097980000000,85009.65000000,85009.65000000,84992.97000000,84992.97000000,2.82576000,1791098039999999,240198.53559190,777,0.39888000,33906.13499540,0
1791098040000000,84992.97000000,84992.98000000,84989.12000000,84989.13000000,2.88901000,1791098099999999,245543.07604500,533,0.27140000,23066.83947850,0
1791098100000000,84989.13000000,84989.13000000,84970.03000000,84972.00000000,6.32427000,1791098159999999,537476.12172300,749,3.24235000,275562.40065550,0
1791098160000000,84972.00000000,84972.01000000,84968.47000000,84968.48000000,2.56722000,1791098219999999,218138.62116110,333,0.44417000,37741.10990690,0
1791098220000000,84968.47000000,84968.48000000,84948.77000000,84948.77000000,4.31462000,1791098279999999,366557.59539150,906,0.34766000,29534.58193310,0
1791098280000000,84948.77000000,84948.78000000,84934.00000000,84934.00000000,4.21830000,1791098339999999,358304.57569830,483,1.99203000,169193.84015800,0
1791098340000000,84934.01000000,84934.01000000,84934.00000000,84934.00000000,0.76310000,1791098399999999,64813.14004750,169,0.46475000,39473.08114750,0
1791098400000000,84934.01000000,84959.35000000,84934.00000000,84959.35000000,2.45589000,1791098459999999,208603.01693330,1038,2.32216000,197243.73618750,0
1791098460000000,84959.35000000,84960.00000000,84959.34000000,84960.00000000,1.01988000,1791098519999999,86648.48081060,199,0.79718000,67727.97950260,0
1791098520000000,84960.00000000,84980.01000000,84959.99000000,84980.01000000,3.17961000,1791098579999999,270161.21723520,1055,2.32921000,197903.78202050,0
1791098580000000,84980.01000000,84988.00000000,84980.00000000,84987.99000000,1.98245000,1791098639999999,168476.72258870,545,1.70498000,144896.65254750,0
1791098640000000,84988.00000000,84988.74000000,84987.99000000,84988.74000000,2.26314000,1791098699999999,192340.50637940,410,1.63418000,138886.17286170,0
1791098700000000,84988.73000000,85001.79000000,84988.73000000,84996.01000000,11.62195000,1791098759999999,987843.18567190,455,2.27542000,193394.77751370,0
1791098760000000,84996.01000000,84996.01000000,84980.64000000,84980.65000000,2.34759000,1791098819999999,199514.67844690,459,0.29925000,25430.69475180,0
1791098820000000,84980.64000000,84980.65000000,84980.64000000,84980.64000000,1.50286000,1791098879999999,127714.00636770,146,0.17373000,14763.68832450,0
1791098880000000,84980.65000000,84980.65000000,84980.64000000,84980.64000000,2.98644000,1791098939999999,253789.58539600,208,0.28744000,24426.83803600,0
1791098940000000,84980.65000000,84980.65000000,84972.73000000,84972.74000000,6.41235000,1791098999999999,544911.45020710,505,2.27827000,193605.07233030,0
1791099000000000,84972.73000000,84972.74000000,84936.41000000,84936.41000000,8.53703000,1791099059999999,725294.72902560,935,0.45129000,38338.29013200,0
1791099060000000,84936.41000000,84946.01000000,84936.41000000,84944.81000000,3.75933000,1791099119999999,319310.83457880,302,1.88255000,159898.39794280,0
1791099120000000,84944.82000000,84944.82000000,84926.70000000,84926.70000000,6.83380000,1791099179999999,580430.53768370,911,0.36273000,30807.73651620,0
1791099180000000,84926.70000000,84926.71000000,84926.70000000,84926.71000000,0.41247000,1791099239999999,35029.71762220,198,0.16732000,14209.93711720,0
1791099240000000,84926.71000000,84926.71000000,84926.70000000,84926.71000000,0.77246000,1791099299999999,65602.48442090,230,0.57389000,48738.58960190,0
1791099300000000,84926.71000000,84949.11000000,84924.51000000,84949.10000000,7.68552000,1791099359999999,652736.06985970,736,6.81793000,579054.01379460,0
1791099360000000,84949.10000000,84953.98000000,84949.10000000,84953.98000000,0.80767000,1791099419999999,68612.21426390,241,0.68305000,58025.35206200,0
1791099420000000,84953.97000000,84953.98000000,84953.97000000,84953.97000000,1.43530000,1791099479999999,121934.44524320,225,1.21022000,102813.00567560,0
1791099480000000,84953.98000000,84953.98000000,84941.51000000,84941.53000000,5.12414000,1791099539999999,435294.55952970,787,1.27361000,108196.54248140,0
1791099540000000,84941.53000000,84941.53000000,84935.38000000,84935.54000000,2.13891000,1791099599999999,181680.51503450,515,0.40888000,34730.78334910,0
1791099600000000,84935.54000000,84957.50000000,84935.53000000,84957.49000000,2.33595000,1791099659999999,198421.89643230,617,2.05665000,174693.65687890,0
1791099660000000,84957.50000000,84957.50000000,84957.49000000,84957.49000000,0.37434000,1791099719999999,31802.98932330,263,0.25167000,21381.25402500,0
1791099720000000,84957.50000000,84970.57000000,84957.49000000,84970.57000000,3.46731000,1791099779999999,294597.38169410,448,3.29566000,280013.10619760,0
1791099780000000,84970.57000000,84972.01000000,84970.56000000,84972.00000000,1.56940000,1791099839999999,133353.07282870,349,1.41699000,120402.62121790,0
1791099840000000,84972.00000000,84972.01000000,84972.00000000,84972.00000000,0.38969000,1791099899999999,33112.74118740,252,0.25074000,21305.88178740,0
1791099900000000,84972.01000000,85000.00000000,84972.00000000,84999.99000000,1.50667000,1791099959999999,128046.70107620,763,1.06882000,90835.82614460,0
1791099960000000,85000.00000000,85000.00000000,84999.99000000,85000.00000000,1.09166000,1791100019999999,92791.09368270,284,0.45993000,39094.05000000,0
1791100020000000,84999.99000000,85000.00000000,84999.99000000,84999.99000000,0.99290000,1791100079999999,84396.49448310,239,0.44121000,37502.85000000,0
1791100080000000,85000.00000000,85016.08000000,84999.99000000,85016.07000000,3.29317000,1791100139999999,279945.35962550,486,2.37795000,202149.37384010,0
1791100140000000,85016.08000000,85023.56000000,85016.07000000,85023.55000000,2.12185000,1791100199999999,180395.69095670,354,1.96623000,167165.31918850,0
1791100200000000,85023.55000000,85023.56000000,85023.55000000,85023.55000000,0.21782000,1791100259999999,18519.83102760,165,0.13666000,11619.31970960,0
1791100260000000,85023.55000000,85031.08000000,85023.55000000,85031.08000000,2.32151000,1791100319999999,197387.09750520,363,1.97612000,168020.42737830,0
1791100320000000,85031.07000000,85031.08000000,85031.07000000,85031.07000000,3.31204000,1791100379999999,281626.33631580,199,3.12330000,265577.57216400,0
1791100380000000,85031.07000000,85059.83000000,85031.07000000,85058.04000000,37.88332000,1791100439999999,3221666.86505900,1659,13.84967000,1177872.21103810,0
1791100440000000,85058.04000000,85058.05000000,85023.43000000,85023.43000000,24.14752000,1791100499999999,2053474.12128240,841,5.75969000,489840.94365170,0
1791100500000000,85023.44000000,85035.95000000,85023.43000000,85035.94000000,4.31546000,1791100559999999,366951.45193730,499,4.09386000,348108.45868280,0
1791100560000000,85035.95000000,85035.95000000,85021.92000000,85025.05000000,4.93769000,1791100619999999,419845.50068580,358,1.74668000,148511.58169000,0
1791100620000000,85025.05000000,85067.35000000,85025.04000000,85054.25000000,14.70498000,1791100679999999,1250670.54831300,2055,10.09429000,858512.96173020,0
1791100680000000,85054.26000000,85100.00000000,85054.26000000,85099.99000000,8.39321000,1791100739999999,714054.56506750,1463,7.11121000,604967.05703160,0
1791100740000000,85099.99000000,85112.65000000,85096.00000000,85106.00000000,6.14835000,1791100799999999,523249.43119060,1109,3.64935000,310569.88115580,0
1791100800000000,85106.01000000,85121.97000000,85105.73000000,85121.97000000,13.51964000,1791100859999999,1150752.40342530,1251,8.47419000,721302.30681140,0
1791100860000000,85121.96000000,85170.19000000,85121.96000000,85170.19000000,12.79099000,1791100919999999,1089123.51700150,1859,9.43774000,803572.43525840,0
1791100920000000,85170.18000000,85180.12000000,85129.99000000,85132.00000000,16.72445000,1791100979999999,1424187.90811210,2336,2.46772000,210126.24631970,0
1791100980000000,85132.00000000,85163.74000000,85115.99000000,85116.00000000,8.77495000,1791101039999999,747142.13090680,2056,3.10921000,264748.36091130,0
1791101040000000,85115.99000000,85124.15000000,85115.99000000,85124.15000000,3.95927000,1791101099999999,337023.03856580,435,3.76159000,320195.84438430,0
1791101100000000,85124.15000000,85136.01000000,85124.14000000,85136.01000000,2.10515000,1791101159999999,179208.72374460,514,1.94353000,165450.42194020,0
1791101160000000,85136.00000000,85153.65000000,85130.00000000,85130.00000000,7.27949000,1791101219999999,619798.48047750,909,3.59334000,305943.91014050,0
1791101220000000,85130.00000000,85130.01000000,85112.49000000,85112.49000000,3.16863000,1791101279999999,269723.94450050,528,0.59966000,51047.44938530,0
1791101280000000,85112.49000000,85112.49000000,85096.01000000,85096.02000000,4.87330000,1791101339999999,414742.34910130,649,1.31154000,111617.00503670,0
1791101340000000,85096.02000000,85124.18000000,85096.01000000,85124.18000000,35.74716000,1791101399999999,3042395.87176610,649,34.14648000,2906155.83652090,0
1791101400000000,85124.17000000,85150.00000000,85124.17000000,85149.99000000,3.20128000,1791101459999999,272556.08105350,673,3.01708000,256873.07568510,0
1791101460000000,85149.99000000,85160.01000000,85149.99000000,85160.00000000,3.32947000,1791101519999999,283509.30447760,500,1.78446000,151951.04878320,0
1791101520000000,85160.00000000,85166.01000000,85160.00000000,85166.01000000,1.93513000,1791101579999999,164802.22281410,488,1.49562000,127372.38550280,0
1791101580000000,85166.00000000,85175.54000000,85166.00000000,85175.54000000,1.74969000,1791101639999999,149024.58436860,617,1.53656000,130871.75517960,0
1791101640000000,85175.54000000,85175.54000000,85149.90000000,85149.90000000,6.98870000,1791101699999999,595183.52829220,1417,0.51218000,43616.44285140,0
1791101700000000,85149.90000000,85149.91000000,85149.90000000,85149.90000000,1.16403000,1791101759999999,99117.04030160,405,0.22046000,18772.14915860,0
1791101760000000,85149.91000000,85149.91000000,85141.74000000,85141.74000000,2.67009000,1791101819999999,227340.69067750,477,0.38912000,33131.06423900,0
1791101820000000,85141.74000000,85148.00000000,85134.30000000,85148.00000000,2.34360000,1791101879999999,199535.85200290,1133,1.41998000,120898.61477240,0
1791101880000000,85148.00000000,85148.00000000,85147.99000000,85148.00000000,1.52133000,1791101939999999,129538.20225590,175,1.06292000,90505.51216000,0
1791101940000000,85148.00000000,85148.00000000,85130.00000000,85130.01000000,2.59751000,1791101999999999,221160.86270620,804,0.52695000,44866.14588120,0
1791102000000000,85130.00000000,85130.01000000,85124.00000000,85124.00000000,2.54065000,1791102059999999,216275.56121240,450,0.55695000,47409.85096950,0
1791102060000000,85124.01000000,85131.38000000,85124.00000000,85131.38000000,2.08823000,1791102119999999,177759.89715550,538,1.61028000,137074.65438020,0
1791102120000000,85131.38000000,85142.01000000,85131.37000000,85142.01000000,1.04935000,1791102179999999,89340.05091320,581,0.90272000,76856.49788700,0
1791102180000000,85142.00000000,85146.00000000,85142.00000000,85145.99000000,1.72913000,1791102239999999,147225.08787800,939,1.15335000,98201.07919060,0
1791102240000000,85145.99000000,85149.96000000,85145.99000000,85149.95000000,0.75852000,1791102299999999,64587.30677690,448,0.51015000,43438.83735180,0
1791102300000000,85149.95000000,85158.00000000,85149.95000000,85158.00000000,0.78335000,1791102359999999,66703.47544590,706,0.46985000,40008.73163140,0
1791102360000000,85158.00000000,85183.99000000,85158.00000000,85183.99000000,6.04308000,1791102419999999,514667.71190510,1806,4.26636000,363352.33266340,0
1791102420000000,85183.99000000,85192.01000000,85183.99000000,85192.00000000,2.32489000,1791102479999999,198051.95675010,1028,1.22520000,104371.59847670,0
1791102480000000,85192.00000000,85195.84000000,85192.00000000,85195.84000000,0.83358000,1791102539999999,71015.92236760,401,0.52119000,44402.30316120,0
1791102540000000,85195.83000000,85195.84000000,85136.04000000,85137.99000000,8.26451000,1791102599999999,703875.26886800,2704,0.83195000,70853.54658790,0
1791102600000000,85137.99000000,85148.64000000,85090.09000000,85090.09000000,7.79773000,1791102659999999,663716.27325280,2341,0.98495000,83851.52660240,0
1791102660000000,85090.10000000,85098.01000000,85064.00000000,85064.01000000,10.20962000,1791102719999999,868671.07262130,2204,0.87419000,74379.14385370,0
1791102720000000,85064.00000000,85085.77000000,85064.00000000,85085.77000000,2.90920000,1791102779999999,247487.64559280,1231,2.13098000,181281.42367980,0
1791102780000000,85085.76000000,85090.01000000,85060.65000000,85067.99000000,15.43537000,1791102839999999,1313175.89679700,1813,9.58499000,815417.59865320,0
1791102840000000,85068.00000000,85085.02000000,85067.99000000,85085.02000000,2.78956000,1791102899999999,237326.65860590,860,1.95487000,166314.10047260,0
1791102900000000,85085.01000000,85085.02000000,85059.02000000,85059.03000000,6.92379000,1791102959999999,589038.20772780,1163,0.65504000,55724.22739010,0
1791102960000000,85059.03000000,85065.07000000,85059.02000000,85065.06000000,1.34356000,1791103019999999,114287.27970360,604,0.82901000,70518.18002380,0
1791103020000000,85065.06000000,85065.07000000,85053.01000000,85053.02000000,4.83506000,1791103079999999,411255.24190780,1066,0.27845000,23683.37400800,0
1791103080000000,85053.02000000,85053.02000000,85044.56000000,85044.56000000,5.44875000,1791103139999999,463408.51387720,1030,0.53177000,45226.28831360,0
1791103140000000,85044.56000000,85044.57000000,85032.99000000,85033.00000000,9.07168000,1791103199999999,771441.12278300,1291,0.47699000,40562.42840300,0
1791103200000000,85033.00000000,85068.00000000,85032.99000000,85068.00000000,25.91284000,1791103259999999,2203705.30062980,1595,18.07725000,1537329.12130530,0
1791103260000000,85068.00000000,85068.00000000,85067.99000000,85068.00000000,1.53919000,1791103319999999,130935.81195090,705,1.24228000,105678.27504000,0
1791103320000000,85068.00000000,85070.00000000,85067.99000000,85069.99000000,1.86612000,1791103379999999,158749.65655460,781,0.88337000,75147.35755730,0
1791103380000000,85070.00000000,85070.37000000,85069.99000000,85070.36000000,2.88449000,1791103439999999,245383.56932480,663,2.65791000,226108.40861890,0
1791103440000000,85070.36000000,85077.05000000,85070.36000000,85077.04000000,3.01654000,1791103499999999,256636.89571200,575,2.59899000,221112.98848160,0
1791103500000000,85077.05000000,85084.95000000,85077.04000000,85084.94000000,1.33321000,1791103559999999,113429.66825380,708,1.04800000,89164.55941660,0
1791103560000000,85084.95000000,85108.00000000,85084.94000000,85108.00000000,18.32398000,1791103619999999,1559130.88546880,1160,17.82521000,1516684.56277080,0
1791103620000000,85107.99000000,85114.01000000,85107.99000000,85114.00000000,1.87695000,1791103679999999,159751.20417120,893,1.02153000,86943.56499950,0
1791103680000000,85114.01000000,85114.01000000,85114.00000000,85114.00000000,1.68134000,1791103739999999,143105.58409370,428,1.13337000,96465.66551370,0
1791103740000000,85114.01000000,85114.01000000,85114.00000000,85114.01000000,1.54669000,1791103799999999,131644.97928710,500,0.66271000,56405.90556710,0
1791103800000000,85114.01000000,85118.01000000,85114.00000000,85118.00000000,5.91587000,1791103859999999,503542.19321760,769,5.20086000,442682.59816960,0
1791103860000000,85118.01000000,85118.01000000,85095.92000000,85100.23000000,15.71605000,1791103919999999,1337488.06671760,2123,7.19136000,611961.09239000,0
1791103920000000,85100.23000000,85100.23000000,85100.22000000,85100.23000000,0.88424000,1791103979999999,75249.02220720,380,0.36744000,31269.22851120,0
1791103980000000,85100.23000000,85100.23000000,85100.22000000,85100.23000000,0.86709000,1791104039999999,73789.55345390,374,0.36941000,31436.87596430,0
1791104040000000,85100.23000000,85100.23000000,85100.22000000,85100.22000000,0.62695000,1791104099999999,53353.58660930,379,0.36803000,31319.43764690,0
1791104100000000,85100.22000000,85100.23000000,85100.22000000,85100.22000000,1.07735000,1791104159999999,91682.72914180,381,0.71248000,60632.21187040,0
1791104160000000,85100.22000000,85100.23000000,85100.22000000,85100.23000000,1.36907000,1791104219999999,116508.16818680,401,0.99914000,85027.04380220,0
1791104220000000,85100.23000000,85100.23000000,85100.22000000,85100.22000000,0.90725000,1791104279999999,77207.18102490,352,0.64299000,54718.59688770,0
1791104280000000,85100.22000000,85100.23000000,85100.22000000,85100.22000000,1.53694000,1791104339999999,130793.93940240,434,0.72756000,61915.52333880,0
1791104340000000,85100.23000000,85106.48000000,85100.22000000,85106.48000000,2.57023000,1791104399999999,218737.17290210,688,2.25213000,191665.35777770,0
1791104400000000,85106.48000000,85106.48000000,85106.47000000,85106.48000000,0.69897000,1791104459999999,59486.87303460,358,0.36987000,31478.33375760,0
1791104460000000,85106.48000000,85106.48000000,85106.47000000,85106.47000000,1.12347000,1791104519999999,95614.57168710,368,0.58362000,49669.84385760,0
1791104520000000,85106.48000000,85106.48000000,85085.72000000,85085.73000000,5.42681000,1791104579999999,461800.36862500,1994,0.41288000,35132.23181980,0
1791104580000000,85085.73000000,85085.73000000,85067.41000000,85067.41000000,11.57879000,1791104639999999,985048.35482450,722,0.82766000,70408.63479420,0
1791104640000000,85067.42000000,85067.42000000,85067.41000000,85067.41000000,1.26751000,1791104699999999,107823.79976960,386,0.69205000,58870.90801100,0
1791104700000000,85067.42000000,85067.42000000,85059.90000000,85059.90000000,3.81491000,1791104759999999,324522.26890660,770,0.77152000,65631.20213510,0
1791104760000000,85059.91000000,85072.01000000,85058.34000000,85072.00000000,5.21614000,1791104819999999,443692.15429750,1180,2.64755000,225206.74481080,0
1791104820000000,85072.01000000,85111.52000000,85072.01000000,85111.51000000,2.81956000,1791104879999999,239930.98039920,1475,2.49237000,212086.58663910,0
1791104880000000,85111.51000000,85122.01000000,85111.51000000,85122.01000000,3.08455000,1791104939999999,262544.51126230,564,2.50479000,213198.40841100,0
1791104940000000,85122.00000000,85126.01000000,85122.00000000,85126.00000000,1.49278000,1791104999999999,127072.46713610,456,1.26002000,107258.93804590,0
1791105000000000,85126.01000000,85128.01000000,85126.00000000,85128.01000000,3.67388000,1791105059999999,312747.60886560,364,2.89449000,246399.69926560,0
1791105060000000,85128.01000000,85141.96000000,85128.00000000,85141.15000000,5.78620000,1791105119999999,492613.33608480,386,5.20380000,443030.48461500,0
1791105120000000,85141.14000000,85141.15000000,85141.14000000,85141.15000000,3.89632000,1791105179999999,331737.15879930,201,3.21945000,274107.67536750,0
1791105180000000,85141.15000000,85141.15000000,85141.14000000,85141.15000000,4.72982000,1791105239999999,402702.31140600,230,4.46112000,379824.88708800,0
1791105240000000,85141.15000000,85141.15000000,85128.01000000,85128.01000000,17.65045000,1791105299999999,1502706.35639210,655,1.45921000,124229.19320150,0
1791105300000000,85128.02000000,85140.01000000,85128.01000000,85140.01000000,2.40098000,1791105359999999,204397.54776300,947,2.25491000,191962.06492330,0
1791105360000000,85140.00000000,85154.01000000,85140.00000000,85154.01000000,3.34680000,1791105419999999,284970.81485270,689,2.31759000,197333.99301270,0
1791105420000000,85154.01000000,85154.01000000,85154.00000000,85154.01000000,2.00776000,1791105479999999,170968.81158850,181,1.65485000,140917.11344850,0
1791105480000000,85154.01000000,85165.98000000,85154.01000000,85162.00000000,2.86530000,1791105539999999,244012.38876510,870,1.85103000,157632.52898320,0
1791105540000000,85162.01000000,85172.01000000,85162.00000000,85172.01000000,2.23414000,1791105599999999,190278.12013190,446,2.09188000,178162.04927190,0
1791105600000000,85172.01000000,85172.01000000,85172.00000000,85172.01000000,1.41083000,1791105659999999,120163.22531150,130,1.25515000,106903.64835150,0
1791105660000000,85172.00000000,85172.01000000,85172.00000000,85172.01000000,1.80344000,1791105719999999,153602.60147700,126,0.97970000,83443.01819700,0
1791105720000000,85172.00000000,85178.01000000,85172.00000000,85178.01000000,3.02461000,1791105779999999,257615.36256530,533,2.47614000,210900.74954450,0
1791105780000000,85178.01000000,85201.53000000,85178.00000000,85201.53000000,5.23170000,1791105839999999,445696.77434190,1609,4.77569000,406849.44764940,0
1791105840000000,85201.53000000,85219.56000000,85201.52000000,85202.37000000,9.18972000,1791105899999999,783042.19671050,1672,3.50817000,298915.09879550,0
1791105900000000,85202.37000000,85212.58000000,85202.37000000,85212.57000000,2.11798000,1791105959999999,180470.97171440,478,1.43842000,122565.72037310,0
1791105960000000,85212.58000000,85212.58000000,85201.72000000,85212.58000000,4.57953000,1791106019999999,390219.43827610,1595,2.82902000,241059.94746750,0
1791106020000000,85212.58000000,85250.99000000,85212.58000000,85237.46000000,8.98363000,1791106079999999,765735.20573150,2282,6.27005000,534422.46331210,0
1791106080000000,85237.45000000,85264.07000000,85237.45000000,85264.06000000,9.00359000,1791106139999999,767617.97414170,1111,8.41590000,717511.03126510,0
1791106140000000,85264.06000000,85281.69000000,85264.06000000,85264.07000000,10.89126000,1791106199999999,928760.75622750,2152,7.72869000,659078.26640530,0
1791106200000000,85264.08000000,85289.63000000,85264.07000000,85278.30000000,11.00431000,1791106259999999,938431.11004020,1551,9.38209000,800082.47764970,0
1791106260000000,85278.30000000,85278.31000000,85257.66000000,85257.67000000,4.85047000,1791106319999999,413597.12329270,1466,0.59122000,50412.24976390,0
1791106320000000,85257.66000000,85269.79000000,85257.66000000,85269.78000000,2.58562000,1791106379999999,220458.63872290,690,1.77278000,151149.89806810,0
1791106380000000,85269.79000000,85269.79000000,85234.00000000,85234.00000000,10.00751000,1791106439999999,853207.17112790,1718,1.02190000,87122.47279800,0
1791106440000000,85234.01000000,85238.01000000,85226.00000000,85226.00000000,14.13066000,1791106499999999,1204417.05637270,1236,11.37729000,969740.75009350,0
1791106500000000,85226.01000000,85226.01000000,85187.22000000,85195.41000000,22.29413000,1791106559999999,1899617.90201510,1440,1.13115000,96391.34621550,0
1791106560000000,85195.41000000,85219.87000000,85195.40000000,85219.86000000,3.32602000,1791106619999999,283389.40368520,1533,3.18491000,271365.85875330,0
1791106620000000,85219.87000000,85240.01000000,85219.86000000,85232.37000000,7.42991000,1791106679999999,633295.93603430,1510,4.36570000,372113.27685720,0
1791106680000000,85232.36000000,85232.37000000,85210.00000000,85210.00000000,4.56855000,1791106739999999,389333.49945840,978,1.40067000,119361.08205450,0
1791106740000000,85210.00000000,85232.69000000,85210.00000000,85232.69000000,5.02404000,1791106799999999,428149.79503790,957,4.89452000,417113.18806740,0
1791106800000000,85232.69000000,85257.66000000,85232.68000000,85257.66000000,1.77498000,1791106859999999,151310.41196710,983,1.53699000,131023.98635220,0
1791106860000000,85257.65000000,85280.01000000,85257.65000000,85280.00000000,2.19016000,1791106919999999,186749.89988540,893,2.04408000,174294.30237090,0
1791106920000000,85280.00000000,85294.01000000,85280.00000000,85294.01000000,8.31858000,1791106979999999,709464.40187280,955,6.64700000,566900.85558710,0
1791106980000000,85294.00000000,85294.01000000,85260.25000000,85272.47000000,11.10484000,1791107039999999,946999.37310000,2191,5.12678000,437147.30010720,0
1791107040000000,85272.46000000,85280.01000000,85272.46000000,85276.00000000,6.16652000,1791107099999999,525859.59060680,832,2.51277000,214280.25627450,0
1791107100000000,85276.01000000,85288.85000000,85276.00000000,85288.85000000,2.47843000,1791107159999999,211368.75371660,604,2.10580000,179589.77383170,0
1791107160000000,85288.85000000,85288.90000000,85288.84000000,85288.90000000,4.72083000,1791107219999999,402634.24820010,341,3.26538000,278500.53553610,0
1791107220000000,85288.90000000,85318.01000000,85288.89000000,85316.01000000,12.48383000,1791107279999999,1064874.79238820,1740,11.49289000,980336.38961450,0
1791107280000000,85316.00000000,85317.01000000,85316.00000000,85317.01000000,2.59629000,1791107339999999,221505.16874130,407,1.88108000,160486.30887130,0
1791107340000000,85317.01000000,85339.55000000,85280.67000000,85280.68000000,17.78831000,1791107399999999,1517793.00547230,2117,5.53823000,472577.11973620,0
1791107400000000,85280.67000000,85280.68000000,85266.15000000,85266.19000000,2.75870000,1791107459999999,235231.81093860,977,0.35671000,30415.87755360,0
1791107460000000,85266.18000000,85266.19000000,85248.01000000,85248.01000000,2.92849000,1791107519999999,249681.54857910,1050,0.44157000,37647.13289510,0
1791107520000000,85248.01000000,85249.23000000,85248.01000000,85249.22000000,2.08001000,1791107579999999,177317.43929510,295,1.90324000,162248.02757950,0
1791107580000000,85249.23000000,85252.11000000,85249.22000000,85252.10000000,2.29191000,1791107639999999,195387.64605430,335,1.87565000,159900.60722510,0
1791107640000000,85252.11000000,85252.11000000,85252.10000000,85252.11000000,1.09769000,1791107699999999,93580.38605630,203,0.84073000,71674.00644030,0
1791107700000000,85252.11000000,85261.67000000,85252.10000000,85261.67000000,3.18215000,1791107759999999,271295.39807260,544,2.85531000,243430.74121300,0
1791107760000000,85261.67000000,85261.67000000,85254.00000000,85254.00000000,3.27234000,1791107819999999,279000.59350160,1029,0.57124000,48704.40609800,0
1791107820000000,85254.01000000,85254.01000000,85228.39000000,85233.84000000,12.83902000,1791107879999999,1094429.90477260,1312,9.07881000,773913.78550070,0
1791107880000000,85233.84000000,85249.96000000,85233.83000000,85249.95000000,6.78119000,1791107939999999,577996.50066510,843,3.30996000,282127.36852370,0
1791107940000000,85249.96000000,85249.96000000,85233.83000000,85233.84000000,1.88613000,1791107999999999,160772.80965870,816,0.66686000,56840.36234380,0
1791108000000000,85233.84000000,85244.00000000,85233.83000000,85244.00000000,1.80099000,1791108059999999,153519.80074960,819,1.72856000,147345.58773930,0
1791108060000000,85244.00000000,85244.00000000,85234.03000000,85234.03000000,2.00675000,1791108119999999,171049.86204540,712,0.82094000,69972.07858480,0
1791108120000000,85234.03000000,85250.00000000,85234.03000000,85249.99000000,1.88495000,1791108179999999,160678.48661630,880,1.62501000,138520.56401970,0
1791108180000000,85250.00000000,85271.53000000,85250.00000000,85271.53000000,2.52866000,1791108239999999,215600.63467370,1007,2.31967000,197781.79207570,0
1791108240000000,85271.52000000,85271.53000000,85262.36000000,85263.83000000,2.69932000,1791108299999999,230157.76802020,847,0.91318000,77860.09529260,0
1791108300000000,85263.83000000,85272.51000000,85263.83000000,85272.50000000,2.05266000,1791108359999999,175026.55357220,601,1.64472000,140242.44919180,0
1791108360000000,85272.51000000,85282.36000000,85254.79000000,85254.79000000,3.50368000,1791108419999999,298769.50752460,1732,1.23476000,105292.07762450,0
1791108420000000,85254.80000000,85254.80000000,85254.79000000,85254.80000000,1.04799000,1791108479999999,89346.17312760,340,0.57555000,49068.40014000,0
1791108480000000,85254.80000000,85254.80000000,85254.79000000,85254.80000000,1.67398000,1791108539999999,142714.81873700,199,0.53728000,45805.69894400,0
1791108540000000,85254.80000000,85254.80000000,85251.18000000,85251.67000000,2.09394000,1791108599999999,178517.06640430,419,0.48630000,41459.38381200,0
1791108600000000,85251.67000000,85251.68000000,85245.90000000,85245.91000000,1.94560000,1791108659999999,165862.65609740,577,0.24580000,20954.43807270,0
1791108660000000,85245.90000000,85245.91000000,85245.90000000,85245.91000000,0.66790000,1791108719999999,56935.74143210,156,0.48221000,41106.43026110,0
1791108720000000,85245.90000000,85245.91000000,85245.90000000,85245.91000000,2.74672000,1791108779999999,234146.63173660,202,1.32886000,113279.87996260,0
1791108780000000,85245.91000000,85245.91000000,85223.49000000,85223.50000000,6.08770000,1791108839999999,518841.52779380,852,1.71304000,146003.70577930,0
1791108840000000,85223.49000000,85265.04000000,85223.49000000,85265.04000000,6.79234000,1791108899999999,578984.68362720,1528,5.14842000,438849.09507700,0
1791108900000000,85265.03000000,85289.60000000,85265.03000000,85289.59000000,3.53140000,1791108959999999,301150.61910630,757,2.58377000,220333.93304130,0
1791108960000000,85289.59000000,85308.01000000,85289.59000000,85302.05000000,3.09085000,1791109019999999,263642.73442430,1127,1.41929000,121060.90389170,0
1791109020000000,85302.05000000,85309.98000000,85302.04000000,85309.97000000,1.82809000,1791109079999999,155948.63125300,546,1.62486000,138611.78792120,0
1791109080000000,85309.97000000,85390.00000000,85309.97000000,85383.24000000,12.92030000,1791109139999999,1102865.60693560,2673,10.37063000,885213.31842470,0
1791109140000000,85383.25000000,85428.01000000,85380.01000000,85390.00000000,15.84202000,1791109199999999,1352955.34750240,5051,9.53804000,814559.20744380,0
1791109200000000,85390.00000000,85391.89000000,85360.00000000,85360.01000000,5.76011000,1791109259999999,491773.60777820,1756,1.83619000,156759.53609040,0
1791109260000000,85360.00000000,85378.01000000,85360.00000000,85378.01000000,1.99500000,1791109319999999,170306.53926280,1055,1.50373000,128368.60201720,0
1791109320000000,85378.00000000,85405.69000000,85378.00000000,85380.01000000,8.40348000,1791109379999999,717563.37984900,2545,2.54800000,217578.99120010,0
1791109380000000,85380.00000000,85396.01000000,85375.08000000,85375.08000000,8.26639000,1791109439999999,705787.06877550,1253,1.56106000,133285.53646000,0
1791109440000000,85375.09000000,85375.09000000,85375.08000000,85375.09000000,1.11403000,1791109499999999,95110.40910590,228,0.87335000,74562.33485150,0
1791109500000000,85375.08000000,85396.00000000,85375.08000000,85396.00000000,3.11973000,1791109559999999,266397.73989270,968,2.58865000,221047.06679130,0
1791109560000000,85395.99000000,85396.00000000,85385.62000000,85389.70000000,8.62174000,1791109619999999,736214.11263850,917,0.98519000,84125.17621480,0
1791109620000000,85389.71000000,85408.01000000,85389.71000000,85408.01000000,11.36646000,1791109679999999,970696.88056460,1568,9.37140000,800312.60360500,0
1791109680000000,85408.00000000,85428.00000000,85408.00000000,85424.00000000,18.49539000,1791109739999999,1579956.24256310,1742,2.60016000,222096.23619070,0
1791109740000000,85424.00000000,85424.00000000,85375.06000000,85375.06000000,33.74732000,1791109799999999,2881729.82337160,2391,3.41379000,291527.35776700,0
1791109800000000,85375.07000000,85391.63000000,85375.07000000,85391.61000000,4.03706000,1791109859999999,344715.88752380,869,2.22177000,189705.39042290,0
1791109860000000,85391.60000000,85404.84000000,85387.19000000,85404.76000000,11.32269000,1791109919999999,966895.87228340,900,5.44457000,464942.55509990,0
1791109920000000,85404.75000000,85404.76000000,85356.00000000,85356.00000000,4.98938000,1791109979999999,425978.41450920,2254,0.78919000,67376.79090610,0
1791109980000000,85356.00000000,85384.00000000,85356.00000000,85384.00000000,8.39061000,1791110039999999,716259.64795410,490,7.59989000,648758.24198580,0
1791110040000000,85384.00000000,85384.00000000,85339.99000000,85339.99000000,6.89487000,1791110099999999,588549.21496700,2058,0.34555000,29495.27365420,0
1791110100000000,85340.00000000,85340.00000000,85320.00000000,85320.00000000,7.49848000,1791110159999999,639799.30650720,591,0.44832000,38253.78794300,0
1791110160000000,85320.00000000,85320.01000000,85293.43000000,85293.44000000,7.08344000,1791110219999999,604245.19850400,1052,1.51906000,129577.90318990,0
1791110220000000,85293.43000000,85293.44000000,85293.42000000,85293.43000000,5.55490000,1791110279999999,473796.46827750,473,0.66762000,56943.60029010,0
1791110280000000,85293.43000000,85320.01000000,85293.42000000,85320.00000000,5.47355000,1791110339999999,466971.05108080,1046,3.58143000,305535.89525650,0
1791110340000000,85320.00000000,85320.01000000,85300.00000000,85310.79000000,7.53901000,1791110399999999,643133.97062350,1159,5.33938000,455485.57339840,0
1791110400000000,85310.79000000,85310.80000000,85306.00000000,85306.01000000,2.77379000,1791110459999999,236627.35284280,756,1.05652000,90128.29308390,0
1791110460000000,85306.01000000,85346.43000000,85302.16000000,85346.43000000,11.47918000,1791110519999999,979273.28662750,1620,10.17769000,868243.09603210,0
1791110520000000,85346.43000000,85346.43000000,85343.03000000,85343.04000000,1.69473000,1791110579999999,144635.45217340,432,1.02663000,87616.57845210,0
1791110580000000,85343.03000000,85343.04000000,85343.03000000,85343.04000000,1.10739000,1791110639999999,94508.02649820,223,0.85065000,72597.05697600,0
1791110640000000,85343.03000000,85343.04000000,85332.35000000,85338.01000000,6.63925000,1791110699999999,566554.96083400,926,5.50315000,469601.48558190,0
1791110700000000,85338.01000000,85342.76000000,85338.00000000,85342.76000000,1.70526000,1791110759999999,145530.16588470,505,1.23626000,105504.52823470,0
1791110760000000,85342.76000000,85342.76000000,85342.75000000,85342.75000000,0.90887000,1791110819999999,77565.47122820,241,0.60357000,51510.32965320,0
1791110820000000,85342.75000000,85342.76000000,85320.37000000,85320.37000000,8.25622000,1791110879999999,704523.24418270,1268,0.81422000,69478.89968180,0
1791110880000000,85320.38000000,85330.72000000,85320.37000000,85330.71000000,8.33377000,1791110939999999,711066.06202400,808,7.69770000,656794.30968160,0
1791110940000000,85330.72000000,85330.72000000,85330.71000000,85330.72000000,2.97376000,1791110999999999,253753.05812430,394,0.59547000,50811.88383840,0
1791111000000000,85330.72000000,85330.72000000,85330.71000000,85330.71000000,1.76298000,1791111059999999,150436.34515570,335,1.00399000,85671.18957280,0
1791111060000000,85330.72000000,85344.81000000,85330.71000000,85334.69000000,6.03509000,1791111119999999,515024.40737850,705,5.15747000,440130.09012670,0
1791111120000000,85334.69000000,85334.69000000,85334.68000000,85334.68000000,2.25609000,1791111179999999,192522.73606960,228,1.78684000,152479.43747960,0
1791111180000000,85334.69000000,85334.69000000,85334.68000000,85334.69000000,1.06767000,1791111239999999,91109.28361850,197,0.58229000,49689.53664010,0
1791111240000000,85334.69000000,85334.69000000,85334.68000000,85334.68000000,2.69088000,1791111299999999,229625.38802320,387,0.43048000,36734.87735120,0
1791111300000000,85334.68000000,85334.69000000,85334.68000000,85334.68000000,3.07149000,1791111359999999,262104.62493400,259,0.86608000,73906.66831520,0
1791111360000000,85334.68000000,85334.69000000,85334.68000000,85334.68000000,0.92274000,1791111419999999,78741.72510760,185,0.24844000,21200.55038360,0
1791111420000000,85334.68000000,85334.69000000,85302.01000000,85302.02000000,9.00202000,1791111479999999,768030.08002450,2898,1.48562000,126736.50994350,0
1791111480000000,85302.01000000,85302.02000000,85277.18000000,85277.18000000,10.86399000,1791111539999999,926601.60755070,2751,0.32110000,27386.49673450,0
1791111540000000,85277.19000000,85277.19000000,85254.63000000,85264.01000000,6.05483000,1791111599999999,516279.72494040,2506,1.01012000,86124.05643110,0
1791111600000000,85264.01000000,85264.01000000,85254.57000000,85254.58000000,4.02706000,1791111659999999,343356.42645020,1018,0.52858000,45068.28434380,0
1791111660000000,85254.58000000,85254.58000000,85250.00000000,85250.00000000,2.94406000,1791111719999999,250987.58577590,771,1.50456000,128267.54604090,0
1791111720000000,85250.01000000,85250.01000000,85224.00000000,85224.00000000,6.65035000,1791111779999999,566852.90747200,2330,1.44872000,123485.81471780,0
1791111780000000,85224.01000000,85224.01000000,85217.79000000,85217.80000000,8.85987000,1791111839999999,755044.45400060,894,0.63194000,53853.79521400,0
1791111840000000,85217.80000000,85217.80000000,85203.65000000,85203.66000000,9.43577000,1791111899999999,804004.52677110,864,5.94231000,506308.59278200,0
1791111900000000,85203.65000000,85262.01000000,85203.65000000,85262.01000000,4.04646000,1791111959999999,344887.60644880,1629,3.43697000,292938.24732520,0
1791111960000000,85262.00000000,85263.09000000,85262.00000000,85263.08000000,2.53478000,1791112019999999,216122.89761950,390,0.41936000,35755.84732430,0
1791112020000000,85263.09000000,85263.09000000,85263.08000000,85263.08000000,1.79469000,1791112079999999,153020.80424580,144,0.72006000,61394.54058540,0
1791112080000000,85263.09000000,85263.09000000,85263.08000000,85263.08000000,0.84417000,1791112139999999,71976.54070720,148,0.64636000,55110.65085240,0
1791112140000000,85263.09000000,85263.09000000,85263.08000000,85263.08000000,0.74258000,1791112199999999,63314.66072890,218,0.27825000,23724.45479250,0
1791112200000000,85263.09000000,85272.53000000,85263.08000000,85272.53000000,1.34716000,1791112259999999,114872.49949150,414,1.08991000,92936.73145590,0
1791112260000000,85272.52000000,85272.53000000,85272.52000000,85272.53000000,1.09932000,1791112319999999,93741.79271580,197,0.60294000,51414.21923820,0
1791112320000000,85272.53000000,85272.53000000,85272.00000000,85272.01000000,1.88858000,1791112379999999,161043.96082210,343,0.20689000,17642.03336250,0
1791112380000000,85272.00000000,85272.01000000,85261.78000000,85261.79000000,4.34412000,1791112439999999,370412.01618430,560,0.76682000,65387.38600790,0
1791112440000000,85261.78000000,85263.44000000,85255.98000000,85263.44000000,11.98887000,1791112499999999,1022159.49576840,598,4.28466000,365298.70411870,0
1791112500000000,85263.43000000,85272.55000000,85263.43000000,85272.55000000,2.27953000,1791112559999999,194367.75213050,536,2.18552000,186352.02677390,0
1791112560000000,85272.55000000,85280.00000000,85272.54000000,85279.99000000,2.23574000,1791112619999999,190658.07544510,352,1.21622000,103713.46399530,0
1791112620000000,85280.00000000,85280.00000000,85277.26000000,85277.26000000,2.59268000,1791112679999999,221100.02663420,547,0.87103000,74279.10465950,0
1791112680000000,85277.26000000,85277.27000000,85277.26000000,85277.27000000,2.25389000,1791112739999999,192205.56735450,275,0.38131000,32517.07582370,0
1791112740000000,85277.26000000,85277.27000000,85262.95000000,85262.96000000,12.41462000,1791112799999999,1058584.79414890,669,0.45630000,38910.72516570,0
1791112800000000,85262.96000000,85284.01000000,85262.95000000,85284.01000000,8.87521000,1791112859999999,756809.64301160,1147,8.60737000,733969.46839270,0
1791112860000000,85284.01000000,85293.35000000,85284.00000000,85288.01000000,3.22937000,1791112919999999,275436.23938840,514,2.29060000,195367.24811430,0
1791112920000000,85288.00000000,85288.01000000,85288.00000000,85288.00000000,1.18878000,1791112979999999,101388.67470350,259,0.60635000,51714.38486350,0
1791112980000000,85288.00000000,85288.01000000,85288.00000000,85288.01000000,0.62383000,1791113039999999,53205.21577290,152,0.27329000,23308.36025290,0
1791113040000000,85288.01000000,85288.01000000,85288.00000000,85288.01000000,0.52773000,1791113099999999,45009.03946920,247,0.32292000,27541.20418920,0
1791113100000000,85288.01000000,85288.01000000,85288.00000000,85288.01000000,1.23337000,1791113159999999,105191.66726550,133,0.67055000,57189.87510550,0
1791113160000000,85288.00000000,85312.01000000,85288.00000000,85312.00000000,4.29554000,1791113219999999,366428.09417950,869,2.28660000,195048.03352140,0
1791113220000000,85312.00000000,85320.16000000,85312.00000000,85320.16000000,0.99835000,1791113279999999,85175.76159260,398,0.95618000,81577.98963040,0
1791113280000000,85320.16000000,85320.16000000,85310.00000000,85310.00000000,3.36875000,1791113339999999,287418.05744520,927,0.91354000,77943.31065740,0
1791113340000000,85310.01000000,85312.01000000,85310.00000000,85312.01000000,1.24059000,1791113399999999,105835.90457330,331,0.85189000,72675.28847330,0
1791113400000000,85312.00000000,85315.14000000,85312.00000000,85315.13000000,3.70439000,1791113459999999,316037.54399310,587,3.21154000,273990.04307840,0
1791113460000000,85315.14000000,85315.14000000,85315.13000000,85315.13000000,1.17662000,1791113519999999,100383.49290100,282,0.46404000,39589.63756560,0
1791113520000000,85315.14000000,85315.14000000,85304.75000000,85307.48000000,6.02585000,1791113579999999,514075.64667580,1027,0.97537000,83206.49574590,0
1791113580000000,85307.49000000,85315.12000000,85307.48000000,85315.12000000,5.08878000,1791113639999999,434147.45679560,549,4.53339000,386764.37077060,0
1791113640000000,85315.12000000,85315.12000000,85315.11000000,85315.11000000,0.60617000,1791113699999999,51715.46232700,282,0.20983000,17901.67162960,0
1791113700000000,85315.12000000,85315.12000000,85299.68000000,85299.69000000,4.26942000,1791113759999999,364203.26190360,954,1.25798000,107306.40671010,0
1791113760000000,85299.68000000,85299.69000000,85299.25000000,85299.25000000,3.64273000,1791113819999999,310723.32443980,381,0.35144000,29977.61937200,0
1791113820000000,85299.25000000,85299.26000000,85299.25000000,85299.26000000,1.55791000,1791113879999999,132888.56191180,352,0.73443000,62646.33552180,0
1791113880000000,85299.26000000,85299.26000000,85273.60000000,85273.60000000,8.01570000,1791113939999999,683610.60165750,1908,1.01847000,86866.11850550,0
1791113940000000,85273.61000000,85273.61000000,85272.61000000,85272.62000000,3.19920000,1791113999999999,272805.99286680,440,0.68448000,58367.71177800,0
1791114000000000,85272.61000000,85272.62000000,85271.71000000,85271.71000000,3.18329000,1791114059999999,271446.29161910,555,0.75996000,64803.52380420,0
1791114060000000,85271.72000000,85275.82000000,85271.71000000,85275.82000000,2.67593000,1791114119999999,228183.58177150,517,2.43686000,207797.47061980,0
1791114120000000,85275.82000000,85282.65000000,85275.81000000,85282.65000000,4.93363000,1791114179999999,420739.80492520,678,3.99566000,340753.31878810,0
1791114180000000,85282.64000000,85285.49000000,85267.86000000,85267.87000000,14.75555000,1791114239999999,1258373.61862540,837,1.35147000,115256.62224250,0
1791114240000000,85267.87000000,85274.73000000,85267.86000000,85274.73000000,3.23844000,1791114299999999,276138.47110010,444,3.04571000,259704.55938870,0
1791114300000000,85274.72000000,85280.94000000,85274.72000000,85280.94000000,4.78179000,1791114359999999,407787.27945520,499,3.48493000,297194.45555580,0
1791114360000000,85280.93000000,85280.94000000,85280.93000000,85280.94000000,4.87971000,1791114419999999,416146.22244890,352,1.55186000,132344.07954840,0
1791114420000000,85280.94000000,85280.94000000,85280.93000000,85280.93000000,0.78029000,1791114479999999,66543.86336090,195,0.64912000,55357.56377280,0
1791114480000000,85280.93000000,85280.94000000,85268.37000000,85268.37000000,2.22813000,1791114539999999,190009.99495900,714,0.27881000,23776.96749660,0
1791114540000000,85268.38000000,85275.19000000,85260.00000000,85275.19000000,8.10971000,1791114599999999,691486.36526970,793,6.52257000,556162.38797910,0
1791114600000000,85275.18000000,85280.94000000,85275.18000000,85280.94000000,1.41784000,1791114659999999,120909.25922180,349,0.62119000,52974.56178980,0
1791114660000000,85280.94000000,85280.94000000,85280.93000000,85280.94000000,0.85334000,1791114719999999,72773.63488180,214,0.60756000,51813.28790640,0
1791114720000000,85280.94000000,85280.94000000,85280.93000000,85280.94000000,4.52639000,1791114779999999,386014.75586280,306,0.71201000,60720.88208940,0
1791114780000000,85280.94000000,85302.01000000,85280.93000000,85302.00000000,6.95167000,1791114839999999,592874.05017010,680,5.88829000,502179.43850680,0
1791114840000000,85302.01000000,85302.01000000,85302.00000000,85302.00000000,0.43767000,1791114899999999,37334.12877910,138,0.24391000,20806.01325910,0
1791114900000000,85302.01000000,85302.01000000,85302.00000000,85302.00000000,0.36247000,1791114959999999,30919.41825810,148,0.23181000,19773.85893810,0
1791114960000000,85302.00000000,85302.01000000,85302.00000000,85302.00000000,1.34732000,1791115019999999,114929.09429220,251,0.36522000,31154.00009220,0
1791115020000000,85302.00000000,85302.01000000,85302.00000000,85302.00000000,1.35767000,1791115079999999,115811.96871060,360,0.23706000,20221.69449060,0
1791115080000000,85302.01000000,85302.01000000,85297.90000000,85297.91000000,36.29544000,1791115139999999,3095929.58693650,775,35.33060000,3013628.07055800,0
1791115140000000,85297.90000000,85309.47000000,85297.90000000,85309.46000000,1.49536000,1791115199999999,127563.15268030,462,1.34823000,115011.71793450,0
1791115200000000,85309.47000000,85311.99000000,85309.46000000,85311.98000000,11.59168000,1791115259999999,988895.54045760,699,9.94242000,848194.77410860,0
1791115260000000,85311.98000000,85340.00000000,85311.98000000,85340.00000000,5.38302000,1791115319999999,459309.98918820,1052,5.06253000,431965.85988970,0
1791115320000000,85339.99000000,85341.65000000,85339.99000000,85341.64000000,0.96410000,1791115379999999,82276.51197750,464,0.54684000,46667.53557010,0
1791115380000000,85341.65000000,85341.65000000,85341.64000000,85341.64000000,0.84685000,1791115439999999,72271.57109840,243,0.32644000,27858.92822600,0
1791115440000000,85341.64000000,85341.65000000,85341.64000000,85341.65000000,0.46943000,1791115499999999,40061.92973230,132,0.36671000,31295.63647150,0
1791115500000000,85341.64000000,85345.07000000,85341.64000000,85345.06000000,2.88666000,1791115559999999,246354.56213250,464,2.65262000,226380.84989450,0
1791115560000000,85345.07000000,85361.61000000,85345.06000000,85361.61000000,1.96224000,1791115619999999,167482.57318210,794,1.76018000,150236.64096770,0
1791115620000000,85361.61000000,85370.38000000,85361.60000000,85370.37000000,3.71550000,1791115679999999,317179.01764550,494,3.35354000,286281.39291640,0
1791115680000000,85370.38000000,85370.88000000,85370.37000000,85370.87000000,6.74857000,1791115739999999,576128.00355810,241,6.56349000,560327.65520850,0
1791115740000000,85370.88000000,85370.88000000,85370.87000000,85370.87000000,0.81847000,1791115799999999,69873.50266660,199,0.66977000,57178.85429760,0
1791115800000000,85370.87000000,85377.69000000,85370.87000000,85377.68000000,3.34396000,1791115859999999,285485.16084300,430,2.71098000,231442.88892540,0
1791115860000000,85377.68000000,85389.00000000,85369.31000000,85369.38000000,11.68071000,1791115919999999,997226.70166670,1770,8.73969000,746124.88345600,0
1791115920000000,85369.39000000,85369.39000000,85310.00000000,85310.01000000,89.90542000,1791115979999999,7673281.39893720,1903,2.88451000,246226.77598240,0
1791115980000000,85310.01000000,85310.01000000,85287.99000000,85288.00000000,6.02006000,1791116039999999,513525.98007740,1200,1.62272000,138433.67826720,0
1791116040000000,85288.01000000,85288.01000000,85236.42000000,85236.43000000,6.82967000,1791116099999999,582307.34926510,1995,0.50727000,43249.32186650,0
1791116100000000,85236.42000000,85236.43000000,85236.42000000,85236.42000000,3.88728000,1791116159999999,331337.83755280,413,0.68152000,58090.33177360,0
1791116160000000,85236.42000000,85236.43000000,85184.72000000,85191.57000000,7.77256000,1791116219999999,662272.82010010,2284,1.98226000,168872.04092720,0
1791116220000000,85191.57000000,85213.28000000,85175.99000000,85206.02000000,12.17543000,1791116279999999,1037324.62340420,2676,3.06486000,261106.59726960,0
1791116280000000,85206.02000000,85267.74000000,85206.02000000,85267.73000000,3.55555000,1791116339999999,303062.72467500,1686,3.26416000,278221.11960970,0
1791116340000000,85267.73000000,85267.74000000,85244.76000000,85246.00000000,3.05816000,1791116399999999,260734.32621170,1130,0.52139000,44450.39597220,0
1791116400000000,85246.01000000,85246.01000000,85246.00000000,85246.00000000,0.75720000,1791116459999999,64548.27431420,219,0.31142000,26547.31243420,0
1791116460000000,85246.01000000,85286.98000000,85246.00000000,85286.97000000,2.84334000,1791116519999999,242439.87064690,821,2.18741000,186509.35714120,0
1791116520000000,85286.97000000,85297.76000000,85286.97000000,85297.76000000,2.61337000,1791116579999999,222907.64276930,470,1.99309000,170000.57016970,0
1791116580000000,85297.75000000,85298.01000000,85281.70000000,85281.70000000,6.26250000,1791116639999999,534105.49968050,914,3.64874000,311173.43434180,0
1791116640000000,85281.71000000,85288.00000000,85272.17000000,85282.28000000,12.51931000,1791116699999999,1067665.59717610,1441,2.04860000,174710.40318030,0
1791116700000000,85282.27000000,85296.01000000,85282.27000000,85294.67000000,1.68282000,1791116759999999,143533.06123290,645,0.97604000,83248.07081110,0
1791116760000000,85294.67000000,85294.67000000,85290.00000000,85290.01000000,5.82919000,1791116819999999,497198.11696670,700,4.42315000,377270.96550430,0
1791116820000000,85290.00000000,85290.01000000,85284.16000000,85284.17000000,2.68347000,1791116879999999,228869.34787750,629,0.58053000,49511.79304010,0
1791116880000000,85284.17000000,85286.91000000,85284.13000000,85284.13000000,7.89636000,1791116939999999,673450.54864840,642,2.14490000,182929.68912520,0
1791116940000000,85284.14000000,85284.14000000,85276.00000000,85276.00000000,8.86461000,1791116999999999,755963.01716080,560,6.31217000,538288.85042350,0
1791117000000000,85276.01000000,85288.00000000,85276.00000000,85288.00000000,5.07227000,1791117059999999,432546.43967070,758,3.75189000,319949.55565450,0
1791117060000000,85288.00000000,85300.71000000,85287.99000000,85300.71000000,1.48657000,1791117119999999,126798.41478540,573,1.40214000,119596.92869770,0
1791117120000000,85300.70000000,85300.71000000,85263.91000000,85263.92000000,8.35095000,1791117179999999,712215.24798720,989,0.34590000,29496.69514260,0
1791117180000000,85263.92000000,85280.01000000,85263.91000000,85280.00000000,1.89236000,1791117239999999,161361.78652640,761,1.22443000,104407.50196120,0
1791117240000000,85280.00000000,85280.01000000,85278.00000000,85278.01000000,1.82795000,1791117299999999,155885.54447740,419,0.27417000,23380.72704170,0
1791117300000000,85278.01000000,85278.01000000,85262.23000000,85262.23000000,1.81896000,1791117359999999,155107.19482400,790,0.36026000,30721.17248360,0
1791117360000000,85262.24000000,85262.24000000,85251.50000000,85251.51000000,5.24246000,1791117419999999,446954.54167440,1067,0.19273000,16431.47403770,0
1791117420000000,85251.51000000,85251.51000000,85251.50000000,85251.50000000,0.78916000,1791117479999999,67277.07598210,226,0.22421000,19114.24105710,0
1791117480000000,85251.50000000,85251.51000000,85251.50000000,85251.51000000,1.06480000,1791117539999999,90775.80347220,234,0.62722000,53471.45210220,0
1791117540000000,85251.50000000,85251.51000000,85251.00000000,85251.00000000,1.45452000,1791117599999999,123999.81306440,612,0.35800000,30519.97198650,0
1791117600000000,85251.00000000,85251.01000000,85250.73000000,85250.73000000,1.28145000,1791117659999999,109244.81590610,620,0.16142000,13761.20310860,0
1791117660000000,85250.73000000,85250.74000000,85250.73000000,85250.74000000,0.63808000,1791117719999999,54396.78743130,329,0.16329000,13920.59333460,0
1791117720000000,85250.73000000,85250.74000000,85240.97000000,85242.01000000,5.98108000,1791117779999999,509857.69681310,712,1.87440000,159775.81870860,0
1791117780000000,85242.00000000,85242.01000000,85242.00000000,85242.00000000,0.52295000,1791117839999999,44577.30560030,190,0.17003000,14493.69896030,0
1791117840000000,85242.01000000,85242.01000000,85197.26000000,85197.26000000,5.25471000,1791117899999999,447796.09545690,2002,0.21981000,18730.91210210,0
1791117900000000,85197.27000000,85215.61000000,85197.26000000,85202.64000000,8.84072000,1791117959999999,753317.37958490,1346,3.30122000,281271.31391750,0
1791117960000000,85202.65000000,85209.91000000,85148.00000000,85156.55000000,14.43253000,1791118019999999,1229438.35927990,2594,1.83727000,156470.90137070,0
1791118020000000,85156.56000000,85178.00000000,85156.55000000,85162.01000000,8.56793000,1791118079999999,729733.98290670,1901,2.23821000,190624.48134580,0
1791118080000000,85162.00000000,85162.00000000,85160.00000000,85160.01000000,2.73345000,1791118139999999,232781.13824430,502,0.94123000,80155.15621230,0
1791118140000000,85160.01000000,85160.01000000,85160.00000000,85160.01000000,1.18267000,1791118199999999,100716.18398300,266,0.67830000,57764.03478300,0
1791118200000000,85160.01000000,85165.25000000,85160.00000000,85165.25000000,2.69712000,1791118259999999,229688.95520100,673,1.31919000,112343.96291380,0
1791118260000000,85165.25000000,85165.25000000,85165.24000000,85165.25000000,0.78847000,1791118319999999,67150.23991970,270,0.31369000,26715.48727250,0
1791118320000000,85165.24000000,85165.25000000,85156.28000000,85156.28000000,6.01877000,1791118379999999,512554.86722390,1102,0.55071000,46900.28952830,0
1791118380000000,85156.28000000,85156.29000000,85155.26000000,85155.26000000,3.18651000,1791118439999999,271349.48900510,424,0.77443000,65947.17594090,0
1791118440000000,85155.27000000,85155.27000000,85112.88000000,85136.90000000,9.51257000,1791118499999999,809753.69404420,2226,2.63668000,224442.56822760,0
1791118500000000,85136.91000000,85144.00000000,85097.19000000,85104.15000000,5.70150000,1791118559999999,485299.59155010,2047,1.91989000,163410.36324820,0
1791118560000000,85104.14000000,85107.93000000,85098.00000000,85105.78000000,5.02119000,1791118619999999,427317.85786070,1879,1.63439000,139090.27967950,0
1791118620000000,85105.79000000,85112.51000000,85105.78000000,85112.51000000,2.86540000,1791118679999999,243874.14456650,642,0.92988000,79141.70771810,0
1791118680000000,85112.51000000,85133.41000000,85112.50000000,85133.41000000,2.40578000,1791118739999999,204799.56673820,1008,1.61740000,137683.12392820,0
1791118740000000,85133.40000000,85134.01000000,85127.94000000,85127.94000000,7.08928000,1791118799999999,603507.56638660,881,5.39182000,458996.84210680,0
1791118800000000,85127.94000000,85127.95000000,85122.64000000,85122.65000000,1.36552000,1791118859999999,116237.59978370,488,0.36155000,30776.14684250,0
1791118860000000,85122.64000000,85132.01000000,85122.64000000,85132.00000000,1.03500000,1791118919999999,88109.29050240,468,0.51843000,44133.37934320,0
1791118920000000,85132.01000000,85135.07000000,85126.54000000,85126.54000000,5.27539000,1791118979999999,449109.65014990,808,1.34398000,114416.67586940,0
1791118980000000,85126.54000000,85126.54000000,85126.39000000,85126.40000000,1.32564000,1791119039999999,112847.00999600,366,0.22957000,19542.46764800,0
1791119040000000,85126.40000000,85126.40000000,85125.99000000,85126.39000000,1.86272000,1791119099999999,158566.39498020,493,0.68594000,58391.41699210,0
1791119100000000,85126.39000000,85138.13000000,85126.38000000,85138.13000000,2.66236000,1791119159999999,226661.27123560,603,2.12785000,181154.17935980,0
1791119160000000,85138.13000000,85146.01000000,85138.12000000,85146.00000000,1.72182000,1791119219999999,146597.78323630,497,1.09922000,93589.94245830,0
1791119220000000,85146.01000000,85156.28000000,85146.00000000,85156.01000000,0.99849000,1791119279999999,85025.47106050,596,0.45049000,38360.28654060,0
1791119280000000,85156.02000000,85156.02000000,85146.21000000,85146.21000000,2.79024000,1791119339999999,237590.50699100,839,0.26476000,22543.86175760,0
1791119340000000,85146.22000000,85146.22000000,85126.02000000,85126.02000000,22.89668000,1791119399999999,1949296.39128430,548,1.20540000,102614.17199940,0
1791119400000000,85126.02000000,85126.03000000,85126.02000000,85126.02000000,2.01372000,1791119459999999,171419.97594310,277,0.69487000,59151.52446610,0
1791119460000000,85126.03000000,85126.03000000,85126.02000000,85126.02000000,0.80105000,1791119519999999,68190.20360970,237,0.52887000,45020.60348610,0
1791119520000000,85126.03000000,85146.01000000,85126.02000000,85146.00000000,2.09937000,1791119579999999,178726.58279720,1009,1.84300000,156901.07115060,0
1791119580000000,85146.00000000,85153.64000000,85146.00000000,85153.63000000,1.15065000,1791119639999999,97979.76545650,593,0.49588000,42224.27158240,0
1791119640000000,85153.63000000,85161.83000000,85153.63000000,85161.82000000,1.03394000,1791119699999999,88048.92378590,957,0.52841000,44998.98716940,0
1791119700000000,85161.83000000,85174.01000000,85161.82000000,85174.01000000,2.98471000,1791119759999999,254195.97777130,828,2.46972000,210337.14663710,0
1791119760000000,85174.01000000,85200.00000000,85174.00000000,85200.00000000,4.13916000,1791119819999999,352617.18826890,1386,2.24910000,191596.30857740,0
1791119820000000,85199.99000000,85208.01000000,85187.09000000,85187.10000000,10.22349000,1791119879999999,871086.29307160,1638,1.82604000,155588.30076260,0
1791119880000000,85187.10000000,85187.10000000,85187.09000000,85187.09000000,1.43049000,1791119939999999,121859.28497550,412,0.46014000,39197.99219400,0
1791119940000000,85187.10000000,85187.10000000,85161.80000000,85161.81000000,8.16871000,1791119999999999,695747.17075390,1056,0.87059000,74157.15173410,0
1791120000000000,85161.81000000,85179.46000000,85161.80000000,85179.46000000,2.55228000,1791120059999999,217378.93016920,1248,2.02182000,172199.12802450,0
1791120060000000,85179.46000000,85188.01000000,85179.45000000,85188.01000000,0.81561000,1791120119999999,69478.00751670,892,0.55641000,47397.71011030,0
1791120120000000,85188.00000000,85192.01000000,85188.00000000,85192.00000000,1.62140000,1791120179999999,138129.71816830,588,0.39533000,33678.70564330,0
1791120180000000,85192.00000000,85192.01000000,85192.00000000,85192.01000000,1.42828000,1791120239999999,121678.03378110,284,0.40211000,34256.55914110,0
1791120240000000,85192.01000000,85204.01000000,85192.00000000,85204.01000000,2.58656000,1791120299999999,220369.80448710,1028,0.77721000,66217.34088180,0
1791120300000000,85204.01000000,85211.63000000,85204.00000000,85211.62000000,1.44440000,1791120359999999,123074.23287040,634,1.09880000,93626.92480660,0
1791120360000000,85211.62000000,85220.00000000,85211.62000000,85214.58000000,2.33944000,1791120419999999,199360.63481450,947,1.00460000,85608.27565800,0
1791120420000000,85214.57000000,85214.58000000,85211.37000000,85211.38000000,3.05328000,1791120479999999,260180.54756970,1187,0.27421000,23366.45334180,0
1791120480000000,85211.38000000,85226.01000000,85211.37000000,85226.01000000,3.67445000,1791120539999999,313135.92380000,482,2.21943000,189132.46498440,0
1791120540000000,85226.01000000,85226.01000000,85226.00000000,85226.00000000,1.61623000,1791120599999999,137744.83184330,276,1.38633000,118151.37444330,0
1791120600000000,85226.01000000,85248.17000000,85226.00000000,85248.17000000,1.55536000,1791120659999999,132563.81998410,783,1.22614000,104505.21968100,0
1791120660000000,85248.16000000,85263.83000000,85248.16000000,85258.48000000,6.00474000,1791120719999999,511936.43639610,999,3.88896000,331539.74925210,0
1791120720000000,85258.47000000,85258.48000000,85258.47000000,85258.48000000,3.22495000,1791120779999999,274954.32842970,299,2.56032000,218288.99151360,0
1791120780000000,85258.48000000,85258.48000000,85258.47000000,85258.47000000,1.86172000,1791120839999999,158727.41215240,250,1.33840000,114109.94963200,0
1791120840000000,85258.47000000,85258.48000000,85258.47000000,85258.48000000,4.24559000,1791120899999999,361972.54644380,371,3.87965000,330773.06193200,0
1791120900000000,85258.47000000,85258.48000000,85232.90000000,85232.90000000,9.47526000,1791120959999999,807752.80470610,1907,2.00097000,170564.18964300,0
1791120960000000,85232.90000000,85249.36000000,85229.75000000,85249.35000000,2.54817000,1791121019999999,217192.32892370,1103,1.82765000,155779.61139820,0
1791121020000000,85249.35000000,85282.01000000,85249.35000000,85282.01000000,3.74967000,1791121079999999,319711.21785520,1112,3.50136000,298541.21835540,0
1791121080000000,85282.00000000,85321.41000000,85282.00000000,85288.36000000,13.56243000,1791121139999999,1157014.05343420,2831,3.98969000,340329.80993740,0
1791121140000000,85288.36000000,85288.37000000,85258.47000000,85258.47000000,5.79888000,1791121199999999,494439.56165990,1207,0.21847000,18628.87363430,0
1791121200000000,85258.47000000,85258.48000000,85246.96000000,85246.97000000,7.21679000,1791121259999999,615275.64521170,709,0.78425000,66861.29521030,0
1791121260000000,85246.97000000,85246.97000000,85216.00000000,85216.00000000,10.36486000,1791121319999999,883374.97788400,1443,1.55506000,132527.23460500,0
1791121320000000,85216.01000000,85216.01000000,85204.95000000,85213.48000000,5.70259000,1791121379999999,485923.00074620,736,1.34881000,114928.61883990,0
1791121380000000,85213.47000000,85240.01000000,85213.47000000,85230.01000000,5.42195000,1791121439999999,462087.13408470,1096,3.81954000,325500.11899100,0
1791121440000000,85230.01000000,85234.00000000,85222.00000000,85228.02000000,4.59695000,1791121499999999,391782.38026260,1616,2.40020000,204559.14052280,0
1791121500000000,85228.02000000,85228.02000000,85214.81000000,85214.82000000,2.53280000,1791121559999999,215850.66118890,1135,0.55907000,47646.99477450,0
1791121560000000,85214.81000000,85257.26000000,85214.00000000,85257.26000000,13.02440000,1791121619999999,1109978.65339430,1469,12.39368000,1056225.12935780,0
1791121620000000,85257.26000000,85273.55000000,85257.26000000,85273.55000000,1.11494000,1791121679999999,95069.98585170,641,0.70887000,60443.10972420,0
1791121680000000,85273.54000000,85281.04000000,85273.54000000,85281.04000000,0.89360000,1791121739999999,76202.60430380,362,0.74031000,63130.62451470,0
1791121740000000,85281.03000000,85290.01000000,85281.03000000,85290.01000000,1.82643000,1791121799999999,155771.85030760,539,1.63018000,139034.08914420,0
1791121800000000,85290.00000000,85290.01000000,85284.00000000,85284.00000000,3.41436000,1791121859999999,291206.61137340,739,0.34559000,29474.13621590,0
1791121860000000,85284.01000000,85284.01000000,85273.54000000,85273.55000000,1.76788000,1791121919999999,150759.51719170,711,0.43845000,37388.42141000,0
1791121920000000,85273.54000000,85273.55000000,85273.54000000,85273.54000000,1.02883000,1791121979999999,87731.98258350,240,0.64253000,54790.81408150,0
1791121980000000,85273.55000000,85273.55000000,85264.75000000,85264.76000000,1.77884000,1791122039999999,151683.61115360,688,0.28954000,24688.76212950,0
1791122040000000,85264.76000000,85264.76000000,85264.75000000,85264.76000000,0.87834000,1791122099999999,74891.44341930,242,0.29043000,24763.44424680,0
1791122100000000,85264.76000000,85264.76000000,85252.28000000,85252.29000000,2.80671000,1791122159999999,239288.31519410,1231,0.25531000,21766.50402390,0
1791122160000000,85252.29000000,85252.29000000,85252.28000000,85252.29000000,0.70102000,1791122219999999,59763.55517600,146,0.18504000,15775.08374160,0
1791122220000000,85252.28000000,85252.29000000,85248.50000000,85248.50000000,2.04548000,1791122279999999,174379.71947690,844,0.41654000,35510.67211020,0
1791122280000000,85248.50000000,85248.51000000,85241.14000000,85241.14000000,1.56241000,1791122339999999,133184.02764320,669,0.25082000,21380.34183410,0
1791122340000000,85241.15000000,85241.15000000,85241.14000000,85241.14000000,0.96389000,1791122399999999,82163.08761550,287,0.51809000,44162.58740350,0
1791122400000000,85241.15000000,85241.15000000,85241.14000000,85241.15000000,0.83308000,1791122459999999,71012.69369430,418,0.47831000,40771.69445650,0
1791122460000000,85241.14000000,85241.15000000,85240.00000000,85240.01000000,1.67240000,1791122519999999,142556.97320080,541,0.41706000,35550.62274180,0
1791122520000000,85240.01000000,85240.01000000,85238.00000000,85239.38000000,1.76324000,1791122579999999,150297.40607100,471,0.73919000,63007.66052910,0
1791122580000000,85239.38000000,85239.38000000,85218.01000000,85233.51000000,3.00096000,1791122639999999,255769.58165180,1449,1.26899000,108150.20593770,0
1791122640000000,85233.50000000,85245.17000000,85233.50000000,85245.16000000,4.17398000,1791122699999999,355796.05247590,543,2.65875000,226631.67508110,0
1791122700000000,85245.16000000,85245.17000000,85245.16000000,85245.16000000,0.93561000,1791122759999999,79756.22525370,189,0.11061000,9428.96825370,0
1791122760000000,85245.17000000,85245.17000000,85245.16000000,85245.16000000,1.83020000,1791122819999999,156015.70112450,220,0.92925000,79214.07422250,0
1791122820000000,85245.17000000,85245.17000000,85212.97000000,85212.98000000,11.71692000,1791122879999999,998565.91912070,998,0.74882000,63819.23489140,0
1791122880000000,85212.98000000,85212.98000000,85212.97000000,85212.97000000,4.61118000,1791122939999999,392932.38561530,263,4.26107000,363098.47268860,0
1791122940000000,85212.97000000,85212.98000000,85212.97000000,85212.97000000,2.61478000,1791122999999999,222813.17235820,278,0.26616000,22680.28675680,0
1791123000000000,85212.98000000,85212.98000000,85196.00000000,85196.01000000,7.45445000,1791123059999999,635185.36046980,1164,0.43623000,37167.64181190,0
1791123060000000,85196.00000000,85196.01000000,85161.42000000,85161.43000000,6.82064000,1791123119999999,580977.68583970,1350,0.44111000,37573.10500390,0
1791123120000000,85161.42000000,85196.00000000,85161.42000000,85196.00000000,5.24965000,1791123179999999,447143.33152410,1071,4.64226000,395406.11990830,0
1791123180000000,85196.00000000,85199.38000000,85196.00000000,85199.38000000,1.11048000,1791123239999999,94609.30616840,447,0.67801000,57764.04608840,0
1791123240000000,85199.38000000,85210.00000000,85199.37000000,85209.99000000,1.61232000,1791123299999999,137382.69052040,440,0.95014000,80958.37322000,0
1791123300000000,85209.99000000,85210.00000000,85209.99000000,85210.00000000,2.76763000,1791123359999999,235829.72910830,453,0.44846000,38213.27660000,0
1791123360000000,85209.99000000,85210.00000000,85204.00000000,85204.01000000,3.06462000,1791123419999999,261129.22592780,943,0.35654000,30378.77909890,0
1791123420000000,85204.00000000,85204.01000000,85203.55000000,85203.56000000,1.41732000,1791123479999999,120761.27703060,525,0.23426000,19959.88015060,0
1791123480000000,85203.55000000,85203.56000000,85182.52000000,85182.52000000,8.30197000,1791123539999999,707265.11770860,1057,4.88466000,416130.67617090,0
1791123540000000,85182.52000000,85182.53000000,85164.25000000,85164.26000000,3.34380000,1791123599999999,284823.11009860,948,0.45440000,38704.83993310,0
1791123600000000,85164.25000000,85164.26000000,85138.00000000,85138.13000000,4.12584000,1791123659999999,351343.69906540,815,0.24807000,21125.97883680,0
1791123660000000,85138.13000000,85138.14000000,85138.13000000,85138.14000000,2.70304000,1791123719999999,230131.77425980,312,0.33446000,28475.30230440,0
1791123720000000,85138.13000000,85154.41000000,85132.25000000,85154.41000000,6.57896000,1791123779999999,560109.19658560,1623,5.23527000,445709.54501200,0
1791123780000000,85154.40000000,85161.61000000,85154.40000000,85161.60000000,1.00920000,1791123839999999,85942.52370410,493,0.67280000,57295.13548010,0
1791123840000000,85161.61000000,85161.61000000,85161.60000000,85161.60000000,0.70990000,1791123899999999,60456.22287010,300,0.30301000,25804.81944610,0
1791123900000000,85161.61000000,85170.91000000,85161.60000000,85170.91000000,0.92982000,1791123959999999,79187.29681670,680,0.69531000,59215.22809700,0
1791123960000000,85170.91000000,85178.18000000,85170.00000000,85170.01000000,2.61623000,1791124019999999,222837.36163310,987,0.82319000,70114.25237100,0
1791124020000000,85170.00000000,85187.96000000,85170.00000000,85187.96000000,2.32162000,1791124079999999,197750.82743000,655,1.99547000,169969.61747390,0
1791124080000000,85187.95000000,85194.22000000,85187.95000000,85188.01000000,3.61298000,1791124139999999,307799.76535870,1227,1.03060000,87797.55422580,0
1791124140000000,85188.00000000,85188.00000000,85187.77000000,85187.77000000,1.40360000,1791124199999999,119569.59265680,312,0.49392000,42075.94829760,0
1791124200000000,85187.78000000,85187.78000000,85181.33000000,85181.33000000,2.58346000,1791124259999999,220069.60895410,454,0.23793000,20267.61263660,0
1791124260000000,85181.33000000,85198.83000000,85181.33000000,85183.86000000,10.88473000,1791124319999999,927275.22685100,1521,4.94409000,421189.36348440,0
1791124320000000,85183.85000000,85183.86000000,85182.96000000,85182.97000000,7.79085000,1791124379999999,663654.47391190,491,4.17299000,355471.38575980,0
1791124380000000,85182.96000000,85193.10000000,85182.90000000,85182.91000000,14.42557000,1791124439999999,1228903.11320660,962,7.81195000,665472.98718070,0
1791124440000000,85182.91000000,85182.92000000,85182.90000000,85182.91000000,4.97052000,1791124499999999,423403.36770270,333,4.75115000,404716.79407860,0
1791124500000000,85182.91000000,85196.27000000,85170.92000000,85195.46000000,16.09676000,1791124559999999,1371116.06349410,1622,12.10618000,1031178.16157320,0
1791124560000000,85195.46000000,85195.46000000,85161.51000000,85161.51000000,11.24358000,1791124619999999,957787.98700060,1450,0.49728000,42357.36187620,0
1791124620000000,85161.52000000,85161.52000000,85151.17000000,85151.17000000,3.11701000,1791124679999999,265426.44414380,743,0.72199000,61479.26439990,0
1791124680000000,85151.18000000,85151.18000000,85139.09000000,85139.09000000,1.46838000,1791124739999999,125026.72154910,807,0.56122000,47784.48319320,0
1791124740000000,85139.09000000,85139.10000000,85139.09000000,85139.09000000,1.85989000,1791124799999999,158349.34439810,185,0.22980000,19564.96518000,0
1791124800000000,85139.10000000,85139.10000000,85126.87000000,85126.88000000,14.17765000,1791124859999999,1206927.10294970,1022,1.21642000,103550.86503400,0
1791124860000000,85126.87000000,85126.88000000,85126.87000000,85126.87000000,0.79096000,1791124919999999,67331.95394680,220,0.48516000,41300.15710080,0
1791124920000000,85126.87000000,85126.88000000,85126.86000000,85126.87000000,3.10652000,1791124979999999,264448.32260300,340,0.29378000,25008.57228720,0
1791124980000000,85126.87000000,85126.87000000,85126.85000000,85126.85000000,4.66851000,1791125039999999,397415.59244170,464,0.64303000,54739.12478840,0
1791125040000000,85126.86000000,85126.86000000,85126.85000000,85126.85000000,0.84132000,1791125099999999,71618.92597560,347,0.45336000,38593.11324960,0
1791125100000000,85126.85000000,85126.86000000,85126.85000000,85126.85000000,0.80327000,1791125159999999,68379.84941200,353,0.46125000,39264.76417500,0
1791125160000000,85126.86000000,85126.86000000,85118.00000000,85118.00000000,2.38709000,1791125219999999,203202.52371610,1209,0.55187000,46978.17522160,0
1791125220000000,85118.01000000,85136.93000000,85094.00000000,85109.53000000,21.12909000,1791125279999999,1798246.64591050,2983,12.92409000,1099877.42015310,0
1791125280000000,85109.53000000,85118.17000000,85106.24000000,85106.25000000,3.72097000,1791125339999999,316706.79682660,972,1.27993000,108936.62322660,0
1791125340000000,85106.25000000,85124.01000000,85106.24000000,85124.01000000,2.75015000,1791125399999999,234067.81842250,949,2.44448000,208051.38618500,0
1791125400000000,85124.01000000,85139.10000000,85124.00000000,85139.10000000,1.13457000,1791125459999999,96587.77361630,713,0.92659000,78881.42370020,0
1791125460000000,85139.09000000,85163.46000000,85139.09000000,85163.46000000,2.06836000,1791125519999999,176120.08983650,1103,1.71891000,146364.75184770,0
1791125520000000,85163.46000000,85210.00000000,85163.45000000,85210.00000000,2.85084000,1791125579999999,242857.96151840,2034,2.04617000,174309.95823130,0
1791125580000000,85210.00000000,85222.54000000,85209.99000000,85222.53000000,1.38613000,1791125639999999,118117.54199480,574,0.98192000,83672.01752660,0
1791125640000000,85222.54000000,85234.01000000,85222.53000000,85234.00000000,1.90154000,1791125699999999,162056.28365260,584,1.55474000,132500.61415230,0
1791125700000000,85234.00000000,85245.16000000,85234.00000000,85245.16000000,3.05701000,1791125759999999,260585.69439740,532,2.61924000,223270.47218790,0
1791125760000000,85245.16000000,85245.16000000,85243.26000000,85243.26000000,5.62373000,1791125819999999,479389.55500870,625,2.06297000,175854.39480140,0
1791125820000000,85243.26000000,85271.23000000,85243.26000000,85271.22000000,4.46590000,1791125879999999,380726.26876700,1256,3.96762000,338245.32482070,0
1791125880000000,85271.23000000,85280.00000000,85271.22000000,85271.23000000,5.68008000,1791125939999999,484384.08472960,931,2.99327000,255255.72308790,0
1791125940000000,85271.23000000,85278.45000000,85271.22000000,85278.44000000,2.22034000,1791125999999999,189341.30902200,707,1.88764000,160969.53981980,0
1791126000000000,85278.45000000,85278.45000000,85278.44000000,85278.45000000,1.88447000,1791126059999999,160704.67206870,344,1.02419000,87341.33570550,0
1791126060000000,85278.44000000,85293.84000000,85278.44000000,85293.83000000,3.88284000,1791126119999999,331134.82200190,695,3.48981000,297616.88372470,0
1791126120000000,85293.83000000,85298.04000000,85280.00000000,85298.04000000,5.79657000,1791126179999999,494378.27156770,1275,3.19874000,272804.53822940,0
1791126180000000,85298.03000000,85330.00000000,85298.03000000,85329.99000000,13.87413000,1791126239999999,1183674.27012090,1641,8.56818000,730995.01085350,0
1791126240000000,85329.99000000,85366.66000000,85326.00000000,85326.01000000,10.41495000,1791126299999999,888949.50951210,3271,5.65069000,482308.13188340,0
1791126300000000,85326.01000000,85326.01000000,85320.34000000,85320.35000000,1.36776000,1791126359999999,116702.15524930,500,0.37802000,32253.49025180,0
1791126360000000,85320.35000000,85320.35000000,85290.00000000,85290.00000000,5.85968000,1791126419999999,499862.96836730,1440,0.16648000,14200.96722410,0
1791126420000000,85290.00000000,85290.01000000,85268.00000000,85268.01000000,1.70150000,1791126479999999,145102.43957500,949,0.35532000,30302.58138630,0
1791126480000000,85268.01000000,85268.01000000,85242.65000000,85242.66000000,2.32192000,1791126539999999,197958.43159370,1000,0.67412000,57478.77863170,0
1791126540000000,85242.65000000,85250.00000000,85242.65000000,85250.00000000,4.14285000,1791126599999999,353163.17528980,463,2.01499000,171765.79860700,0
1791126600000000,85250.00000000,85269.65000000,85249.99000000,85269.65000000,4.77149000,1791126659999999,406836.49961670,935,4.50930000,384481.36727590,0
1791126660000000,85269.65000000,85300.00000000,85269.65000000,85300.00000000,3.87180000,1791126719999999,330220.69025960,1021,3.62119000,308845.16785080,0
1791126720000000,85299.99000000,85300.00000000,85299.99000000,85300.00000000,0.77541000,1791126779999999,66142.46991660,198,0.46707000,39841.07100000,0
1791126780000000,85300.00000000,85326.00000000,85299.99000000,85326.00000000,4.55721000,1791126839999999,388758.02397820,649,2.57943000,220046.63839460,0
1791126840000000,85326.00000000,85348.01000000,85325.99000000,85347.60000000,11.11174000,1791126899999999,948231.77640170,536,6.70765000,572358.92329620,0
1791126900000000,85347.60000000,85358.38000000,85347.60000000,85356.00000000,3.73479000,1791126959999999,318777.19215900,712,2.11951000,180902.24385870,0
1791126960000000,85356.00000000,85356.00000000,85349.12000000,85349.13000000,2.08289000,1791127019999999,177784.38654600,491,1.01728000,86829.71982030,0
1791127020000000,85349.13000000,85358.38000000,85349.12000000,85358.38000000,2.59114000,1791127079999999,221160.19616380,463,2.21923000,189418.00432860,0
1791127080000000,85358.38000000,85366.92000000,85358.36000000,85358.37000000,7.00305000,1791127139999999,597789.80755250,853,4.08290000,348515.70274570,0
1791127140000000,85358.37000000,85460.01000000,85358.36000000,85446.00000000,19.81547000,1791127199999999,1692810.17615840,3132,14.02109000,1197693.97214890,0
1791127200000000,85446.00000000,85461.53000000,85424.00000000,85454.00000000,11.59850000,1791127259999999,990938.01401970,2543,8.24719000,704580.69300930,0
1791127260000000,85454.01000000,85470.00000000,85399.42000000,85399.43000000,15.75094000,1791127319999999,1345948.00999590,2986,3.41375000,291729.69770640,0
1791127320000000,85399.42000000,85402.01000000,85385.15000000,85402.01000000,10.68241000,1791127379999999,912211.49725470,1522,2.42351000,206946.50152090,0
1791127380000000,85402.01000000,85402.01000000,85382.00000000,85382.00000000,3.14917000,1791127439999999,268929.00074300,1012,0.83401000,71225.82807570,0
1791127440000000,85382.01000000,85382.01000000,85348.33000000,85348.34000000,6.54357000,1791127499999999,558561.10171680,1127,0.25381000,21664.80717010,0
1791127500000000,85348.33000000,85348.34000000,85304.00000000,85304.01000000,9.51080000,1791127559999999,811647.78955360,1498,0.30426000,25963.87334380,0
1791127560000000,85304.00000000,85304.00000000,85291.35000000,85291.35000000,4.83040000,1791127619999999,412006.67436330,1226,1.87624000,160029.59145220,0
1791127620000000,85291.35000000,85350.00000000,85284.47000000,85350.00000000,16.44282000,1791127679999999,1402502.16065030,1733,15.92090000,1357988.43689920,0
1791127680000000,85350.00000000,85354.01000000,85342.00000000,85342.00000000,3.13101000,1791127739999999,267226.96408950,637,0.59136000,50472.21298240,0
1791127740000000,85342.00000000,85342.00000000,85320.00000000,85320.01000000,2.85514000,1791127799999999,243634.16358850,1381,0.37579000,32066.75902230,0
1791127800000000,85320.01000000,85320.01000000,85294.00000000,85294.00000000,2.58054000,1791127859999999,220152.00198180,870,0.72472000,61832.05770200,0
1791127860000000,85294.00000000,85299.38000000,85288.01000000,85299.38000000,1.70451000,1791127919999999,145380.15535770,613,1.46721000,125140.19829690,0
1791127920000000,85299.38000000,85304.80000000,85299.37000000,85304.80000000,1.10875000,1791127979999999,94578.94570480,484,0.97144000,82865.81293260,0
1791127980000000,85304.80000000,85314.58000000,85299.38000000,85299.38000000,9.75179000,1791128039999999,831890.21470230,1040,3.40227000,290248.81349100,0
1791128040000000,85299.39000000,85299.39000000,85299.38000000,85299.39000000,0.22460000,1791128099999999,19158.24187680,135,0.11288000,9628.59514320,0
1791128100000000,85299.38000000,85299.39000000,85289.71000000,85289.74000000,2.00377000,1791128159999999,170908.82502870,774,0.63031000,53759.53423570,0
1791128160000000,85289.74000000,85289.74000000,85284.98000000,85289.74000000,2.30987000,1791128219999999,197002.42036950,548,1.05359000,89856.01891690,0
1791128220000000,85289.74000000,85289.74000000,85286.55000000,85286.55000000,2.76615000,1791128279999999,235921.42621910,566,0.23737000,20244.93514410,0
1791128280000000,85286.56000000,85296.57000000,85286.55000000,85296.57000000,1.78703000,1791128339999999,152421.26774560,410,1.49997000,127936.03943420,0
1791128340000000,85296.56000000,85300.00000000,85296.56000000,85299.99000000,0.99298000,1791128399999999,84699.60890210,313,0.81082000,69161.65784090,0
1791128400000000,85299.99000000,85320.01000000,85299.99000000,85320.01000000,1.60765000,1791128459999999,137145.29557240,898,1.10115000,93938.12401710,0
1791128460000000,85320.00000000,85326.01000000,85320.00000000,85326.01000000,0.97411000,1791128519999999,83114.10254620,504,0.71233000,60777.93148620,0
1791128520000000,85326.01000000,85349.19000000,85326.00000000,85349.18000000,4.43223000,1791128579999999,378255.35533140,901,4.02875000,343822.00676500,0
1791128580000000,85349.19000000,85349.19000000,85342.77000000,85342.77000000,8.95085000,1791128639999999,763912.13225180,706,4.91581000,419529.65850060,0
1791128640000000,85342.78000000,85342.78000000,85342.77000000,85342.78000000,1.01442000,1791128699999999,86573.41486220,209,0.21188000,18082.42822640,0
1791128700000000,85342.77000000,85342.78000000,85342.77000000,85342.78000000,1.17833000,1791128759999999,100561.94877830,265,0.26042000,22224.96676760,0
1791128760000000,85342.77000000,85342.78000000,85342.77000000,85342.78000000,2.37887000,1791128819999999,203019.37703160,320,2.17617000,185720.39755260,0
1791128820000000,85342.77000000,85342.78000000,85342.77000000,85342.77000000,0.90983000,1791128879999999,77647.41988800,214,0.74589000,63656.32617420,0
1791128880000000,85342.78000000,85398.33000000,85342.77000000,85360.33000000,11.38706000,1791128939999999,972197.92457210,3015,3.25954000,278243.75806790,0
1791128940000000,85360.33000000,85360.33000000,85342.61000000,85342.62000000,10.37812000,1791128999999999,885802.93456020,628,0.28651000,24456.40538110,0
1791129000000000,85342.62000000,85342.62000000,85342.61000000,85342.61000000,0.85012000,1791129059999999,72551.46236280,187,0.27496000,23465.80679520,0
1791129060000000,85342.62000000,85342.62000000,85342.61000000,85342.62000000,2.21562000,1791129119999999,189086.79958330,258,0.60151000,51334.43935620,0
1791129120000000,85342.62000000,85342.62000000,85342.61000000,85342.62000000,3.79764000,1791129179999999,324100.51272600,315,0.32856000,28040.17122720,0
1791129180000000,85342.62000000,85342.62000000,85340.58000000,85340.59000000,2.64495000,1791129239999999,225723.30860340,577,0.38108000,32521.63706260,0
1791129240000000,85340.58000000,85340.59000000,85326.98000000,85326.98000000,3.20783000,1791129299999999,273736.26070240,1070,0.15638000,13345.33848770,0
1791129300000000,85326.99000000,85326.99000000,85323.09000000,85323.09000000,0.63530000,1791129359999999,54207.75976730,280,0.08587000,7326.99801700,0
1791129360000000,85323.10000000,85323.10000000,85323.09000000,85323.09000000,1.67998000,1791129419999999,143341.08601860,230,0.12804000,10924.76972400,0
1791129420000000,85323.09000000,85323.10000000,85320.00000000,85320.00000000,2.15715000,1791129479999999,184054.27343460,594,1.01470000,86577.22295360,0
1791129480000000,85320.01000000,85320.01000000,85306.00000000,85306.00000000,1.06352000,1791129539999999,90731.51165390,666,0.13879000,11840.93718270,0
1791129540000000,85306.00000000,85306.01000000,85256.00000000,85256.01000000,5.08383000,1791129599999999,433571.18459240,1398,0.19190000,16368.00539540,0
1791129600000000,85256.01000000,85256.01000000,85256.00000000,85256.01000000,2.83561000,1791129659999999,241752.78065560,330,1.44956000,123583.70185560,0
1791129660000000,85256.01000000,85263.91000000,85256.00000000,85256.02000000,3.22522000,1791129719999999,274988.47302940,1046,1.60475000,136822.48028950,0
1791129720000000,85256.02000000,85256.02000000,85230.54000000,85230.54000000,2.73017000,1791129779999999,232729.24622870,1460,0.28164000,24009.16193740,0
1791129780000000,85230.54000000,85230.55000000,85200.00000000,85202.12000000,5.86099000,1791129839999999,499405.49082010,1528,2.09920000,178856.06280940,0
1791129840000000,85202.11000000,85202.12000000,85184.46000000,85190.01000000,8.94727000,1791129899999999,762260.71787620,1376,1.56312000,133155.15945640,0
1791129900000000,85190.00000000,85190.01000000,85178.49000000,85184.00000000,10.49390000,1791129959999999,893922.75322380,1324,1.17531000,100112.81389050,0
1791129960000000,85184.01000000,85184.01000000,85184.00000000,85184.01000000,0.50509000,1791130019999999,43025.58921930,209,0.26593000,22652.98377930,0
1791130020000000,85184.01000000,85220.66000000,85184.01000000,85220.66000000,7.91566000,1791130079999999,674402.44607580,1225,7.31707000,623403.37992470,0
1791130080000000,85220.65000000,85233.52000000,85220.65000000,85233.52000000,4.71192000,1791130139999999,401581.24956900,577,4.40627000,375531.50158250,0
1791130140000000,85233.52000000,85256.01000000,85233.51000000,85256.01000000,1.97611000,1791130199999999,168444.18948930,933,1.71232000,145958.02295920,0
1791130200000000,85256.01000000,85295.30000000,85256.00000000,85280.01000000,4.85923000,1791130259999999,414424.81448500,1903,1.44102000,122888.09861060,0
1791130260000000,85280.01000000,85280.02000000,85256.01000000,85259.38000000,3.33252000,1791130319999999,284141.20896690,1119,1.22596000,104521.60022380,0
1791130320000000,85259.37000000,85259.38000000,85259.37000000,85259.37000000,0.56874000,1791130379999999,48490.41773910,276,0.36453000,31079.60179140,0
1791130380000000,85259.38000000,85259.38000000,85259.37000000,85259.37000000,1.16887000,1791130439999999,99657.12236400,211,0.25521000,21759.04636980,0
1791130440000000,85259.38000000,85291.10000000,85259.37000000,85291.10000000,7.01290000,1791130499999999,598041.95662270,1182,3.82376000,326072.72795650,0
1791130500000000,85291.09000000,85296.01000000,85291.09000000,85296.01000000,3.53112000,1791130559999999,301183.08366040,556,3.09043000,263595.46964760,0
1791130560000000,85296.01000000,85309.90000000,85296.00000000,85309.90000000,1.39656000,1791130619999999,119126.94770240,565,0.91106000,77714.91116070,0
1791130620000000,85309.89000000,85309.90000000,85267.19000000,85267.19000000,5.08716000,1791130679999999,433898.80103870,1502,0.20747000,17696.17614760,0
1791130680000000,85267.20000000,85270.01000000,85267.19000000,85270.01000000,1.57657000,1791130739999999,134431.54412610,627,1.08501000,92516.99587030,0
1791130740000000,85270.00000000,85270.01000000,85270.00000000,85270.01000000,1.25560000,1791130799999999,107065.01427310,297,0.22731000,19382.72597310,0
1791130800000000,85270.00000000,85270.01000000,85270.00000000,85270.01000000,1.49187000,1791130859999999,127211.75927880,359,0.43788000,37338.03197880,0
1791130860000000,85270.00000000,85270.01000000,85234.85000000,85234.86000000,7.11210000,1791130919999999,606293.32123060,1654,0.28399000,24212.21976930,0
1791130920000000,85234.85000000,85234.86000000,85234.85000000,85234.85000000,2.33858000,1791130979999999,199328.52170550,303,0.61925000,52781.68705500,0
1791130980000000,85234.86000000,85235.38000000,85208.00000000,85235.37000000,6.89785000,1791131039999999,587845.19773980,2095,4.30521000,366887.24406830,0
1791131040000000,85235.37000000,85235.38000000,85235.37000000,85235.37000000,1.69151000,1791131099999999,144176.48560870,326,0.49000000,41765.33620000,0
1791131100000000,85235.37000000,85235.38000000,85219.51000000,85219.52000000,8.10417000,1791131159999999,690678.59641200,912,0.27187000,23170.69891490,0
1791131160000000,85219.52000000,85219.52000000,85219.51000000,85219.51000000,1.50032000,1791131219999999,127856.53936670,335,0.41235000,35140.26907200,0
1791131220000000,85219.51000000,85219.52000000,85219.51000000,85219.51000000,0.41310000,1791131279999999,35204.18265830,240,0.30773000,26224.60288960,0
1791131280000000,85219.52000000,85243.71000000,85219.51000000,85243.70000000,2.83615000,1791131339999999,241726.36784020,854,2.65701000,226456.04735910,0
1791131340000000,85243.71000000,85243.71000000,85243.70000000,85243.71000000,0.61973000,1791131399999999,52828.08030880,195,0.21078000,17967.66919380,0
1791131400000000,85243.70000000,85270.00000000,85243.70000000,85270.00000000,1.68347000,1791131459999999,143524.80373640,895,1.48818000,126874.87887230,0
1791131460000000,85269.99000000,85270.01000000,85269.99000000,85270.01000000,3.74025000,1791131519999999,318931.11924280,289,3.56411000,303911.66235910,0
1791131520000000,85270.01000000,85276.01000000,85270.00000000,85276.01000000,1.17619000,1791131579999999,100297.44485840,765,0.54221000,46235.69478090,0
1791131580000000,85276.01000000,85297.00000000,85276.00000000,85296.99000000,1.38411000,1791131639999999,118041.75090740,736,1.03955000,88656.53625180,0
1791131640000000,85296.99000000,85301.68000000,85296.99000000,85301.68000000,0.63486000,1791131699999999,54153.89353300,321,0.42319000,36098.23515370,0
1791131700000000,85301.67000000,85301.68000000,85301.67000000,85301.67000000,0.23584000,1791131759999999,20117.54666840,136,0.08156000,6957.20502080,0
1791131760000000,85301.67000000,85301.68000000,85301.67000000,85301.68000000,0.68484000,1791131819999999,58418.00104910,242,0.53663000,45775.44053840,0
1791131820000000,85301.67000000,85315.55000000,85301.67000000,85315.55000000,0.87745000,1791131879999999,74853.30295460,640,0.79759000,68040.11827620,0
1791131880000000,85315.55000000,85315.55000000,85315.53000000,85315.54000000,1.48377000,1791131939999999,126588.63167450,590,0.18183000,15512.92556690,0
1791131940000000,85315.53000000,85334.01000000,85315.04000000,85323.10000000,12.23411000,1791131999999999,1043823.76766510,1829,9.11204000,777424.73108040,0
1791132000000000,85323.09000000,85330.43000000,85323.09000000,85330.42000000,2.32667000,1791132059999999,198528.34492350,622,1.88806000,161102.05647010,0
1791132060000000,85330.42000000,85330.43000000,85330.42000000,85330.43000000,1.55374000,1791132119999999,132581.29075120,424,0.39804000,33964.92435720,0
1791132120000000,85330.42000000,85337.78000000,85330.42000000,85337.78000000,2.95064000,1791132179999999,251781.99778070,597,2.76018000,235529.69991750,0
1791132180000000,85337.77000000,85345.37000000,85337.77000000,85345.37000000,2.24423000,1791132239999999,191528.11662390,569,2.01443000,171917.42687040,0
1791132240000000,85345.36000000,85345.37000000,85345.36000000,85345.37000000,0.51076000,1791132299999999,43590.99850130,223,0.24277000,20719.29547490,0
1791132300000000,85345.37000000,85345.37000000,85331.59000000,85336.19000000,5.54752000,1791132359999999,473424.20494450,692,0.30076000,25666.06042640,0
1791132360000000,85336.19000000,85336.19000000,85336.18000000,85336.18000000,0.75096000,1791132419999999,64084.06108410,364,0.33513000,28598.71735470,0
1791132420000000,85336.19000000,85340.01000000,85336.18000000,85340.01000000,1.11152000,1791132479999999,94854.11016760,413,0.91409000,78005.72864240,0
1791132480000000,85340.01000000,85350.00000000,85340.00000000,85349.99000000,1.83153000,1791132539999999,156306.81307100,705,1.46031000,124626.76639040,0
1791132540000000,85349.99000000,85433.16000000,85349.99000000,85432.01000000,11.03742000,1791132599999999,942540.72597670,2267,9.26857000,791444.99140330,0
1791132600000000,85432.01000000,85432.01000000,85382.00000000,85382.01000000,5.60167000,1791132659999999,478401.83819230,1559,0.33242000,28389.26022760,0
1791132660000000,85382.00000000,85394.01000000,85382.00000000,85394.01000000,2.42440000,1791132719999999,207007.81553580,575,1.99048000,169958.04401580,0
1791132720000000,85394.01000000,85394.01000000,85377.80000000,85377.80000000,3.22558000,1791132779999999,275416.40538720,605,0.22538000,19245.06439980,0
1791132780000000,85377.80000000,85377.81000000,85372.00000000,85372.00000000,2.40804000,1791132839999999,205591.60161750,411,0.83409000,71211.89124490,0
1791132840000000,85372.00000000,85372.01000000,85360.00000000,85360.00000000,2.78313000,1791132899999999,237591.78191420,1002,0.46626000,39805.20841740,0
1791132900000000,85360.00000000,85361.85000000,85348.51000000,85361.84000000,3.51911000,1791132959999999,300365.87864310,1469,1.51316000,129151.35756000,0
1791132960000000,85361.84000000,85377.80000000,85361.84000000,85377.79000000,3.82785000,1791133019999999,326797.66875490,798,3.19018000,272358.65009910,0
1791133020000000,85377.80000000,85377.80000000,85377.79000000,85377.79000000,1.83430000,1791133079999999,156608.48368970,175,0.34927000,29819.90420600,0
1791133080000000,85377.79000000,85377.80000000,85377.79000000,85377.79000000,0.81162000,1791133139999999,69294.32617100,257,0.42512000,36295.81033600,0
1791133140000000,85377.80000000,85377.80000000,85374.00000000,85374.00000000,3.31735000,1791133199999999,283219.83790850,736,0.23256000,19855.02679610,0
1791133200000000,85374.00000000,85374.01000000,85374.00000000,85374.01000000,0.75820000,1791133259999999,64730.57073280,281,0.39328000,33575.89065280,0
1791133260000000,85374.01000000,85386.01000000,85374.00000000,85380.46000000,7.77591000,1791133319999999,663884.15127490,1029,6.28475000,536563.58044200,0
1791133320000000,85380.46000000,85380.47000000,85369.77000000,85369.77000000,3.10584000,1791133379999999,265163.68702510,715,0.43047000,36750.58936730,0
1791133380000000,85369.78000000,85374.57000000,85368.00000000,85374.57000000,3.61654000,1791133439999999,308747.47797980,726,1.86504000,159216.73211390,0
1791133440000000,85374.57000000,85386.01000000,85374.57000000,85386.00000000,1.31021000,1791133499999999,111867.64876010,558,1.06370000,90819.47927540,0
1791133500000000,85386.00000000,85392.01000000,85386.00000000,85392.01000000,1.01558000,1791133559999999,86721.18332110,371,0.65723000,56121.00524110,0
1791133560000000,85392.01000000,85392.01000000,85392.00000000,85392.01000000,2.58103000,1791133619999999,220399.32845750,286,1.46975000,125504.90669750,0
1791133620000000,85392.01000000,85392.01000000,85368.00000000,85368.00000000,4.74933000,1791133679999999,405513.17727610,1382,1.02130000,87204.20997300,0
1791133680000000,85368.00000000,85368.01000000,85342.38000000,85357.14000000,3.48659000,1791133739999999,297592.92118150,1362,1.31620000,112335.27588910,0
1791133740000000,85357.14000000,85357.14000000,85340.00000000,85340.00000000,3.14714000,1791133799999999,268611.77282630,742,0.14698000,12544.69395240,0
1791133800000000,85340.01000000,85340.01000000,85340.00000000,85340.01000000,1.50225000,1791133859999999,128202.01987050,225,0.48705000,41564.85187050,0
1791133860000000,85340.00000000,85340.01000000,85332.66000000,85332.67000000,2.32610000,1791133919999999,198499.25888150,559,0.12016000,10253.71626670,0
1791133920000000,85332.66000000,85332.67000000,85317.84000000,85317.85000000,4.69107000,1791133979999999,400271.64227010,830,0.30358000,25900.99386700,0
1791133980000000,85317.85000000,85317.85000000,85317.84000000,85317.85000000,0.50942000,1791134039999999,43462.61651290,110,0.24601000,20989.04427850,0
1791134040000000,85317.85000000,85317.85000000,85317.84000000,85317.84000000,0.61746000,1791134099999999,52680.35727650,177,0.37901000,32336.31832850,0
1791134100000000,85317.85000000,85317.85000000,85317.84000000,85317.84000000,0.93733000,1791134159999999,79970.97489050,194,0.39233000,33472.75209050,0
1791134160000000,85317.85000000,85317.85000000,85317.84000000,85317.85000000,0.84435000,1791134219999999,72038.12015690,190,0.19529000,16661.72292650,0
1791134220000000,85317.85000000,85326.00000000,85317.84000000,85325.99000000,1.99614000,1791134279999999,170313.24516000,422,1.74245000,148668.42951070,0
1791134280000000,85326.00000000,85326.00000000,85325.99000000,85326.00000000,0.56652000,1791134339999999,48338.88286890,210,0.30141000,25718.10966000,0
1791134340000000,85326.00000000,85326.00000000,85325.99000000,85326.00000000,0.69013000,1791134399999999,58886.02834120,202,0.28625000,24424.56750000,0
1791134400000000,85326.00000000,85331.83000000,85325.99000000,85331.82000000,1.88755000,1791134459999999,161059.90350270,409,1.11612000,95236.61338660,0
1791134460000000,85331.82000000,85331.83000000,85331.82000000,85331.82000000,2.43274000,1791134519999999,207590.13281420,136,0.10274000,8766.99221420,0
1791134520000000,85331.82000000,85331.83000000,85330.45000000,85330.46000000,3.37973000,1791134579999999,288397.89998320,606,0.50635000,43207.55793360,0
1791134580000000,85330.46000000,85348.01000000,85330.45000000,85348.00000000,2.95254000,1791134639999999,251961.50402820,976,2.46461000,210322.39858790,0
1791134640000000,85348.00000000,85348.01000000,85348.00000000,85348.00000000,0.80402000,1791134699999999,68621.50179420,192,0.28342000,24189.33299420,0
1791134700000000,85348.01000000,85371.13000000,85348.00000000,85371.12000000,7.58843000,1791134759999999,647712.59277200,816,7.03158000,600177.35369320,0
1791134760000000,85371.13000000,85391.46000000,85371.12000000,85391.45000000,1.69787000,1791134819999999,144958.29244690,849,1.28439000,109657.45353000,0
1791134820000000,85391.46000000,85391.46000000,85391.45000000,85391.46000000,0.68078000,1791134879999999,58132.79668870,298,0.53577000,45750.18252420,0
1791134880000000,85391.45000000,85391.46000000,85386.00000000,85386.01000000,3.27144000,1791134939999999,279345.40177990,910,0.47302000,40390.17174420,0
1791134940000000,85386.01000000,85386.01000000,85386.00000000,85386.00000000,1.18525000,1791134999999999,101203.76574640,178,0.92464000,78951.32028640,0
1791135000000000,85386.00000000,85386.01000000,85386.00000000,85386.01000000,0.50162000,1791135059999999,42831.32853570,228,0.32157000,27457.57923570,0
1791135060000000,85386.01000000,85401.20000000,85386.00000000,85397.65000000,7.80782000,1791135119999999,666740.22877430,633,7.47233000,638090.77138710,0
1791135120000000,85397.65000000,85402.28000000,85397.64000000,85402.28000000,0.67921000,1791135179999999,58003.25277140,362,0.52983000,45246.47955230,0
1791135180000000,85402.27000000,85405.46000000,85398.00000000,85398.01000000,3.96622000,1791135239999999,338731.81894530,669,0.69416000,59283.44346660,0
1791135240000000,85398.00000000,85398.01000000,85372.00000000,85372.00000000,3.87839000,1791135299999999,331167.70301380,1477,0.27340000,23342.86712110,0
1791135300000000,85372.00000000,85372.01000000,85372.00000000,85372.01000000,0.63337000,1791135359999999,54072.06710540,189,0.34654000,29584.81634540,0
1791135360000000,85372.00000000,85372.01000000,85372.00000000,85372.00000000,0.52422000,1791135419999999,44753.71281090,194,0.29709000,25363.17045090,0
1791135420000000,85372.01000000,85372.01000000,85367.06000000,85367.06000000,3.97320000,1791135479999999,339193.98873850,513,0.53165000,45387.55897670,0
1791135480000000,85367.06000000,85367.07000000,85348.00000000,85348.00000000,2.75170000,1791135539999999,234879.38733380,1056,0.54958000,46909.12699860,0
1791135540000000,85348.00000000,85348.01000000,85341.16000000,85341.17000000,1.92914000,1791135599999999,164637.88671830,355,0.98520000,84078.30463500,0
1791135600000000,85341.16000000,85341.17000000,85341.16000000,85341.16000000,0.46107000,1791135659999999,39348.25090580,146,0.22646000,19326.36135820,0
1791135660000000,85341.17000000,85341.17000000,85341.16000000,85341.17000000,0.30870000,1791135719999999,26344.81803430,156,0.19423000,16575.81544910,0
1791135720000000,85341.17000000,85341.17000000,85336.27000000,85336.28000000,3.25343000,1791135779999999,277644.56334410,544,0.58546000,49961.53291700,0
1791135780000000,85336.27000000,85364.00000000,85336.27000000,85364.00000000,2.53764000,1791135839999999,216577.81384730,1006,2.46611000,210472.95911860,0
1791135840000000,85364.00000000,85420.00000000,85364.00000000,85420.00000000,3.03090000,1791135899999999,258839.12249900,1742,2.74948000,234805.26308570,0
1791135900000000,85420.00000000,85438.15000000,85409.50000000,85438.15000000,8.03876000,1791135959999999,686692.21512280,1916,5.54259000,473458.92010800,0
1791135960000000,85438.15000000,85454.01000000,85438.15000000,85438.61000000,3.91138000,1791136019999999,334221.08469010,1198,1.47595000,126114.19909560,0
1791136020000000,85438.61000000,85447.98000000,85438.61000000,85438.67000000,3.22652000,1791136079999999,275674.40203220,861,0.53169000,45427.60463910,0
1791136080000000,85438.67000000,85438.67000000,85396.28000000,85396.29000000,4.45716000,1791136139999999,380758.57360280,1718,0.30449000,26009.81517580,0
1791136140000000,85396.29000000,85408.01000000,85391.46000000,85391.47000000,4.35816000,1791136199999999,372194.17307370,1095,1.39888000,119464.76980090,0
1791136200000000,85391.47000000,85391.47000000,85386.00000000,85386.01000000,0.94062000,1791136259999999,80316.90126600,289,0.19936000,17022.57657520,0
1791136260000000,85386.00000000,85386.01000000,85386.00000000,85386.01000000,0.18333000,1791136319999999,15653.81576470,125,0.03847000,3284.79980470,0
1791136320000000,85386.01000000,85386.01000000,85372.01000000,85372.01000000,1.87696000,1791136379999999,160251.97865350,502,0.37755000,32233.59947150,0
1791136380000000,85372.02000000,85372.02000000,85338.87000000,85340.04000000,6.80422000,1791136439999999,580770.32443630,575,0.25077000,21406.03360880,0
1791136440000000,85340.04000000,85340.04000000,85330.01000000,85334.01000000,4.48881000,1791136499999999,383043.54140160,651,1.82467000,155699.86803050,0
1791136500000000,85334.00000000,85342.53000000,85334.00000000,85342.52000000,1.09661000,1791136559999999,93583.58962870,439,0.89654000,76509.42876670,0
1791136560000000,85342.52000000,85342.53000000,85342.52000000,85342.52000000,0.41122000,1791136619999999,35094.55213220,151,0.10578000,9027.53282340,0
1791136620000000,85342.53000000,85342.53000000,85319.52000000,85319.52000000,2.73341000,1791136679999999,233253.64808650,1117,0.16193000,13816.90644320,0
1791136680000000,85319.52000000,85330.01000000,85319.52000000,85319.53000000,3.99134000,1791136739999999,340553.19123690,957,1.91862000,163700.59089950,0
1791136740000000,85319.54000000,85319.54000000,85319.53000000,85319.53000000,4.22483000,1791136799999999,360460.55133070,195,4.14008000,353229.72116320,0
1791136800000000,85319.54000000,85327.96000000,85319.52000000,85327.96000000,3.35252000,1791136859999999,286041.35471850,641,0.62126000,53006.84915680,0
1791136860000000,85327.95000000,85327.95000000,85319.52000000,85319.52000000,1.31358000,1791136919999999,112078.74003690,371,0.06435000,5490.31175550,0
1791136920000000,85319.52000000,85332.90000000,85319.52000000,85332.90000000,2.03041000,1791136979999999,173249.13116900,418,1.43925000,122808.55115030,0
1791136980000000,85332.90000000,85332.90000000,85332.89000000,85332.89000000,2.36300000,1791137039999999,201641.62020090,133,0.11309000,9650.29766100,0
1791137040000000,85332.89000000,85332.89000000,85330.15000000,85330.16000000,1.04024000,1791137099999999,88764.85957990,289,0.23168000,19769.30902530,0
1791137100000000,85330.15000000,85340.04000000,85330.15000000,85340.03000000,1.54118000,1791137159999999,131512.72191390,449,1.16487000,99400.62923380,0
1791137160000000,85340.03000000,85340.04000000,85320.01000000,85320.02000000,2.94032000,1791137219999999,250903.98883750,1006,0.23396000,19963.65419360,0
1791137220000000,85320.02000000,85321.39000000,85312.57000000,85312.57000000,5.06303000,1791137279999999,431972.90898500,545,2.58693000,220720.00069350,0
1791137280000000,85312.57000000,85312.58000000,85312.57000000,85312.58000000,0.95800000,1791137339999999,81729.44582030,129,0.37603000,32080.08945740,0
1791137340000000,85312.57000000,85312.58000000,85312.57000000,85312.57000000,0.88941000,1791137399999999,75877.85540300,136,0.25193000,21492.79827940,0
1791137400000000,85312.58000000,85319.34000000,85312.57000000,85319.34000000,1.62178000,1791137459999999,138363.33112050,388,1.43260000,122222.84017390,0
1791137460000000,85319.33000000,85319.34000000,85319.33000000,85319.33000000,0.45557000,1791137519999999,38868.93104890,109,0.38808000,33110.72946720,0
1791137520000000,85319.34000000,85319.34000000,85319.33000000,85319.33000000,0.19091000,1791137579999999,16288.31355320,101,0.02629000,2243.04544860,0
1791137580000000,85319.34000000,85319.34000000,85319.33000000,85319.33000000,0.23436000,1791137639999999,19995.44004660,86,0.18678000,15935.94632520,0
1791137640000000,85319.33000000,85319.34000000,85319.33000000,85319.34000000,0.76366000,1791137699999999,65154.96601460,171,0.64668000,55174.31079120,0
1791137700000000,85319.34000000,85326.78000000,85319.33000000,85326.78000000,0.83477000,1791137759999999,71225.14744620,253,0.77676000,66275.72966330,0
1791137760000000,85326.78000000,85338.01000000,85326.77000000,85338.01000000,1.38847000,1791137819999999,118479.24386190,572,1.28078000,109290.09452610,0
1791137820000000,85338.01000000,85338.01000000,85328.00000000,85333.91000000,2.12712000,1791137879999999,181516.67593930,670,0.77997000,66555.31940050,0
1791137880000000,85333.90000000,85333.91000000,85333.90000000,85333.90000000,0.24282000,1791137939999999,20720.77807400,83,0.04760000,4061.89411600,0
1791137940000000,85333.91000000,85333.91000000,85319.28000000,85319.28000000,7.86558000,1791137999999999,671164.55681670,474,0.52967000,45194.27303830,0
1791138000000000,85319.29000000,85319.29000000,85319.28000000,85319.28000000,0.86286000,1791138059999999,73618.59817970,159,0.42389000,36165.99383810,0
1791138060000000,85319.29000000,85319.29000000,85319.28000000,85319.29000000,0.66792000,1791138119999999,56986.45755150,146,0.40539000,34587.58697310,0
1791138120000000,85319.28000000,85319.29000000,85319.28000000,85319.28000000,0.80803000,1791138179999999,68940.54021370,152,0.23953000,20436.52953370,0
1791138180000000,85319.29000000,85319.29000000,85319.28000000,85319.28000000,0.99767000,1791138239999999,85120.48784780,169,0.17702000,15103.22071580,0
1791138240000000,85319.29000000,85319.29000000,85319.28000000,85319.28000000,0.55963000,1791138299999999,47747.23294090,155,0.42745000,36469.73051050,0
1791138300000000,85319.29000000,85319.29000000,85313.14000000,85313.15000000,1.71697000,1791138359999999,146485.21764490,466,0.08355000,7127.95261010,0
1791138360000000,85313.15000000,85313.39000000,85312.01000000,85313.39000000,2.30818000,1791138419999999,196917.24771130,481,0.62309000,53157.12638390,0
1791138420000000,85313.38000000,85319.29000000,85313.38000000,85319.28000000,1.30366000,1791138479999999,111223.72782820,407,1.01211000,86350.30449170,0
1791138480000000,85319.29000000,85319.29000000,85319.28000000,85319.28000000,0.33469000,1791138539999999,28555.51161250,151,0.17893000,15266.18055970,0
1791138540000000,85319.29000000,85325.98000000,85319.28000000,85325.98000000,1.29511000,1791138599999999,110500.87192090,457,1.14198000,97435.91648100,0
1791138600000000,85325.97000000,85329.54000000,85325.97000000,85329.54000000,0.71427000,1791138659999999,60947.21463390,466,0.59264000,50568.82733280,0
1791138660000000,85329.54000000,85342.00000000,85329.54000000,85342.00000000,0.73355000,1791138719999999,62598.52605560,908,0.53869000,45969.52848400,0
1791138720000000,85342.00000000,85349.15000000,85341.99000000,85349.15000000,2.80829000,1791138779999999,239679.13303020,385,2.61265000,222982.00206910,0
1791138780000000,85349.14000000,85349.15000000,85322.13000000,85322.13000000,4.50043000,1791138839999999,384068.85313600,1208,0.18352000,15660.37200030,0
1791138840000000,85322.14000000,85322.14000000,85322.13000000,85322.13000000,0.38939000,1791138899999999,33223.58613720,202,0.19365000,16522.63241100,0
1791138900000000,85322.13000000,85325.74000000,85322.13000000,85325.74000000,1.20994000,1791138959999999,103234.97854380,293,0.98868000,84356.57860800,0
1791138960000000,85325.74000000,85325.74000000,85324.43000000,85324.43000000,7.08019000,1791139019999999,604122.22385900,358,0.15388000,13129.86486320,0
1791139020000000,85324.44000000,85324.44000000,85318.00000000,85318.00000000,1.55300000,1791139079999999,132502.41159850,471,0.16618000,14178.32836400,0
1791139080000000,85318.01000000,85318.01000000,85318.00000000,85318.00000000,1.15625000,1791139139999999,98648.94253170,194,0.50317000,42929.46309170,0
1791139140000000,85318.01000000,85318.01000000,85318.00000000,85318.00000000,3.75427000,1791139199999999,320306.83831260,186,3.04526000,259815.52313260,0
1791139200000000,85318.01000000,85327.45000000,85318.00000000,85327.44000000,1.48160000,1791139259999999,126413.74551570,425,1.43709000,122615.97687890,0
1791139260000000,85327.45000000,85327.45000000,85327.44000000,85327.44000000,2.34397000,1791139319999999,200004.96987020,196,1.03334000,88172.26718300,0
1791139320000000,85327.45000000,85331.76000000,85327.44000000,85331.76000000,0.79786000,1791139379999999,68081.14847050,317,0.53371000,45541.08478600,0
1791139380000000,85331.75000000,85333.72000000,85331.75000000,85333.72000000,1.05843000,1791139439999999,90319.33300430,287,0.30604000,26115.29339060,0
1791139440000000,85333.71000000,85342.24000000,85333.71000000,85342.24000000,0.94799000,1791139499999999,80901.07286120,420,0.71477000,60998.18701220,0
1791139500000000,85342.24000000,85342.24000000,85342.23000000,85342.23000000,0.31577000,1791139559999999,26948.51762440,193,0.16573000,14143.76943520,0
1791139560000000,85342.24000000,85345.96000000,85342.23000000,85345.96000000,2.86466000,1791139619999999,244484.70352640,350,0.85606000,73059.08261840,0
1791139620000000,85345.96000000,85345.96000000,85345.95000000,85345.96000000,0.62062000,1791139679999999,52967.40658030,174,0.30913000,26382.99661480,0
1791139680000000,85345.95000000,85345.96000000,85342.26000000,85342.26000000,2.39842000,1791139739999999,204694.20549240,538,0.43411000,37049.46148600,0
1791139740000000,85342.26000000,85342.36000000,85332.00000000,85342.36000000,17.08577000,1791139799999999,1458004.15512070,1031,15.26772000,1302857.18748400,0
1791139800000000,85342.37000000,85342.37000000,85342.36000000,85342.36000000,2.68776000,1791139859999999,229379.79043550,166,0.89219000,76141.60909030,0
1791139860000000,85342.36000000,85342.37000000,85342.36000000,85342.36000000,1.57694000,1791139919999999,134579.79428690,241,1.31085000,111871.04571450,0
1791139920000000,85342.37000000,85342.37000000,85342.36000000,85342.37000000,1.18937000,1791139979999999,101503.64513490,263,0.24217000,20667.36174290,0
1791139980000000,85342.37000000,85342.37000000,85342.36000000,85342.36000000,0.50663000,1791140039999999,43237.00293440,218,0.30876000,26350.31016120,0
1791140040000000,85342.36000000,85350.00000000,85342.36000000,85350.00000000,0.96719000,1791140099999999,82544.96348890,919,0.73993000,63149.29603190,0
1791140100000000,85349.99000000,85353.76000000,85349.99000000,85353.76000000,0.94135000,1791140159999999,80347.14631370,602,0.78833000,67286.59221820,0
1791140160000000,85353.76000000,85356.17000000,85353.75000000,85354.00000000,9.18456000,1791140219999999,783955.30361720,534,1.29346000,110401.95800380,0
1791140220000000,85353.99000000,85354.00000000,85353.99000000,85354.00000000,6.50023000,1791140279999999,554820.62893920,185,6.25215000,533646.01110000,0
1791140280000000,85354.00000000,85358.01000000,85353.99000000,85358.01000000,1.48496000,1791140339999999,126747.87290190,388,1.24956000,106655.53499430,0
1791140340000000,85358.00000000,85361.99000000,85336.00000000,85338.84000000,7.25128000,1791140399999999,618863.90998360,817,3.87923000,331060.92954950,0
1791140400000000,85338.84000000,85338.84000000,85338.82000000,85338.82000000,13.13778000,1791140459999999,1121162.80779180,633,3.47417000,296481.63763510,0
1791140460000000,85338.83000000,85362.01000000,85338.82000000,85362.00000000,6.44343000,1791140519999999,549898.91018290,677,6.12625000,522830.29834430,0
1791140520000000,85362.01000000,85362.01000000,85360.00000000,85360.02000000,10.76342000,1791140579999999,918767.50635430,566,9.02962000,770768.51153920,0
1791140580000000,85360.02000000,85360.54000000,85360.01000000,85360.53000000,1.77518000,1791140639999999,151529.51023160,416,1.41220000,120545.42781020,0
1791140640000000,85360.54000000,85388.00000000,85360.54000000,85388.00000000,3.89691000,1791140699999999,332728.17716380,1281,3.77728000,322513.94315260,0
1791140700000000,85388.00000000,85388.01000000,85387.99000000,85388.01000000,1.88317000,1791140759999999,160800.12243700,223,1.71154000,146144.98051330,0
1791140760000000,85388.01000000,85406.01000000,85388.00000000,85406.01000000,0.88531000,1791140819999999,75603.02715980,747,0.78058000,66659.31129560,0
1791140820000000,85406.01000000,85408.01000000,85374.34000000,85376.07000000,12.71431000,1791140879999999,1085809.50188570,1145,0.21521000,18377.13240830,0
1791140880000000,85376.07000000,85376.15000000,85376.07000000,85376.15000000,4.30816000,1791140939999999,367813.81039270,280,3.80503000,324858.54829360,0
1791140940000000,85376.14000000,85382.71000000,85376.14000000,85382.70000000,1.35627000,1791140999999999,115797.25947160,400,1.11269000,95000.00083600,0
1791141000000000,85382.71000000,85382.71000000,85382.70000000,85382.71000000,0.29991000,1791141059999999,25607.12738870,228,0.18317000,15639.55099070,0
1791141060000000,85382.71000000,85382.71000000,85382.70000000,85382.71000000,1.47065000,1791141119999999,125568.07733150,155,0.95765000,81766.75223150,0
1791141120000000,85382.71000000,85382.71000000,85382.70000000,85382.70000000,0.29047000,1791141179999999,24801.11407380,136,0.12048000,10286.90890080,0
1791141180000000,85382.71000000,85382.71000000,85382.70000000,85382.71000000,0.36463000,1791141239999999,31133.09488240,138,0.09814000,8379.45915940,0
1791141240000000,85382.71000000,85387.99000000,85382.70000000,85387.99000000,0.73407000,1791141299999999,62677.37314400,246,0.66249000,56565.67520120,0
1791141300000000,85387.99000000,85391.21000000,85387.98000000,85391.21000000,1.83275000,1791141359999999,156495.09733070,260,1.49219000,127415.32605880,0
1791141360000000,85391.21000000,85391.22000000,85391.20000000,85391.22000000,1.55599000,1791141419999999,132867.86910320,207,1.51689000,129529.07303300,0
1791141420000000,85391.22000000,85391.22000000,85391.21000000,85391.21000000,2.01562000,1791141479999999,172116.23966420,179,0.89640000,76544.68960800,0
1791141480000000,85391.22000000,85391.22000000,85391.21000000,85391.22000000,0.65396000,1791141539999999,55842.43911370,146,0.34221000,29221.72939620,0
1791141540000000,85391.21000000,85391.22000000,85391.21000000,85391.21000000,0.15650000,1791141599999999,13363.72486610,87,0.05011000,4278.95403420,0
1791141600000000,85391.22000000,85396.37000000,85391.21000000,85396.37000000,0.57549000,1791141659999999,49142.41958550,251,0.48346000,41283.86652920,0
1791141660000000,85396.37000000,85396.37000000,85396.36000000,85396.37000000,0.55836000,1791141719999999,47681.91534550,171,0.37759000,32244.81534830,0
1791141720000000,85396.36000000,85396.37000000,85387.99000000,85388.00000000,8.21965000,1791141779999999,701920.88265620,686,0.11506000,9824.99491730,0
1791141780000000,85387.99000000,85389.40000000,85387.99000000,85389.39000000,0.33713000,1791141839999999,28786.95785430,133,0.27943000,23860.02743130,0
1791141840000000,85389.40000000,85396.01000000,85389.39000000,85396.01000000,1.35101000,1791141899999999,115362.85366420,440,0.69914000,59700.03644310,0
1791141900000000,85396.01000000,85414.30000000,85396.00000000,85414.30000000,1.96419000,1791141959999999,167756.25490430,636,1.37475000,117409.69466500,0
1791141960000000,85414.30000000,85419.00000000,85404.22000000,85404.22000000,2.32822000,1791142019999999,198854.72211090,726,0.66439000,56744.37832850,0
1791142020000000,85404.23000000,85468.01000000,85404.22000000,85468.00000000,7.99032000,1791142079999999,682616.37605580,1603,7.61406000,650479.91557330,0
1791142080000000,85468.00000000,85468.01000000,85466.00000000,85466.01000000,3.02232000,1791142139999999,258311.23202230,424,1.05575000,90232.83815960,0
1791142140000000,85466.00000000,85466.01000000,85462.49000000,85462.50000000,0.81900000,1791142199999999,69996.12071080,236,0.23085000,19729.73114640,0
1791142200000000,85462.50000000,85462.50000000,85462.49000000,85462.50000000,0.67699000,1791142259999999,57857.25738090,161,0.62758000,53634.55575000,0
1791142260000000,85462.50000000,85550.00000000,85462.49000000,85522.33000000,26.32938000,1791142319999999,2251543.85674380,3376,20.43164000,1747073.36263990,0
1791142320000000,85522.33000000,85522.34000000,85487.31000000,85487.32000000,8.53680000,1791142379999999,729940.11590060,2653,3.25257000,278101.88797010,0
1791142380000000,85487.32000000,85524.01000000,85487.32000000,85506.00000000,5.53141000,1791142439999999,472994.23268380,1577,2.89456000,247493.66837840,0
1791142440000000,85505.99000000,85574.01000000,85505.99000000,85533.58000000,26.59455000,1791142499999999,2275037.67230060,4358,15.98722000,1367457.27473490,0
1791142500000000,85533.57000000,85542.01000000,85522.01000000,85522.02000000,3.89233000,1791142559999999,332916.25993430,1113,1.85253000,158442.49953310,0
1791142560000000,85522.02000000,85522.02000000,85522.01000000,85522.01000000,0.33188000,1791142619999999,28383.04646840,116,0.17896000,15305.02069920,0
1791142620000000,85522.01000000,85522.01000000,85505.58000000,85505.59000000,2.32198000,1791142679999999,198565.66423510,775,0.01386000,1185.22635070,0
1791142680000000,85505.58000000,85505.59000000,85497.49000000,85497.49000000,1.21817000,1791142739999999,104154.85309460,342,0.21093000,18034.00992250,0
1791142740000000,85497.50000000,85497.50000000,85478.00000000,85478.00000000,3.65642000,1791142799999999,312593.08891770,760,0.29654000,25350.68124900,0
1791142800000000,85478.01000000,85478.01000000,85450.63000000,85450.64000000,8.26127000,1791142859999999,706087.34887690,1231,2.94408000,251653.05941310,0
1791142860000000,85450.63000000,85456.01000000,85399.63000000,85399.64000000,13.74802000,1791142919999999,1174645.11640160,3254,2.45318000,209615.30570750,0
1791142920000000,85399.64000000,85411.07000000,85399.64000000,85400.40000000,7.31735000,1791142979999999,624963.36142550,1098,2.59970000,222032.60806280,0
1791142980000000,85400.40000000,85428.01000000,85400.40000000,85428.01000000,5.56595000,1791143039999999,475352.14640210,325,4.32789000,369617.64354410,0
1791143040000000,85428.01000000,85438.86000000,85428.00000000,85438.86000000,2.31363000,1791143099999999,197659.06717660,273,2.21553000,189278.58037660,0
1791143100000000,85438.86000000,85446.01000000,85429.67000000,85429.68000000,4.06618000,1791143159999999,347416.48260920,1083,0.93996000,80311.04039140,0
1791143160000000,85429.67000000,85433.59000000,85429.67000000,85433.59000000,1.66330000,1791143219999999,142095.46677750,217,1.47755000,126226.87171440,0
1791143220000000,85433.59000000,85445.81000000,85433.59000000,85438.01000000,6.75763000,1791143279999999,577358.62113290,1167,5.36612000,458464.15760060,0
1791143280000000,85438.01000000,85438.57000000,85438.00000000,85438.57000000,2.48407000,1791143339999999,212234.09570250,165,2.33987000,199913.88824490,0
1791143340000000,85438.57000000,85460.84000000,85438.56000000,85460.83000000,1.24641000,1791143399999999,106503.71705060,525,1.16867000,99860.40312900,0
1791143400000000,85460.84000000,85460.84000000,85432.00000000,85432.05000000,10.36633000,1791143459999999,885822.53281300,791,2.25694000,192823.31430020,0
1791143460000000,85432.05000000,85442.34000000,85432.05000000,85442.34000000,1.53503000,1791143519999999,131154.34024900,359,0.48066000,41066.62269270,0
1791143520000000,85442.34000000,85442.34000000,85442.16000000,85442.17000000,4.11752000,1791143579999999,351810.42485410,372,0.33889000,28955.49826630,0
1791143580000000,85442.16000000,85442.17000000,85440.00000000,85440.00000000,1.55107000,1791143639999999,132526.48427000,346,0.03355000,2866.58277310,0
1791143640000000,85440.00000000,85440.01000000,85422.93000000,85422.94000000,5.50115000,1791143699999999,469984.18420250,665,0.12648000,10804.85299030,0
1791143700000000,85422.93000000,85431.47000000,85422.93000000,85431.46000000,3.85907000,1791143759999999,329674.27932870,348,1.07035000,91435.76823210,0
1791143760000000,85431.46000000,85431.46000000,85430.79000000,85430.80000000,4.33352000,1791143819999999,370216.85478020,497,0.05212000,4452.65386730,0
1791143820000000,85430.79000000,85430.80000000,85427.99000000,85428.00000000,1.12308000,1791143879999999,95943.33843340,186,0.48754000,41649.65607600,0
1791143880000000,85427.99000000,85428.00000000,85427.99000000,85428.00000000,0.15728000,1791143939999999,13436.11529080,73,0.10236000,8744.41008000,0
1791143940000000,85428.00000000,85428.00000000,85427.99000000,85428.00000000,0.18933000,1791143999999999,16174.08210690,61,0.07602000,6494.23656000,0
1791144000000000,85428.00000000,85428.00000000,85424.39000000,85424.39000000,1.15789000,1791144059999999,98914.21522360,339,0.08909000,7610.53611600,0
1791144060000000,85424.39000000,85424.40000000,85407.03000000,85407.03000000,1.70856000,1791144119999999,145933.51734750,776,0.73877000,63099.10234560,0
1791144120000000,85407.04000000,85441.19000000,85407.03000000,85441.19000000,14.50669000,1791144179999999,1239032.89639890,807,14.26641000,1218504.41727800,0
1791144180000000,85441.19000000,85441.19000000,85430.00000000,85430.02000000,1.97839000,1791144239999999,169024.57837050,447,0.11233000,9596.86528190,0
1791144240000000,85430.02000000,85430.03000000,85421.47000000,85421.48000000,1.45037000,1791144299999999,123903.63769070,361,0.05126000,4379.14265380,0
1791144300000000,85421.47000000,85421.47000000,85408.64000000,85408.64000000,1.28791000,1791144359999999,110004.31232400,546,0.12113000,10345.59659240,0
1791144360000000,85408.64000000,85408.65000000,85408.64000000,85408.64000000,0.54435000,1791144419999999,46492.19502070,136,0.18367000,15687.00674550,0
1791144420000000,85408.65000000,85408.65000000,85402.00000000,85402.01000000,0.91266000,1791144479999999,77947.20305690,441,0.34535000,29495.13632310,0
1791144480000000,85402.00000000,85402.01000000,85396.32000000,85396.33000000,3.74416000,1791144539999999,319746.64845300,288,1.26159000,107735.16601830,0
1791144540000000,85396.33000000,85396.33000000,85396.32000000,85396.33000000,1.15032000,1791144599999999,98233.10395200,70,0.91296000,77963.43343680,0
1791144600000000,85396.33000000,85402.01000000,85396.32000000,85402.01000000,2.54065000,1791144659999999,216968.71159420,442,2.40750000,205598.01732380,0
1791144660000000,85402.01000000,85402.01000000,85402.00000000,85402.01000000,2.61392000,1791144719999999,223234.00112030,239,0.52803000,45094.82334030,0
1791144720000000,85402.01000000,85408.01000000,85402.00000000,85408.00000000,1.51015000,1791144779999999,128972.01227960,469,1.26550000,108077.77241960,0
1791144780000000,85408.00000000,85420.01000000,85408.00000000,85418.01000000,2.42757000,1791144839999999,207356.33109650,696,1.57839000,134820.00111550,0
1791144840000000,85418.01000000,85435.40000000,85418.00000000,85435.39000000,1.78040000,1791144899999999,152089.61225940,652,1.43541000,122617.11724200,0
1791144900000000,85435.39000000,85444.01000000,85435.39000000,85444.01000000,2.97247000,1791144959999999,253968.56050600,1271,2.66957000,228089.44235520,0
1791144960000000,85444.00000000,85451.73000000,85444.00000000,85451.73000000,2.27539000,1791145019999999,194425.04419330,1888,2.02285000,172846.32465850,0
1791145020000000,85451.73000000,85472.10000000,85451.72000000,85472.10000000,2.65346000,1791145079999999,226787.24634430,1319,2.39140000,204390.22666770,0
1791145080000000,85472.10000000,85483.90000000,85472.10000000,85483.90000000,2.88644000,1791145139999999,246737.10000260,1106,1.15945000,99111.57739170,0
1791145140000000,85483.90000000,85483.90000000,85472.08000000,85478.01000000,2.27913000,1791145199999999,194815.44682550,768,1.04613000,89418.89572420,0
1791145200000000,85478.01000000,85492.23000000,85478.00000000,85492.23000000,1.01837000,1791145259999999,87056.52531660,488,0.67490000,57694.03960250,0
1791145260000000,85492.22000000,85492.23000000,85492.22000000,85492.22000000,0.76585000,1791145319999999,65474.21861870,108,0.19317000,16514.53406910,0
1791145320000000,85492.23000000,85492.23000000,85484.00000000,85484.00000000,1.90219000,1791145379999999,162614.81406980,650,0.21548000,18420.12918540,0
1791145380000000,85484.00000000,85484.01000000,85478.01000000,85478.01000000,0.64708000,1791145439999999,55312.60069290,440,0.12835000,10971.11260620,0
1791145440000000,85478.01000000,85478.02000000,85474.00000000,85474.00000000,1.86929000,1791145499999999,159782.70558340,265,0.07183000,6139.68992720,0
1791145500000000,85474.01000000,85474.01000000,85474.00000000,85474.00000000,0.54609000,1791145559999999,46676.50045790,121,0.37979000,32462.17425790,0
1791145560000000,85474.00000000,85474.00000000,85453.74000000,85453.74000000,8.09933000,1791145619999999,692180.04247100,831,0.24066000,20566.01532540,0
1791145620000000,85453.74000000,85453.74000000,85453.73000000,85453.73000000,0.91467000,1791145679999999,78161.96431180,235,0.10927000,9337.53016980,0
1791145680000000,85453.73000000,85465.37000000,85453.73000000,85465.36000000,6.16178000,1791145739999999,526552.88989170,627,5.76690000,492808.24431510,0
1791145740000000,85465.36000000,85474.30000000,85465.36000000,85474.30000000,11.53857000,1791145799999999,986158.42061310,385,10.89137000,930845.23962110,0
1791145800000000,85474.30000000,85474.31000000,85450.01000000,85450.01000000,13.06059000,1791145859999999,1116287.35833670,1120,6.01304000,513956.21065920,0
1791145860000000,85450.02000000,85450.02000000,85445.46000000,85445.46000000,2.01827000,1791145919999999,172459.82692060,289,1.08597000,92795.58249270,0
1791145920000000,85445.46000000,85446.34000000,85445.46000000,85446.34000000,2.08580000,1791145979999999,178222.26711140,376,0.84506000,72206.66589070,0
1791145980000000,85446.34000000,85508.01000000,85446.34000000,85508.01000000,7.92099000,1791146039999999,677059.08558540,1883,7.80432000,667086.06312620,0
1791146040000000,85508.01000000,85562.01000000,85508.01000000,85562.01000000,6.45049000,1791146099999999,551767.23804100,1801,5.39830000,461762.10851760,0
1791146100000000,85562.00000000,85600.01000000,85562.00000000,85600.00000000,23.42876000,1791146159999999,2005417.02762410,1547,21.86529000,1871586.07816810,0
1791146160000000,85600.00000000,85615.40000000,85600.00000000,85607.38000000,5.56937000,1791146219999999,476776.70317430,2339,4.36535000,373701.73607560,0
1791146220000000,85607.37000000,85646.00000000,85607.37000000,85640.01000000,21.34878000,1791146279999999,1828127.22534240,2167,17.18987000,1472005.65255190,0
1791146280000000,85640.01000000,85666.01000000,85578.16000000,85578.17000000,33.84293000,1791146339999999,2897889.44114230,3502,17.69181000,1514711.52862370,0
1791146340000000,85578.16000000,85606.01000000,85574.13000000,85602.89000000,13.05376000,1791146399999999,1117391.85202750,1963,3.52526000,301718.05230950,0
1791146400000000,85602.88000000,85613.50000000,85602.88000000,85613.50000000,4.84683000,1791146459999999,414939.99972760,503,2.07009000,177213.76582030,0
1791146460000000,85613.49000000,85629.87000000,85608.97000000,85629.87000000,4.42615000,1791146519999999,378949.98550970,863,3.48185000,298105.88685800,0
1791146520000000,85629.87000000,85666.56000000,85629.86000000,85666.55000000,14.31616000,1791146579999999,1226280.64686800,1146,11.26803000,965182.71525630,0
1791146580000000,85666.55000000,85763.48000000,85653.18000000,85762.49000000,27.46073000,1791146639999999,2353620.86322090,5085,22.91368000,1963861.26322530,0
1791146640000000,85762.48000000,85766.48000000,85754.86000000,85758.98000000,11.16722000,1791146699999999,957699.72317360,1293,9.50708000,815327.90690760,0
1791146700000000,85758.98000000,85758.98000000,85711.22000000,85724.69000000,9.84923000,1791146759999999,844401.38892590,2899,4.36747000,374393.31337520,0
1791146760000000,85724.70000000,85760.00000000,85724.69000000,85759.99000000,1.05830000,1791146819999999,90743.67694750,806,0.92579000,79380.83432060,0
1791146820000000,85760.00000000,85876.84000000,85759.99000000,85820.54000000,31.33703000,1791146879999999,2688926.12931700,4921,27.79896000,2385233.91527540,0
1791146880000000,85820.53000000,85871.46000000,85813.40000000,85839.44000000,7.19704000,1791146939999999,617894.61351630,1906,1.44159000,123746.58750540,0
1791146940000000,85839.45000000,85839.45000000,85807.02000000,85817.69000000,2.30952000,1791146999999999,198217.78676850,936,0.78223000,67135.05390130,0
1791147000000000,85817.70000000,85844.95000000,85817.69000000,85844.95000000,3.85505000,1791147059999999,330847.66070670,972,1.31844000,113159.69194310,0
1791147060000000,85844.94000000,85856.12000000,85824.99000000,85825.00000000,5.91795000,1791147119999999,508051.03564240,1810,0.89749000,77052.31614140,0
1791147120000000,85825.00000000,85860.30000000,85824.99000000,85828.22000000,4.93682000,1791147179999999,423806.83524410,2045,1.43008000,122756.25245300,0
1791147180000000,85828.22000000,85838.95000000,85769.67000000,85769.68000000,6.48092000,1791147239999999,556142.71144380,1671,1.08358000,93004.55035760,0
1791147240000000,85769.68000000,85808.81000000,85769.67000000,85808.80000000,2.15154000,1791147299999999,184584.30826210,1117,1.70146000,145967.80957480,0
1791147300000000,85808.81000000,85838.00000000,85808.80000000,85838.00000000,3.83718000,1791147359999999,329327.23252390,2096,2.67919000,229941.33979110,0
1791147360000000,85838.00000000,85858.77000000,85837.99000000,85850.56000000,2.90131000,1791147419999999,249069.24201540,796,1.96609000,168778.47167190,0
1791147420000000,85850.57000000,85850.57000000,85812.49000000,85815.46000000,14.04937000,1791147479999999,1205747.03645970,726,0.59344000,50925.81705390,0
1791147480000000,85815.46000000,85826.01000000,85815.46000000,85826.01000000,4.50203000,1791147539999999,386353.02640300,457,2.91222000,249917.00985640,0
1791147540000000,85826.00000000,85838.87000000,85824.44000000,85824.44000000,0.90162000,1791147599999999,77385.34000650,439,0.26083000,22386.20374900,0
1791147600000000,85824.45000000,85864.58000000,85808.23000000,85808.23000000,5.87706000,1791147659999999,504496.82656460,1844,1.85502000,159241.61022670,0
1791147660000000,85808.23000000,85835.03000000,85790.40000000,85834.73000000,6.30195000,1791147719999999,540765.99289410,1590,3.59799000,308753.18781430,0
1791147720000000,85834.72000000,85895.97000000,85834.72000000,85889.56000000,10.38639000,1791147779999999,892003.24750270,2252,9.42306000,809268.65524190,0
1791147780000000,85889.56000000,85889.57000000,85850.59000000,85850.59000000,2.27928000,1791147839999999,195715.33087360,1257,0.67428000,57893.65221710,0
1791147840000000,85850.59000000,85862.18000000,85833.48000000,85836.26000000,7.39934000,1791147899999999,635240.73220740,1361,1.61108000,138303.79552010,0
1791147900000000,85836.26000000,85864.69000000,85836.26000000,85864.68000000,1.72689000,1791147959999999,148257.04348080,508,1.49420000,128278.90768550,0
1791147960000000,85864.68000000,85864.69000000,85864.68000000,85864.68000000,0.73468000,1791148019999999,63083.06689980,132,0.37974000,32606.25738060,0
1791148020000000,85864.69000000,85864.69000000,85845.39000000,85847.41000000,1.95615000,1791148079999999,167939.74643910,721,0.58843000,50515.19681320,0
1791148080000000,85847.41000000,85888.00000000,85847.41000000,85888.00000000,2.36170000,1791148139999999,202782.05500790,1217,2.11691000,181762.62761740,0
1791148140000000,85887.99000000,85895.97000000,85876.68000000,85879.43000000,2.60845000,1791148199999999,224028.17207950,791,1.62899000,139901.96845620,0
1791148200000000,85879.43000000,85940.00000000,85879.43000000,85939.99000000,17.36919000,1791148259999999,1492206.33759340,1607,16.66102000,1431355.21009790,0
1791148260000000,85939.99000000,86066.22000000,85939.99000000,86048.14000000,102.38469000,1791148319999999,8805555.05036920,8153,83.81299000,7207990.54006450,0
1791148320000000,86048.13000000,86048.13000000,86010.14000000,86015.54000000,12.20646000,1791148379999999,1050067.65054010,1797,3.26834000,281166.46490600,0
1791148380000000,86015.54000000,86039.58000000,85969.44000000,86008.10000000,40.38411000,1791148439999999,3473204.97138980,5858,16.78835000,1443705.52694910,0
1791148440000000,86007.64000000,86050.85000000,85994.14000000,86028.03000000,12.95607000,1791148499999999,1114516.52658670,2872,9.62915000,828297.91876970,0
1791148500000000,86028.02000000,86036.39000000,85981.03000000,85997.39000000,11.32407000,1791148559999999,974044.13430570,2926,3.83973000,330257.30912180,0
1791148560000000,85997.39000000,86061.89000000,85982.39000000,86052.43000000,21.23090000,1791148619999999,1826563.51279540,2608,8.59172000,739100.33599210,0
1791148620000000,86052.42000000,86052.43000000,86022.79000000,86022.79000000,11.53091000,1791148679999999,992069.59765550,1475,2.27008000,195295.49093380,0
1791148680000000,86022.79000000,86032.12000000,86022.79000000,86032.12000000,6.60250000,1791148739999999,568011.43622230,695,3.32593000,286121.23044400,0
1791148740000000,86032.12000000,86042.10000000,86005.09000000,86005.09000000,15.16210000,1791148799999999,1304336.16194060,1811,9.12673000,785154.84443280,0
1791148800000000,86005.09000000,86005.09000000,85854.68000000,85854.68000000,17.19723000,1791148859999999,1477625.08522860,2649,0.75112000,64560.32349480,0
1791148860000000,85854.69000000,85867.03000000,85778.78000000,85788.14000000,18.91494000,1791148919999999,1623295.57535310,3485,5.01067000,430162.42877850,0
1791148920000000,85788.15000000,85846.51000000,85786.87000000,85846.50000000,5.60025000,1791148979999999,480493.43674230,2516,2.87656000,246818.15371400,0
1791148980000000,85846.51000000,85854.45000000,85797.71000000,85797.72000000,8.95354000,1791149039999999,768426.74676950,2086,2.08703000,179124.17108690,0
1791149040000000,85797.71000000,85869.83000000,85797.71000000,85869.83000000,6.37643000,1791149099999999,547277.73437330,1701,4.47936000,384493.23462830,0
1791149100000000,85869.83000000,85893.58000000,85864.56000000,85882.12000000,9.52942000,1791149159999999,818415.03696140,2242,4.98328000,427971.25828750,0
1791149160000000,85882.12000000,85893.58000000,85865.47000000,85865.47000000,4.02377000,1791149219999999,345569.63723080,1775,1.31391000,112839.44066340,0
1791149220000000,85865.48000000,85865.48000000,85841.14000000,85841.15000000,2.49322000,1791149279999999,214046.78287110,1032,1.18355000,101597.52950230,0
1791149280000000,85841.15000000,85841.15000000,85838.63000000,85838.63000000,3.67667000,1791149339999999,315603.83875550,370,3.08062000,264439.03825340,0
1791149340000000,85838.63000000,85838.63000000,85818.41000000,85827.33000000,3.64830000,1791149399999999,313113.15452920,1281,2.02772000,174020.47865170,0
1791149400000000,85827.34000000,85899.58000000,85827.33000000,85894.08000000,6.56056000,1791149459999999,563316.26161410,1458,5.66008000,485978.00244590,0
1791149460000000,85894.07000000,85894.07000000,85863.02000000,85863.02000000,4.43879000,1791149519999999,381179.00830220,865,2.37916000,204297.24702370,0
1791149520000000,85863.03000000,85863.03000000,85832.45000000,85832.45000000,1.54845000,1791149579999999,132929.73280070,761,0.08824000,7574.99293620,0
1791149580000000,85832.46000000,85872.32000000,85829.29000000,85872.31000000,7.11246000,1791149639999999,610709.28069090,1114,1.71967000,147628.15415250,0
1791149640000000,85872.31000000,85894.56000000,85867.49000000,85892.57000000,10.20459000,1791149699999999,876444.53583270,1195,2.30803000,198196.05969520,0
1791149700000000,85892.56000000,85934.77000000,85892.31000000,85934.77000000,7.43711000,1791149759999999,638840.81693630,1595,3.44441000,295867.85546860,0
1791149760000000,85934.76000000,85962.01000000,85934.76000000,85950.65000000,5.48916000,1791149819999999,471817.30317680,1033,3.23263000,277845.72378770,0
1791149820000000,85950.65000000,85990.35000000,85950.64000000,85990.34000000,3.28134000,1791149879999999,282095.80482000,1145,3.03844000,261216.51088800,0
1791149880000000,85990.34000000,85990.34000000,85971.19000000,85984.01000000,13.61431000,1791149939999999,1170517.30202030,1379,7.19165000,618279.38785090,0
1791149940000000,85984.00000000,85984.01000000,85968.48000000,85968.48000000,5.65281000,1791149999999999,486038.04789490,797,0.33052000,28417.91860120,0
1791150000000000,85968.47000000,86000.00000000,85963.63000000,85972.76000000,8.31782000,1791150059999999,715159.05503780,2520,4.69428000,403596.98876710,0
1791150060000000,85972.76000000,85981.95000000,85972.70000000,85972.70000000,2.15001000,1791150119999999,184855.64549580,1027,0.76711000,65955.03207870,0
1791150120000000,85972.71000000,85972.71000000,85966.19000000,85967.78000000,2.04697000,1791150179999999,175980.14576330,495,1.28226000,110237.16617140,0
1791150180000000,85967.79000000,85987.62000000,85967.78000000,85987.02000000,5.13249000,1791150239999999,441289.82245070,7911,3.32550000,285932.32779980,0
1791150240000000,85987.03000000,85998.43000000,85966.00000000,85984.98000000,12.34480000,1791150299999999,1061542.16746290,12210,9.95788000,856298.92085110,0
1791150300000000,85984.99000000,86024.81000000,85984.99000000,86024.80000000,3.78608000,1791150359999999,325608.68737430,2901,3.25213000,279689.02433450,0
1791150360000000,86024.80000000,86058.00000000,86024.80000000,86055.68000000,7.86536000,1791150419999999,676747.73279420,1709,5.12600000,441074.05709510,0
1791150420000000,86055.68000000,86055.68000000,86025.29000000,86025.29000000,4.42699000,1791150479999999,380915.96560600,1644,1.30533000,112318.37640510,0
1791150480000000,86025.29000000,86025.29000000,85982.00000000,85982.00000000,2.83445000,1791150539999999,243792.45422830,1584,0.54075000,46508.29772190,0
1791150540000000,85982.00000000,85982.00000000,85934.23000000,85959.99000000,5.16736000,1791150599999999,444131.36988520,2710,2.08047000,178813.71373610,0
1791150600000000,85960.00000000,85969.18000000,85959.99000000,85967.28000000,7.09783000,1791150659999999,610143.84711090,887,5.58742000,480297.61141070,0
1791150660000000,85967.28000000,85967.29000000,85962.84000000,85965.00000000,1.48986000,1791150719999999,128077.16177070,781,0.33583000,28869.67234250,0
1791150720000000,85964.99000000,85965.00000000,85959.99000000,85960.01000000,1.13562000,1791150779999999,97619.08935360,389,0.25709000,22099.52970170,0
1791150780000000,85960.00000000,85960.01000000,85954.00000000,85954.01000000,3.25644000,1791150839999999,279919.09287210,372,0.39781000,34194.83241280,0
1791150840000000,85954.00000000,85954.01000000,85880.00000000,85880.01000000,4.94853000,1791150899999999,425134.96816530,2646,0.32731000,28122.93350460,0
1791150900000000,85880.00000000,85914.38000000,85880.00000000,85914.37000000,2.74934000,1791150959999999,236150.41779930,1742,2.35192000,202010.41942500,0
1791150960000000,85914.37000000,85929.77000000,85912.87000000,85929.77000000,1.56746000,1791151019999999,134682.74539660,788,0.63349000,54430.66178860,0
1791151020000000,85929.76000000,85929.77000000,85858.00000000,85858.01000000,11.42839000,1791151079999999,981644.62271130,2545,0.83296000,71548.17468300,0
1791151080000000,85858.00000000,85858.00000000,85820.00000000,85836.01000000,7.79310000,1791151139999999,668927.27055420,1994,2.54602000,218529.63132670,0
1791151140000000,85836.00000000,85865.42000000,85836.00000000,85865.42000000,4.20179000,1791151199999999,360715.81887630,608,3.37534000,289773.92246610,0
1791151200000000,85865.43000000,86023.44000000,85865.43000000,86015.80000000,31.64134000,1791151259999999,2720137.77185860,4269,25.23786000,2169697.43398390,0
1791151260000000,86015.81000000,86032.03000000,85998.00000000,86008.58000000,24.16151000,1791151319999999,2078265.81313150,2038,15.40895000,1325386.93815290,0
1791151320000000,86008.59000000,86272.34000000,86008.58000000,86183.07000000,149.75139000,1791151379999999,12903927.25860200,16679,118.11481000,10177028.14735400,0
1791151380000000,86183.06000000,86232.01000000,86034.00000000,86088.01000000,37.73486000,1791151439999999,3249503.27313450,7265,18.43006000,1586735.52704490,0
1791151440000000,86088.00000000,86204.01000000,86070.00000000,86200.00000000,18.54179000,1791151499999999,1597439.22642770,4690,11.72952000,1010402.13510090,0
1791151500000000,86200.01000000,86200.01000000,86056.00000000,86166.01000000,31.75294000,1791151559999999,2734661.51069040,6923,16.15869000,1391635.33692410,0
1791151560000000,86166.01000000,86308.14000000,86166.00000000,86247.95000000,43.64944000,1791151619999999,3764828.37123400,10830,28.14790000,2427405.13239880,0
1791151620000000,86247.95000000,86248.01000000,86188.00000000,86188.00000000,6.16957000,1791151679999999,531902.42221830,3398,2.21877000,191287.78808350,0
1791151680000000,86188.00000000,86213.91000000,86126.01000000,86213.91000000,17.20631000,1791151739999999,1482351.25312780,3752,8.06212000,694630.25093010,0
1791151740000000,86213.90000000,86269.14000000,86213.90000000,86238.52000000,14.48961000,1791151799999999,1249595.44956470,2615,10.75674000,927614.36346730,0
1791151800000000,86238.52000000,86246.01000000,86206.06000000,86210.01000000,19.74976000,1791151859999999,1703118.23536910,2813,11.14657000,961218.04999260,0
1791151860000000,86210.00000000,86260.00000000,86185.69000000,86251.76000000,9.99713000,1791151919999999,862047.93744590,3387,7.54209000,650339.69446270,0
1791151920000000,86251.75000000,86258.01000000,86234.00000000,86248.01000000,5.27040000,1791151979999999,454550.90038970,2001,3.04487000,262601.02104420,0
1791151980000000,86248.00000000,86335.87000000,86248.00000000,86316.12000000,19.42324000,1791152039999999,1676117.55197980,3260,14.99976000,1294308.27349150,0
1791152040000000,86316.12000000,86335.87000000,86282.00000000,86324.71000000,15.76141000,1791152099999999,1360451.54803540,4063,9.99251000,862483.57279430,0
1791152100000000,86324.71000000,86349.49000000,86300.05000000,86349.49000000,10.86558000,1791152159999999,937985.95583010,2343,6.19652000,534953.76051600,0
1791152160000000,86349.49000000,86649.00000000,86349.49000000,86579.58000000,133.72440000,1791152219999999,11567934.03345120,17001,99.46354000,8601983.17131180,0
1791152220000000,86579.58000000,86638.80000000,86515.30000000,86588.19000000,33.17141000,1791152279999999,2871734.66600030,8762,16.26229000,1407911.76529670,0
1791152280000000,86588.19000000,86656.00000000,86559.42000000,86610.87000000,22.68929000,1791152339999999,1965412.01501690,7335,11.39989000,987449.97542690,0
1791152340000000,86610.87000000,86686.39000000,86598.32000000,86612.13000000,21.74980000,1791152399999999,1884593.52824040,6134,15.30835000,1326488.34902430,0
1791152400000000,86612.13000000,86672.01000000,86596.30000000,86608.00000000,21.13326000,1791152459999999,1831166.96885180,7142,7.21593000,625194.40730140,0
1791152460000000,86608.00000000,86621.50000000,86494.00000000,86576.61000000,14.50331000,1791152519999999,1255347.94050260,6171,3.48215000,301368.38011810,0
1791152520000000,86576.61000000,86576.62000000,86520.00000000,86560.01000000,9.71922000,1791152579999999,841101.65793020,3868,5.25622000,454875.35069360,0
1791152580000000,86560.00000000,86560.00000000,86470.00000000,86493.67000000,7.92134000,1791152639999999,685200.98574820,4203,1.91827000,165905.97895780,0
1791152640000000,86493.67000000,86524.01000000,86484.00000000,86484.00000000,13.11574000,1791152699999999,1134493.40278880,3399,2.14593000,185637.13540020,0
1791152700000000,86484.00000000,86510.01000000,86460.01000000,86498.13000000,9.62251000,1791152759999999,832149.16116570,4459,3.47797000,300771.19314580,0
1791152760000000,86498.29000000,86506.76000000,86419.97000000,86466.01000000,40.12361000,1791152819999999,3468274.36466950,4843,16.52885000,1428537.05508530,0
1791152820000000,86466.00000000,86480.01000000,86386.00000000,86386.00000000,106.69637000,1791152879999999,9222126.71165540,3370,16.58700000,1433647.70262620,0
1791152880000000,86386.00000000,86386.00000000,86299.18000000,86316.39000000,30.95138000,1791152939999999,2672294.47747440,4799,4.45355000,384426.41566710,0
1791152940000000,86316.38000000,86316.39000000,86239.03000000,86244.82000000,11.57413000,1791152999999999,998627.28494120,4442,2.12235000,183099.58222760,0
1791153000000000,86244.83000000,86288.61000000,86235.99000000,86288.61000000,14.06166000,1791153059999999,1212876.04641900,4492,9.38502000,809487.90868540,0
1791153060000000,86288.61000000,86317.85000000,86260.73000000,86276.01000000,10.80975000,1791153119999999,932722.85452160,4501,4.97912000,429632.02919670,0
1791153120000000,86276.01000000,86382.00000000,86266.00000000,86350.82000000,11.29467000,1791153179999999,975158.29651230,4230,7.11072000,613825.16924580,0
1791153180000000,86350.81000000,86420.01000000,86328.00000000,86370.00000000,19.25478000,1791153239999999,1663138.50674740,4170,9.57188000,826852.27541030,0
1791153240000000,86370.00000000,86420.01000000,86359.66000000,86394.88000000,12.31098000,1791153299999999,1063706.32271960,2907,4.05359000,350217.63622220,0
1791153300000000,86394.87000000,86461.46000000,86390.51000000,86410.00000000,12.41506000,1791153359999999,1072980.84196480,4287,7.26045000,627488.49359850,0
1791153360000000,86410.01000000,86473.49000000,86410.01000000,86466.53000000,17.03531000,1791153419999999,1472748.52237620,3613,5.63005000,486727.90730190,0
1791153420000000,86466.54000000,86474.00000000,86420.00000000,86424.01000000,12.48652000,1791153479999999,1079320.90552230,2608,7.79409000,673660.53543800,0
1791153480000000,86424.01000000,86468.01000000,86373.40000000,86373.40000000,15.45214000,1791153539999999,1335386.31983990,4496,2.69429000,232866.35352110,0
1791153540000000,86373.40000000,86388.01000000,86322.28000000,86322.29000000,5.03296000,1791153599999999,434665.18450570,2721,1.04655000,90397.39586030,0
1791153600000000,86322.29000000,86372.00000000,86308.00000000,86350.00000000,8.66151000,1791153659999999,747784.86170800,2133,3.41006000,294398.85191760,0
1791153660000000,86350.01000000,86428.01000000,86350.01000000,86428.01000000,5.75450000,1791153719999999,497131.26001200,1355,5.07469000,438412.07473920,0
1791153720000000,86428.01000000,86475.00000000,86428.01000000,86471.37000000,9.07132000,1791153779999999,784216.36238090,1876,3.30206000,285474.80377780,0
1791153780000000,86471.37000000,86471.38000000,86408.61000000,86408.61000000,11.02446000,1791153839999999,953013.28814420,2509,0.69898000,60416.74564730,0
1791153840000000,86408.61000000,86408.62000000,86376.00000000,86376.00000000,12.04775000,1791153899999999,1040870.78052800,2273,2.17119000,187573.16224420,0
1791153900000000,86376.00000000,86378.51000000,86354.01000000,86364.70000000,7.36223000,1791153959999999,635868.35921710,2312,1.71387000,148024.10566180,0
1791153960000000,86364.70000000,86370.00000000,86350.06000000,86350.06000000,4.87716000,1791154019999999,421211.46748540,1438,1.10817000,95707.09604870,0
1791154020000000,86350.06000000,86358.01000000,86319.37000000,86358.01000000,10.05287000,1791154079999999,867941.73417910,2281,2.86214000,247096.88417690,0
1791154080000000,86358.00000000,86358.01000000,86345.27000000,86345.28000000,11.17715000,1791154139999999,965175.73433770,1088,0.43970000,37969.91864330,0
1791154140000000,86345.27000000,86345.28000000,86317.51000000,86317.52000000,5.91461000,1791154199999999,510587.64215620,1161,1.52830000,131926.73259530,0
1791154200000000,86317.52000000,86317.52000000,86292.17000000,86292.17000000,7.24877000,1791154259999999,625600.44749170,1673,0.27320000,23576.99571660,0
1791154260000000,86292.18000000,86334.01000000,86290.06000000,86334.01000000,12.71154000,1791154319999999,1096950.48295930,1715,9.84467000,849546.04081840,0
1791154320000000,86334.01000000,86379.46000000,86334.01000000,86379.46000000,12.10343000,1791154379999999,1045125.80251560,2321,3.41743000,295131.88122640,0
1791154380000000,86379.45000000,86442.01000000,86378.06000000,86442.01000000,5.58570000,1791154439999999,482652.27167790,1772,4.77492000,412607.71238940,0
1791154440000000,86442.00000000,86442.01000000,86410.35000000,86424.12000000,6.02968000,1791154499999999,521079.62262860,1490,2.61532000,226005.15618290,0
1791154500000000,86424.12000000,86432.00000000,86420.00000000,86426.00000000,3.63370000,1791154559999999,314049.03650530,1160,1.49649000,129337.49768230,0
1791154560000000,86426.00000000,86451.07000000,86426.00000000,86440.01000000,10.67164000,1791154619999999,922560.94352970,2316,1.15154000,99542.73148380,0
1791154620000000,86440.00000000,86440.00000000,86402.00000000,86402.00000000,2.97786000,1791154679999999,257344.23225400,1440,0.14233000,12300.37421950,0
1791154680000000,86402.00000000,86408.77000000,86393.47000000,86406.99000000,5.37250000,1791154739999999,464206.06613540,1154,1.47262000,127240.55066440,0
1791154740000000,86406.99000000,86428.01000000,86406.99000000,86428.01000000,3.58250000,1791154799999999,309593.52457470,849,2.20162000,190257.72928010,0
1791154800000000,86428.01000000,86480.00000000,86420.00000000,86450.01000000,10.27838000,1791154859999999,888704.12058190,3703,4.39640000,380105.78487350,0
1791154860000000,86450.01000000,86460.98000000,86424.15000000,86424.15000000,20.32188000,1791154919999999,1756782.20812980,3580,4.23986000,366513.01958360,0
1791154920000000,86424.16000000,86447.99000000,86396.10000000,86396.10000000,19.23962000,1791154979999999,1662817.33820810,2909,4.34114000,375205.49765640,0
1791154980000000,86396.10000000,86425.99000000,86396.00000000,86425.99000000,8.75348000,1791155039999999,756319.32140490,2107,6.84251000,591192.97140270,0
1791155040000000,86425.98000000,86478.01000000,86425.98000000,86478.01000000,10.30142000,1791155099999999,890573.20789200,1661,8.57245000,741089.21029220,0
1791155100000000,86478.00000000,86500.00000000,86454.53000000,86490.01000000,6.02151000,1791155159999999,520749.15734460,2819,2.97068000,256904.82299530,0
1791155160000000,86490.00000000,86500.00000000,86490.00000000,86496.01000000,6.10440000,1791155219999999,528006.60495970,656,4.40373000,380902.30277410,0
1791155220000000,86496.01000000,86496.01000000,86454.00000000,86454.00000000,4.83300000,1791155279999999,417916.37799850,1129,2.89692000,250492.55098920,0
1791155280000000,86454.00000000,86517.02000000,86454.00000000,86517.02000000,15.62157000,1791155339999999,1351185.97638320,1948,15.20345000,1315029.75046330,0
1791155340000000,86517.01000000,86517.02000000,86477.98000000,86477.98000000,22.57879000,1791155399999999,1952985.14477210,907,3.15347000,272799.26942260,0
1791155400000000,86477.99000000,86560.00000000,86477.99000000,86546.05000000,11.85539000,1791155459999999,1025764.29303490,3547,7.55915000,654006.02865810,0
1791155460000000,86546.04000000,86555.81000000,86500.00000000,86555.81000000,8.96907000,1791155519999999,776029.18355620,3015,6.67562000,577585.99315240,0
1791155520000000,86555.81000000,86597.99000000,86550.19000000,86592.00000000,28.35410000,1791155579999999,2454772.98588240,3998,13.90404000,1203697.20645340,0
1791155580000000,86592.00000000,86630.00000000,86568.01000000,86612.71000000,9.51576000,1791155639999999,824067.58015310,4505,5.65271000,489535.78546720,0
1791155640000000,86612.71000000,86612.72000000,86558.00000000,86582.01000000,8.05124000,1791155699999999,697137.35944410,1940,4.46024000,386209.07583670,0
1791155700000000,86582.00000000,86601.94000000,86579.22000000,86586.01000000,10.71589000,1791155759999999,927879.54891540,1862,7.03743000,609367.69463480,0
1791155760000000,86586.00000000,86598.01000000,86572.00000000,86598.00000000,6.94927000,1791155819999999,601642.27868710,1376,3.09483000,267940.00417460,0
1791155820000000,86598.00000000,86668.00000000,86598.00000000,86624.01000000,21.53858000,1791155879999999,1866206.71825890,4717,5.90906000,511966.67097850,0
1791155880000000,86624.00000000,86636.00000000,86522.01000000,86522.01000000,9.19850000,1791155939999999,796503.39463790,3737,1.54671000,133917.08317600,0
1791155940000000,86522.01000000,86596.01000000,86522.01000000,86596.01000000,9.01705000,1791155999999999,780535.48855910,4873,6.97968000,604176.32890650,0
1791156000000000,86596.01000000,86664.01000000,86591.24000000,86644.01000000,21.53073000,1791156059999999,1865285.35782140,5742,7.93650000,687564.28152200,0
1791156060000000,86644.00000000,86668.00000000,86604.00000000,86629.94000000,16.12708000,1791156119999999,1397096.79460680,3436,11.13298000,964426.50166870,0
1791156120000000,86629.94000000,86629.94000000,86591.29000000,86591.29000000,11.71059000,1791156179999999,1014266.27311830,3409,6.43141000,557005.26452850,0
1791156180000000,86591.29000000,86630.49000000,86583.09000000,86610.18000000,27.23717000,1791156239999999,2359086.10627750,3409,16.34731000,1415840.83676030,0
1791156240000000,86610.18000000,86635.00000000,86592.00000000,86603.30000000,14.44914000,1791156299999999,1251540.25440440,3845,7.43422000,643885.71141930,0
1791156300000000,86603.31000000,86626.01000000,86603.31000000,86626.01000000,9.49212000,1791156359999999,822155.75193610,1337,2.88790000,250136.23594220,0
1791156360000000,86626.01000000,86666.01000000,86622.00000000,86666.01000000,13.83047000,1791156419999999,1198274.08576510,2064,6.49801000,563028.40069110,0
1791156420000000,86666.01000000,86800.00000000,86640.00000000,86734.00000000,83.54652000,1791156479999999,7246192.06378600,8319,52.34087000,4539234.18865550,0
1791156480000000,86734.01000000,86794.44000000,86718.00000000,86718.01000000,18.89576000,1791156539999999,1639567.31988730,5390,11.72598000,1017437.08428260,0
1791156540000000,86718.00000000,86720.11000000,86682.16000000,86688.01000000,11.40170000,1791156599999999,988602.26896880,3104,5.12501000,444366.19111310,0
1791156600000000,86688.00000000,86699.67000000,86649.18000000,86699.67000000,8.50261000,1791156659999999,736933.15765340,2590,4.33126000,375407.13354280,0
1791156660000000,86699.67000000,86714.01000000,86644.01000000,86644.01000000,7.44846000,1791156719999999,645755.64373800,3794,1.63985000,142179.34951920,0
1791156720000000,86644.00000000,86644.00000000,86594.99000000,86614.01000000,6.94842000,1791156779999999,601865.89656000,3324,1.99998000,173219.41458080,0
1791156780000000,86614.01000000,86657.51000000,86612.00000000,86612.01000000,7.00372000,1791156839999999,606799.97358500,1993,3.54470000,307094.48914120,0
1791156840000000,86612.00000000,86612.01000000,86556.02000000,86556.03000000,5.76044000,1791156899999999,498733.76131060,1994,0.41183000,35655.28650350,0
1791156900000000,86556.02000000,86556.02000000,86515.00000000,86521.33000000,6.07636000,1791156959999999,525780.40830110,1846,2.46741000,213491.68092600,0
1791156960000000,86521.32000000,86531.37000000,86445.38000000,86482.01000000,27.40246000,1791157019999999,2369854.11110960,6239,13.57039000,1173446.47300620,0
1791157020000000,86482.02000000,86511.73000000,86478.00000000,86506.01000000,7.69465000,1791157079999999,665596.94692330,1798,3.23178000,279528.21553430,0
1791157080000000,86506.00000000,86506.00000000,86432.00000000,86441.14000000,13.48062000,1791157139999999,1165596.91084790,3940,4.80023000,415037.40568030,0
1791157140000000,86441.14000000,86465.59000000,86441.14000000,86462.00000000,9.07362000,1791157199999999,784420.22689030,2671,5.25656000,454432.45667460,0
1791157200000000,86462.01000000,86511.47000000,86462.01000000,86504.01000000,7.09885000,1791157259999999,614043.39914750,2383,3.24709000,280838.97131310,0
1791157260000000,86504.00000000,86504.00000000,86456.00000000,86456.00000000,19.39970000,1791157319999999,1677804.75759990,2956,13.12900000,1135494.93035990,0
1791157320000000,86456.01000000,86464.00000000,86428.00000000,86463.99000000,21.72983000,1791157379999999,1878426.45185910,1828,10.05322000,869041.89997790,0
1791157380000000,86464.00000000,86482.01000000,86448.09000000,86482.00000000,8.69351000,1791157439999999,751763.86563430,2727,4.22749000,365559.31820900,0
1791157440000000,86482.00000000,86523.18000000,86482.00000000,86523.17000000,6.46435000,1791157499999999,559169.53145330,1460,6.22661000,538604.26623230,0
1791157500000000,86523.18000000,86523.18000000,86459.64000000,86480.00000000,12.24423000,1791157559999999,1058852.03396130,1703,2.18151000,188639.47515920,0
1791157560000000,86479.99000000,86508.71000000,86479.99000000,86508.71000000,25.42309000,1791157619999999,2199045.40516390,1739,23.37729000,2022084.69585940,0
1791157620000000,86508.70000000,86530.40000000,86508.70000000,86530.00000000,8.83493000,1791157679999999,764442.88149010,1201,7.64096000,661131.48207540,0
1791157680000000,86530.00000000,86530.01000000,86516.00000000,86516.00000000,1.53295000,1791157739999999,132641.87365100,773,0.47228000,40865.08673130,0
1791157740000000,86516.00000000,86528.01000000,86508.00000000,86528.01000000,2.10314000,1791157799999999,181950.93833570,937,1.45863000,126194.30900280,0
1791157800000000,86528.01000000,86543.19000000,86516.00000000,86539.51000000,7.95090000,1791157859999999,687985.37950520,2246,5.14105000,444841.44005570,0
1791157860000000,86539.51000000,86558.84000000,86510.14000000,86510.14000000,5.89035000,1791157919999999,509786.45026650,1449,1.93586000,167546.35914170,0
1791157920000000,86510.14000000,86518.01000000,86482.00000000,86482.00000000,9.54750000,1791157979999999,825883.28748910,2915,2.69720000,233322.10401360,0
1791157980000000,86482.00000000,86482.01000000,86440.00000000,86440.00000000,9.70352000,1791158039999999,838957.73588500,1739,2.93674000,253891.32293500,0
1791158040000000,86440.00000000,86478.01000000,86420.00000000,86478.01000000,11.47572000,1791158099999999,992020.63699170,3721,9.46050000,817836.99135360,0
1791158100000000,86478.01000000,86498.18000000,86466.00000000,86468.01000000,9.00840000,1791158159999999,779115.75035900,2562,5.95686000,515199.85627660,0
1791158160000000,86468.01000000,86509.71000000,86468.01000000,86503.56000000,5.87533000,1791158219999999,508165.74273200,2046,4.80443000,415527.08087580,0
1791158220000000,86503.57000000,86503.57000000,86480.00000000,86484.35000000,2.25165000,1791158279999999,194737.02771350,851,1.26833000,109687.23382530,0
1791158280000000,86484.35000000,86515.68000000,86468.00000000,86512.00000000,37.30211000,1791158339999999,3226457.63697690,2242,31.40544000,2716373.78053000,0
1791158340000000,86512.00000000,86538.01000000,86508.00000000,86530.00000000,27.62639000,1791158399999999,2390173.42804250,2303,24.83900000,2148976.07663300,0
