1790899200000000,84880.05000000,84880.05000000,84816.01000000,84816.07000000,7.81325000,1790899259999999,662935.52673610,1544,1.09561000,92964.59567990,0
1790899260000000,84816.07000000,84836.47000000,84808.76000000,84831.19000000,10.09338000,1790899319999999,856157.08248530,1980,8.09032000,686255.37875490,0
1790899320000000,84831.19000000,84831.19000000,84810.54000000,84810.54000000,6.90318000,1790899379999999,585524.54656040,1391,4.35497000,369372.27527060,0
1790899380000000,84810.55000000,84810.55000000,84792.70000000,84792.70000000,7.93918000,1790899439999999,673256.88463770,824,0.59535000,50490.63922370,0
1790899440000000,84792.70000000,84792.71000000,84772.21000000,84772.22000000,7.31465000,1790899499999999,620140.73469120,1064,0.38868000,32952.26762860,0
1790899500000000,84772.21000000,84816.01000000,84772.21000000,84816.00000000,5.43376000,1790899559999999,460709.20324570,2167,4.65532000,394704.20296150,0
1790899560000000,84816.01000000,84818.01000000,84816.00000000,84816.00000000,1.31164000,1790899619999999,111248.82298320,512,0.74999000,63611.28382270,0
1790899620000000,84816.01000000,84838.89000000,84809.36000000,84809.36000000,7.87376000,1790899679999999,667888.06600520,2048,2.33527000,198080.89400760,0
1790899680000000,84809.36000000,84809.37000000,84780.00000000,84780.00000000,5.61060000,1790899739999999,475773.26346030,959,0.97622000,82786.48654820,0
1790899740000000,84780.01000000,84796.01000000,84780.00000000,84794.35000000,2.37897000,1790899799999999,201707.74784170,945,2.03757000,172759.33244710,0
1790899800000000,84794.35000000,84836.68000000,84794.35000000,84836.68000000,3.26860000,1790899859999999,277254.86435150,1170,3.04010000,257871.40551930,0
1790899860000000,84836.67000000,84843.56000000,84824.16000000,84824.16000000,4.41807000,1790899919999999,374807.73312340,1850,0.86217000,73140.39796610,0
1790899920000000,84824.16000000,84833.85000000,84816.00000000,84833.85000000,3.26239000,1790899979999999,276721.10460860,1083,1.53772000,130430.65877840,0
1790899980000000,84833.85000000,84917.24000000,84833.84000000,84903.00000000,209.82182000,1790900039999999,17812686.99250210,4590,101.18349000,8589398.67827460,0
1790900040000000,84903.01000000,84920.01000000,84888.52000000,84888.53000000,129.85319000,1790900099999999,11025635.25654370,2461,47.71788000,4051613.30608780,0
1790900100000000,84888.52000000,84936.81000000,84860.71000000,84936.80000000,10.10809000,1790900159999999,858085.11206440,3311,8.47287000,719282.13179380,0
1790900160000000,84936.81000000,84958.48000000,84834.48000000,84850.01000000,18.65369000,1790900219999999,1583865.50377800,3579,10.37642000,881095.11116540,0
1790900220000000,84850.01000000,84913.90000000,84850.01000000,84902.01000000,6.98124000,1790900279999999,592643.50611220,2381,4.41725000,374939.74867960,0
1790900280000000,84902.01000000,84938.81000000,84898.00000000,84936.01000000,36.43395000,1790900339999999,3094221.25420580,1721,34.49719000,2929744.15962050,0
1790900340000000,84936.01000000,84940.00000000,84936.01000000,84939.98000000,3.74456000,1790900399999999,318061.06939970,511,2.54363000,216054.11213790,0
1790900400000000,84939.98000000,84939.99000000,84918.00000000,84918.01000000,2.78795000,1790900459999999,236787.65869320,717,0.32600000,27685.95676760,0
1790900460000000,84918.00000000,84926.01000000,84864.53000000,84869.01000000,83.81523000,1790900519999999,7115142.84158990,5146,18.76855000,1592974.83142960,0
1790900520000000,84869.00000000,84869.01000000,84847.43000000,84847.44000000,5.19679000,1790900579999999,440993.93004680,1130,1.80360000,153052.32971720,0
1790900580000000,84847.44000000,84898.00000000,84847.43000000,84898.00000000,7.38336000,1790900639999999,626622.21747840,1874,6.92784000,587957.32267530,0
1790900640000000,84898.00000000,84898.00000000,84892.00000000,84892.00000000,2.26288000,1790900699999999,192109.91081570,398,1.13399000,96271.41185770,0
1790900700000000,84892.01000000,84892.01000000,84845.83000000,84856.00000000,8.11256000,1790900759999999,688465.69059830,2041,2.78089000,235968.15580960,0
1790900760000000,84856.00000000,84863.87000000,84820.34000000,84834.00000000,7.13930000,1790900819999999,605705.31234620,3183,2.02285000,171614.88689070,0
1790900820000000,84834.01000000,84840.41000000,84804.00000000,84821.21000000,6.04879000,1790900879999999,513049.29542060,2609,2.14007000,181513.65988350,0
1790900880000000,84821.21000000,84840.41000000,84821.21000000,84821.98000000,6.17985000,1790900939999999,524242.37912890,1520,2.62008000,222261.51647000,0
1790900940000000,84821.99000000,84821.99000000,84802.02000000,84802.02000000,4.75789000,1790900999999999,403502.93790430,930,0.62990000,53417.51455180,0
1790901000000000,84802.02000000,84802.03000000,84730.29000000,84730.29000000,17.34204000,1790901059999999,1470059.39177200,3481,9.70720000,822841.37924340,0
1790901060000000,84730.29000000,84769.64000000,84730.29000000,84748.72000000,5.83387000,1790901119999999,494421.00065310,1906,3.32357000,281660.75755910,0
1790901120000000,84748.73000000,84775.86000000,84748.72000000,84762.01000000,4.46257000,1790901179999999,378262.73187770,1923,1.79534000,152172.01786030,0
1790901180000000,84762.01000000,84765.36000000,84753.11000000,84753.14000000,2.75760000,1790901239999999,233732.96220100,1269,0.76155000,64547.11770240,0
1790901240000000,84753.15000000,84756.01000000,84730.00000000,84756.00000000,10.99717000,1790901299999999,931839.70186970,2743,8.01171000,678850.87730180,0
1790901300000000,84756.01000000,84764.01000000,84754.02000000,84764.00000000,1.30492000,1790901359999999,110601.06852400,561,0.89042000,75468.96425020,0
1790901360000000,84764.00000000,84786.01000000,84764.00000000,84773.83000000,5.22825000,1790901419999999,443227.62834050,2079,2.10638000,178564.79401420,0
1790901420000000,84773.83000000,84773.83000000,84730.00000000,84730.00000000,3.34717000,1790901479999999,283670.43471500,1107,0.73745000,62497.46991770,0
1790901480000000,84730.01000000,84730.01000000,84705.04000000,84709.51000000,11.63506000,1790901539999999,985673.95861080,1258,3.18066000,269430.25668950,0
1790901540000000,84709.50000000,84752.35000000,84709.50000000,84752.35000000,4.05535000,1790901599999999,343621.05323580,1568,2.27811000,193018.77813660,0
1790901600000000,84752.34000000,84870.01000000,84750.00000000,84848.00000000,15.71842000,1790901659999999,1333417.71524330,4790,6.23320000,528560.51556130,0
1790901660000000,84848.01000000,84890.01000000,84841.65000000,84846.55000000,13.57148000,1790901719999999,1151775.98779340,3776,5.54606000,470652.79688630,0
1790901720000000,84846.55000000,84862.01000000,84838.19000000,84841.08000000,11.71548000,1790901779999999,994052.83206350,2258,4.36324000,370198.00204420,0
1790901780000000,84841.08000000,84867.84000000,84841.08000000,84867.84000000,2.03229000,1790901839999999,172456.17375720,1181,1.58069000,134131.66586150,0
1790901840000000,84867.83000000,84867.84000000,84824.15000000,84824.15000000,12.41195000,1790901899999999,1053154.20271220,2107,4.42432000,375376.58331610,0
1790901900000000,84824.15000000,84824.16000000,84747.94000000,84747.94000000,7.05811000,1790901959999999,598467.69154780,2121,2.60387000,220784.20679240,0
1790901960000000,84747.94000000,84768.01000000,84723.52000000,84768.01000000,5.62997000,1790902019999999,477071.30301360,2012,4.27051000,361867.71242190,0
1790902020000000,84768.00000000,84787.53000000,84762.57000000,84776.01000000,4.89775000,1790902079999999,415199.23725650,1363,2.98731000,253244.83146190,0
1790902080000000,84776.01000000,84792.70000000,84776.00000000,84792.69000000,2.65867000,1790902139999999,225412.89335690,526,0.82573000,70008.87291680,0
1790902140000000,84792.70000000,84792.70000000,84782.15000000,84782.16000000,2.16202000,1790902199999999,183310.15367290,731,0.19961000,16923.73396740,0
1790902200000000,84782.16000000,84782.16000000,84782.15000000,84782.15000000,1.01524000,1790902259999999,86074.23704450,368,0.70802000,60027.46492150,0
1790902260000000,84782.15000000,84790.01000000,84782.14000000,84782.16000000,1.54136000,1790902319999999,130683.38567670,652,0.47620000,40374.30385000,0
1790902320000000,84782.16000000,84786.19000000,84769.76000000,84769.76000000,2.15000000,1790902379999999,182279.58967330,847,0.81151000,68801.27729850,0
1790902380000000,84769.77000000,84789.77000000,84769.76000000,84789.76000000,2.01757000,1790902439999999,171043.09779460,1189,1.81964000,154263.32034370,0
1790902440000000,84789.77000000,84796.01000000,84789.76000000,84796.00000000,3.36356000,1790902499999999,285212.84698360,518,2.68690000,227836.05138020,0
1790902500000000,84796.01000000,84806.01000000,84769.40000000,84769.40000000,4.75077000,1790902559999999,402824.33876970,1689,2.01270000,170668.45347390,0
1790902560000000,84769.41000000,84769.41000000,84742.00000000,84742.00000000,5.20237000,1790902619999999,440919.04421770,1168,1.36430000,115621.64849970,0
1790902620000000,84742.01000000,84810.85000000,84742.00000000,84810.85000000,4.97987000,1790902679999999,422165.97477390,1773,4.81768000,408418.94588410,0
1790902680000000,84810.84000000,84810.85000000,84802.00000000,84802.00000000,2.79569000,1790902739999999,237082.96769110,535,0.19961000,16927.42309690,0
1790902740000000,84802.01000000,84802.01000000,84772.50000000,84784.89000000,5.84350000,1790902799999999,495444.98233530,1729,1.63653000,138750.83282530,0
1790902800000000,84784.89000000,84792.70000000,84750.55000000,84750.56000000,3.10050000,1790902859999999,262842.39554970,2306,0.60054000,50909.30769300,0
1790902860000000,84750.56000000,84764.01000000,84744.00000000,84756.82000000,3.17892000,1790902919999999,269412.06966560,1114,1.51547000,128436.80292100,0
1790902920000000,84756.81000000,84756.82000000,84750.56000000,84750.57000000,2.52553000,1790902979999999,214042.89702710,648,0.28204000,23903.69304150,0
1790902980000000,84750.56000000,84750.56000000,84740.98000000,84740.98000000,3.96211000,1790903039999999,335764.66904280,827,0.54322000,46033.19524140,0
1790903040000000,84740.98000000,84740.99000000,84733.36000000,84733.36000000,6.62637000,1790903099999999,561517.89820750,629,0.30841000,26134.64121670,0
1790903100000000,84732.21000000,84741.70000000,84727.95000000,84741.70000000,3.28969000,1790903159999999,278745.13707450,1025,1.49451000,126635.65903460,0
1790903160000000,84741.70000000,84741.70000000,84708.52000000,84709.88000000,2.51954000,1790903219999999,213464.67259040,2142,0.71730000,60765.27587080,0
1790903220000000,84709.88000000,84710.01000000,84709.00000000,84709.00000000,1.61068000,1790903279999999,136440.27213390,418,0.24567000,20810.68220000,0
1790903280000000,84709.01000000,84737.22000000,84709.00000000,84720.09000000,4.30275000,1790903339999999,364545.20369280,2068,3.14427000,266391.49799230,0
1790903340000000,84720.09000000,84720.09000000,84703.00000000,84703.00000000,5.44402000,1790903399999999,461171.32997120,731,2.31561000,196141.13991610,0
1790903400000000,84703.00000000,84703.01000000,84692.23000000,84693.67000000,2.98851000,1790903459999999,253122.20567470,949,0.37466000,31731.73730730,0
1790903460000000,84693.67000000,84693.67000000,84680.06000000,84687.39000000,4.53618000,1790903519999999,384147.35366270,897,1.18046000,99966.14325500,0
1790903520000000,84687.40000000,84693.67000000,84684.65000000,84684.65000000,10.44852000,1790903579999999,884915.89762760,783,0.93373000,79078.37187100,0
1790903580000000,84684.66000000,84684.66000000,84670.01000000,84670.02000000,1.67323000,1790903639999999,141681.63313770,627,0.29202000,24725.41209210,0
1790903640000000,84670.01000000,84670.02000000,84667.64000000,84667.64000000,1.30821000,1790903699999999,110765.72952060,348,0.37134000,31441.14373510,0
1790903700000000,84667.65000000,84667.65000000,84655.96000000,84655.97000000,2.24028000,1790903759999999,189666.25145860,709,0.33974000,28761.58659420,0
1790903760000000,84655.97000000,84683.58000000,84655.95000000,84683.58000000,2.62449000,1790903819999999,222205.46741820,1010,2.07511000,175686.25595100,0
1790903820000000,84683.57000000,84700.01000000,84676.00000000,84676.01000000,3.79164000,1790903879999999,321116.48770440,1500,2.32588000,196980.49619330,0
1790903880000000,84676.00000000,84676.01000000,84665.26000000,84665.26000000,1.88658000,1790903939999999,159731.17871350,544,0.54737000,46343.78221220,0
1790903940000000,84665.26000000,84665.27000000,84634.00000000,84637.28000000,4.75591000,1790903999999999,402571.67004470,2133,0.86512000,73226.06792100,0
1790904000000000,84637.27000000,84637.27000000,84582.10000000,84582.11000000,13.04536000,1790904059999999,1103611.43316520,2929,4.72568000,399776.26058270,0
1790904060000000,84582.10000000,84582.11000000,84520.00000000,84546.10000000,23.04377000,1790904119999999,1948447.76551560,4223,3.68239000,311303.71671190,0
1790904120000000,84546.10000000,84578.01000000,84532.00000000,84578.01000000,8.31350000,1790904179999999,702884.25047190,2872,5.15106000,435526.24889420,0
1790904180000000,84578.01000000,84608.01000000,84578.00000000,84599.31000000,7.29622000,1790904239999999,617192.33665490,1514,4.18212000,353749.37686950,0
1790904240000000,84599.31000000,84640.01000000,84595.59000000,84640.00000000,3.28535000,1790904299999999,277979.57180530,1700,2.82064000,238663.55510620,0
1790904300000000,84640.00000000,84658.03000000,84620.01000000,84624.93000000,8.13595000,1790904359999999,688630.19734650,2841,3.14370000,266072.04051110,0
1790904360000000,84624.94000000,84624.94000000,84584.00000000,84606.01000000,14.65379000,1790904419999999,1239906.41878440,2651,2.40721000,203644.31255000,0
1790904420000000,84606.01000000,84620.01000000,84591.41000000,84591.42000000,3.91514000,1790904479999999,331244.42273320,1726,1.41484000,119709.41388910,0
1790904480000000,84591.41000000,84594.01000000,84588.00000000,84588.01000000,2.77682000,1790904539999999,234894.79754320,1236,0.58260000,49282.52823700,0
1790904540000000,84588.01000000,84614.01000000,84588.00000000,84614.01000000,2.84718000,1790904599999999,240876.27881030,1204,1.54710000,130883.70726310,0
1790904600000000,84614.00000000,84624.01000000,84606.00000000,84606.00000000,3.49995000,1790904659999999,296146.69356420,1626,1.47527000,124831.28854680,0
1790904660000000,84606.01000000,84610.00000000,84592.00000000,84610.00000000,3.40387000,1790904719999999,287974.19818620,1822,1.79356000,151738.38152680,0
1790904720000000,84609.99000000,84620.75000000,84605.63000000,84605.64000000,6.35281000,1790904779999999,537544.08066590,1356,4.43751000,375483.77889430,0
1790904780000000,84605.64000000,84628.01000000,84605.63000000,84628.01000000,2.51885000,1790904839999999,213141.15919280,920,2.42641000,205319.09970250,0
1790904840000000,84628.00000000,84650.00000000,84600.00000000,84600.01000000,4.02581000,1790904899999999,340698.91012690,2171,1.45556000,123192.60358400,0
1790904900000000,84600.01000000,84610.01000000,84588.00000000,84608.01000000,2.33895000,1790904959999999,197866.72524540,1086,1.27751000,108068.30453690,0
1790904960000000,84608.01000000,84620.00000000,84589.37000000,84611.02000000,10.37390000,1790905019999999,877670.52776010,1543,2.70693000,229022.28423190,0
1790905020000000,84611.03000000,84650.00000000,84611.03000000,84625.44000000,3.47705000,1790905079999999,294279.77641060,1753,2.17704000,184247.83218010,0
1790905080000000,84625.44000000,84628.01000000,84625.44000000,84628.01000000,0.45958000,1790905139999999,38892.25054720,230,0.38611000,32674.79187360,0
1790905140000000,84628.01000000,84628.01000000,84611.02000000,84611.02000000,14.20899000,1790905199999999,1202457.02325770,780,0.22517000,19052.67353240,0
1790905200000000,84611.03000000,84611.03000000,84606.00000000,84608.00000000,1.03000000,1790905259999999,87146.65037770,401,0.35070000,29671.70233890,0
1790905260000000,84608.01000000,84608.01000000,84594.56000000,84594.57000000,2.07793000,1790905319999999,175797.32308980,930,0.26495000,22416.07872130,0
1790905320000000,84594.57000000,84606.01000000,84586.00000000,84586.00000000,2.15735000,1790905379999999,182502.14416020,1272,1.05994000,89668.35647930,0
1790905380000000,84586.00000000,84586.01000000,84584.02000000,84584.03000000,0.39513000,1790905439999999,33421.81793110,173,0.23340000,19741.91703720,0
1790905440000000,84584.03000000,84584.03000000,84578.00000000,84578.01000000,1.18070000,1790905499999999,99864.76125140,450,0.25605000,21656.34375990,0
1790905500000000,84578.01000000,84592.01000000,84577.14000000,84580.01000000,4.90771000,1790905559999999,415098.32911570,1029,1.80124000,152350.00631320,0
1790905560000000,84580.00000000,84625.44000000,84580.00000000,84625.44000000,7.85005000,1790905619999999,664100.13252930,1145,7.62646000,645182.54813010,0
1790905620000000,84625.43000000,84650.00000000,84625.43000000,84650.00000000,3.93194000,1790905679999999,332783.42715040,793,3.53806000,299448.83755340,0
1790905680000000,84650.00000000,84671.43000000,84649.99000000,84671.42000000,3.16389000,1790905739999999,267849.26482620,679,2.86064000,242174.01095020,0
1790905740000000,84671.42000000,84671.43000000,84666.72000000,84666.72000000,2.32478000,1790905799999999,196841.50693260,629,0.31110000,26341.06586100,0
1790905800000000,84666.73000000,84726.01000000,84661.33000000,84726.00000000,6.42325000,1790905859999999,543928.14788840,1519,3.66723000,310571.28412840,0
1790905860000000,84726.01000000,84868.08000000,84726.01000000,84864.00000000,9.15704000,1790905919999999,776502.52306990,3708,7.87794000,667994.26886370,0
1790905920000000,84864.00000000,84908.00000000,84856.00000000,84876.01000000,11.49250000,1790905979999999,975444.92950020,4518,5.83749000,495448.75530510,0
1790905980000000,84876.01000000,84986.39000000,84876.01000000,84956.00000000,49.95682000,1790906039999999,4243127.03503270,6038,44.48040000,3777847.04317470,0
1790906040000000,84956.00000000,84956.01000000,84850.00000000,84850.00000000,6.52706000,1790906099999999,554115.52081530,2759,1.03763000,88068.18589760,0
1790906100000000,84850.01000000,84915.99000000,84830.00000000,84915.99000000,7.64823000,1790906159999999,649035.64305510,2955,5.23810000,444541.36864660,0
1790906160000000,84915.99000000,84945.16000000,84912.00000000,84912.01000000,12.18710000,1790906219999999,1034966.60241130,2586,6.94979000,590168.00510560,0
1790906220000000,84912.00000000,84926.01000000,84912.00000000,84916.99000000,1.87252000,1790906279999999,159012.32581550,1110,1.12428000,95471.15828440,0
1790906280000000,84917.00000000,84917.00000000,84914.97000000,84916.99000000,16.15722000,1790906339999999,1372022.19722470,733,14.97748000,1271842.39704940,0
1790906340000000,84917.00000000,84917.00000000,84910.00000000,84910.00000000,11.48865000,1790906399999999,975579.68370190,521,9.65275000,819682.03331030,0
1790906400000000,84910.01000000,84910.01000000,84866.51000000,84902.01000000,8.69396000,1790906459999999,737964.56895630,1966,3.41286000,289691.72882990,0
1790906460000000,84902.00000000,84950.00000000,84902.00000000,84917.49000000,15.55000000,1790906519999999,1320750.57120110,2771,5.59856000,475460.23428630,0
1790906520000000,84917.50000000,84958.01000000,84917.49000000,84952.99000000,10.80162000,1790906579999999,917502.82175230,2866,2.57134000,218398.13335130,0
1790906580000000,84953.00000000,84967.61000000,84928.77000000,84928.77000000,25.21456000,1790906639999999,2142046.29416910,2247,23.16970000,1968334.37810170,0
1790906640000000,84928.78000000,85014.00000000,84928.77000000,85013.99000000,15.03339000,1790906699999999,1277650.55160380,3583,13.72993000,1166901.59883600,0
1790906700000000,85013.99000000,85045.45000000,84996.00000000,85023.07000000,15.95044000,1790906759999999,1356273.91634190,3555,11.13322000,946666.46691520,0
1790906760000000,85023.06000000,85032.01000000,85002.00000000,85010.01000000,9.72933000,1790906819999999,827099.03456500,1969,2.29316000,194940.48273440,0
1790906820000000,85010.00000000,85014.01000000,84984.31000000,84984.32000000,5.30061000,1790906879999999,450546.42603660,1874,2.94130000,250000.37945190,0
1790906880000000,84984.31000000,85076.01000000,84984.31000000,85076.00000000,8.33610000,1790906939999999,708943.28877100,2290,6.60679000,561861.87555730,0
1790906940000000,85076.00000000,85109.00000000,85067.35000000,85102.12000000,12.14759000,1790906999999999,1033720.29796890,2665,8.32824000,708718.25787940,0
1790907000000000,85102.11000000,85108.60000000,85094.35000000,85094.35000000,4.46996000,1790907059999999,380398.74303730,1254,1.39748000,118922.66312270,0
1790907060000000,85094.35000000,85094.36000000,85032.00000000,85032.00000000,7.86044000,1790907119999999,668733.93269750,2215,0.25982000,22103.55641580,0
1790907120000000,85032.01000000,85038.01000000,85018.00000000,85038.01000000,5.39064000,1790907179999999,458346.76411560,1578,3.07885000,261774.88847100,0
1790907180000000,85038.00000000,85082.00000000,85038.00000000,85082.00000000,12.45485000,1790907239999999,1059528.62473310,1880,9.79437000,833245.58242270,0
1790907240000000,85082.00000000,85099.74000000,85081.99000000,85086.02000000,33.68505000,1790907299999999,2866041.98956870,2313,30.75436000,2616662.98103410,0
1790907300000000,85086.02000000,85086.02000000,85052.44000000,85070.01000000,14.81641000,1790907359999999,1260285.39475820,1639,11.05966000,940687.01078440,0
1790907360000000,85070.00000000,85074.01000000,85023.80000000,85025.18000000,7.20266000,1790907419999999,612496.94480530,1906,2.71290000,230668.93713190,0
1790907420000000,85025.17000000,85042.80000000,85004.08000000,85004.08000000,46.39606000,1790907479999999,3944772.36282960,2801,5.16691000,439322.31001530,0
1790907480000000,85004.08000000,85004.08000000,84944.00000000,84944.00000000,17.07605000,1790907539999999,1451162.66522050,1929,2.20108000,186997.68790130,0
1790907540000000,84944.01000000,85013.63000000,84944.00000000,84995.24000000,10.54831000,1790907599999999,896251.72815980,2285,4.41097000,374800.11040750,0
1790907600000000,84995.24000000,84995.25000000,84942.66000000,84942.67000000,6.11813000,1790907659999999,519751.57305170,2078,0.47576000,40415.80917180,0
1790907660000000,84942.66000000,84942.67000000,84913.00000000,84913.00000000,3.82662000,1790907719999999,324990.76195330,945,0.76786000,65216.07619030,0
1790907720000000,84913.00000000,84913.01000000,84876.61000000,84876.62000000,26.13402000,1790907779999999,2219045.25349850,1236,0.15345000,13028.26843080,0
1790907780000000,84876.62000000,84957.10000000,84876.62000000,84957.09000000,8.91049000,1790907839999999,756550.55615240,2181,6.86000000,582435.92768930,0
1790907840000000,84957.10000000,84957.10000000,84876.77000000,84876.78000000,5.08403000,1790907899999999,431741.25768490,2388,0.66269000,56269.54874280,0
1790907900000000,84876.77000000,84918.01000000,84876.00000000,84912.00000000,5.90886000,1790907959999999,501624.54231890,1449,3.48497000,295865.99384460,0
1790907960000000,84912.00000000,84950.01000000,84911.15000000,84948.64000000,2.69889000,1790908019999999,229210.57644040,1323,2.07434000,176166.83481930,0
1790908020000000,84948.65000000,84950.01000000,84934.00000000,84934.01000000,3.28224000,1790908079999999,278803.49267020,1780,1.47868000,125599.48348270,0
1790908080000000,84934.00000000,84944.01000000,84926.42000000,84926.42000000,1.94520000,1790908139999999,165216.13000080,897,0.97980000,83218.34399600,0
1790908140000000,84926.42000000,84934.01000000,84926.42000000,84934.01000000,2.09031000,1790908199999999,177526.98890570,583,1.06039000,90056.86882190,0
1790908200000000,84934.00000000,84944.00000000,84908.01000000,84908.03000000,3.23000000,1790908259999999,274320.95660600,2068,1.65118000,140232.90903090,0
1790908260000000,84908.03000000,84914.01000000,84890.00000000,84898.01000000,3.89887000,1790908319999999,331017.26036780,1997,1.87694000,159349.40529960,0
1790908320000000,84898.00000000,84898.00000000,84868.00000000,84887.50000000,29.69080000,1790908379999999,2520036.77860480,1677,4.95195000,420284.01781090,0
1790908380000000,84887.51000000,84950.97000000,84887.51000000,84950.97000000,6.14143000,1790908439999999,521560.82904200,1384,4.29194000,364483.05239300,0
1790908440000000,84950.97000000,84966.00000000,84920.00000000,84920.00000000,6.43703000,1790908499999999,546798.39806650,2300,1.50995000,128265.98419440,0
1790908500000000,84920.01000000,84946.80000000,84916.00000000,84946.80000000,3.77037000,1790908559999999,320232.89371590,1318,3.23858000,275064.24188160,0
1790908560000000,84946.79000000,84952.01000000,84938.00000000,84952.01000000,2.31293000,1790908619999999,196469.91214550,1024,1.32568000,112608.24184370,0
1790908620000000,84952.01000000,84962.01000000,84934.65000000,84934.66000000,2.86812000,1790908679999999,243644.77354160,1231,0.75156000,63845.26536110,0
1790908680000000,84934.66000000,84934.66000000,84912.89000000,84912.90000000,1.71326000,1790908739999999,145496.74393580,1037,0.17819000,15132.34960390,0
1790908740000000,84912.90000000,84912.90000000,84902.04000000,84906.01000000,4.32271000,1790908799999999,367033.90755950,680,2.46279000,209112.31795930,0
1790908800000000,84906.00000000,84906.01000000,84888.00000000,84888.01000000,1.64178000,1790908859999999,139384.40979270,864,0.17654000,14987.57762860,0
1790908860000000,84888.01000000,84916.01000000,84888.00000000,84916.01000000,8.33767000,1790908919999999,707870.66091370,1374,7.84513000,666057.11888830,0
1790908920000000,84916.00000000,84929.25000000,84916.00000000,84929.25000000,2.06004000,1790908979999999,174947.02267160,691,1.22759000,104249.30444410,0
1790908980000000,84929.24000000,84979.13000000,84929.24000000,84979.13000000,3.70801000,1790909039999999,315007.79699230,1466,3.06279000,260193.94524590,0
1790909040000000,84979.13000000,84988.01000000,84979.12000000,84988.01000000,2.63634000,1790909099999999,224036.67029470,571,2.41217000,204986.40294430,0
1790909100000000,84988.01000000,85000.00000000,84988.00000000,84999.99000000,8.44732000,1790909159999999,718010.68042140,542,7.65473000,650641.32336500,0
1790909160000000,85000.00000000,85020.52000000,84999.99000000,85020.52000000,10.13569000,1790909219999999,861588.63581930,1403,7.11662000,604927.60460650,0
1790909220000000,85020.52000000,85054.00000000,85020.51000000,85054.00000000,7.73965000,1790909279999999,658191.15538350,1024,7.47303000,635517.79330120,0
1790909280000000,85054.00000000,85059.70000000,85054.00000000,85056.00000000,4.81203000,1790909339999999,409305.92373180,806,0.69664000,59255.19654760,0
1790909340000000,85056.01000000,85141.33000000,85056.00000000,85132.01000000,45.85115000,1790909399999999,3902190.38737360,3319,43.55729000,3706954.17092570,0
1790909400000000,85132.20000000,85151.00000000,85106.00000000,85108.60000000,29.77122000,1790909459999999,2534808.46516760,4097,25.15798000,2142092.21938000,0
1790909460000000,85108.59000000,85108.60000000,85051.00000000,85051.01000000,8.25424000,1790909519999999,702328.64458440,3129,2.46695000,209898.57511440,0
1790909520000000,85051.00000000,85108.60000000,85051.00000000,85106.93000000,19.60274000,1790909579999999,1667373.29486380,1889,3.19877000,272142.09368690,0
1790909580000000,85106.93000000,85106.93000000,85066.89000000,85076.00000000,4.37375000,1790909639999999,372125.56104740,1897,1.21967000,103757.14360620,0
1790909640000000,85076.00000000,85096.01000000,85076.00000000,85091.90000000,3.27556000,1790909699999999,278724.36880280,736,1.49722000,127395.35676150,0
1790909700000000,85091.91000000,85155.54000000,85091.91000000,85155.54000000,8.13771000,1790909759999999,692710.71871420,1851,7.62583000,649137.32659880,0
1790909760000000,85155.54000000,85169.00000000,85155.53000000,85168.99000000,9.12391000,1790909819999999,777037.47366030,1426,2.60857000,222154.19625980,0
1790909820000000,85168.99000000,85169.00000000,85168.99000000,85169.00000000,20.39811000,1790909879999999,1737286.62495760,266,19.83487000,1689316.04303000,0
1790909880000000,85168.99000000,85189.97000000,85168.99000000,85180.00000000,23.13248000,1790909939999999,1970269.27967950,1388,20.32582000,1731183.93945470,0
1790909940000000,85180.01000000,85188.00000000,85180.00000000,85188.00000000,3.34602000,1790909999999999,285033.84432130,642,2.89379000,246509.69898720,0
1790910000000000,85187.99000000,85250.21000000,85187.99000000,85228.61000000,121.72836000,1790910059999999,10371879.92777070,2330,115.71570000,9859570.82745180,0
1790910060000000,85228.60000000,85446.45000000,85228.60000000,85423.66000000,66.82683000,1790910119999999,5703634.12664750,8708,54.13691000,4620095.89131300,0
1790910120000000,85423.66000000,85511.00000000,85423.66000000,85459.98000000,76.71633000,1790910179999999,6558074.60142190,8279,58.86673000,5032395.82454170,0
1790910180000000,85459.98000000,85485.40000000,85411.84000000,85411.85000000,38.38701000,1790910239999999,3280149.78009070,3494,6.00896000,513411.89138220,0
1790910240000000,85411.84000000,85411.85000000,85324.70000000,85391.06000000,22.98097000,1790910299999999,1961854.61685230,5248,8.58003000,732373.67772650,0
1790910300000000,85391.07000000,85460.96000000,85382.00000000,85382.01000000,8.41203000,1790910359999999,718479.24381850,2619,4.88368000,417110.12072950,0
1790910360000000,85382.00000000,85386.63000000,85288.52000000,85288.53000000,11.16967000,1790910419999999,953173.12568760,3695,2.18330000,186345.97129480,0
1790910420000000,85288.53000000,85288.53000000,85276.40000000,85284.00000000,2.90069000,1790910479999999,247376.97135480,981,1.69646000,144673.94524820,0
1790910480000000,85284.00000000,85284.00000000,85230.76000000,85235.37000000,13.35494000,1790910539999999,1138485.82249610,3106,1.76780000,150685.85477920,0
1790910540000000,85235.37000000,85270.01000000,85200.21000000,85200.21000000,10.12885000,1790910599999999,863344.68764760,4048,3.05617000,260502.22293990,0
1790910600000000,85200.22000000,85271.33000000,85200.21000000,85271.33000000,6.49848000,1790910659999999,553931.09327080,1852,4.62384000,394107.52112740,0
1790910660000000,85271.32000000,85284.01000000,85271.32000000,85282.02000000,2.54988000,1790910719999999,217452.56113380,822,1.09394000,93289.05955240,0
1790910720000000,85282.02000000,85282.02000000,85216.00000000,85216.01000000,5.84437000,1790910779999999,498202.05588990,2559,2.04802000,174561.65082900,0
1790910780000000,85216.00000000,85417.75000000,85216.00000000,85410.00000000,38.35131000,1790910839999999,3271677.03464570,5714,28.12182000,2398990.85681230,0
1790910840000000,85410.00000000,85410.00000000,85306.00000000,85306.00000000,13.37236000,1790910899999999,1141294.77422690,2376,5.54020000,472797.30333120,0
1790910900000000,85306.01000000,85335.38000000,85302.56000000,85319.20000000,6.67911000,1790910959999999,569836.38241380,2401,5.00472000,426983.20005140,0
1790910960000000,85319.19000000,85326.01000000,85302.81000000,85302.81000000,5.40591000,1790911019999999,461194.29886410,1415,1.88068000,160452.25738910,0
1790911020000000,85302.81000000,85302.82000000,85254.00000000,85254.00000000,5.93642000,1790911079999999,506242.18185910,1857,1.89782000,161840.88341220,0
1790911080000000,85254.01000000,85262.41000000,85245.99000000,85246.01000000,2.84632000,1790911139999999,242656.80430130,1137,1.22397000,104345.86085030,0
1790911140000000,85246.01000000,85246.01000000,85228.86000000,85228.86000000,2.20303000,1790911199999999,187784.31648700,856,0.29085000,24791.92636530,0
1790911200000000,85228.87000000,85228.87000000,85212.85000000,85212.86000000,2.75653000,1790911259999999,234908.03855380,575,0.40537000,34544.35803390,0
1790911260000000,85212.86000000,85264.01000000,85212.85000000,85228.96000000,6.30776000,1790911319999999,537686.19251780,2535,3.69362000,314823.49162540,0
1790911320000000,85228.96000000,85250.00000000,85214.74000000,85240.00000000,4.94032000,1790911379999999,421084.21214370,1800,3.16340000,269617.28969570,0
1790911380000000,85240.01000000,85240.01000000,85208.43000000,85214.01000000,5.83270000,1790911439999999,497036.88476290,1565,1.09586000,93380.14626430,0
1790911440000000,85214.00000000,85229.86000000,85206.00000000,85229.86000000,4.59802000,1790911499999999,391813.56294860,922,3.66583000,312383.07843760,0
1790911500000000,85229.86000000,85229.86000000,85226.00000000,85226.01000000,1.03502000,1790911559999999,88212.84015320,439,0.48773000,41568.42127240,0
1790911560000000,85226.01000000,85229.86000000,85226.00000000,85229.85000000,2.51455000,1790911619999999,214309.28257690,425,1.77271000,151083.67741890,0
1790911620000000,85229.85000000,85240.77000000,85224.00000000,85240.76000000,2.24353000,1790911679999999,191209.27432300,736,1.04881000,89387.72506090,0
1790911680000000,85240.77000000,85252.01000000,85240.76000000,85252.01000000,2.82929000,1790911739999999,241196.10332300,445,2.58880000,220694.39461060,0
1790911740000000,85252.00000000,85280.94000000,85252.00000000,85280.93000000,4.98236000,1790911799999999,424796.73827580,849,4.54644000,387632.96538890,0
1790911800000000,85280.94000000,85308.02000000,85280.00000000,85308.01000000,4.72909000,1790911859999999,403358.82189050,1554,3.11597000,265779.72629020,0
1790911860000000,85308.01000000,85404.54000000,85308.01000000,85400.43000000,16.55580000,1790911919999999,1413197.45815940,3685,12.38826000,1057472.97709030,0
1790911920000000,85400.43000000,85460.00000000,85348.00000000,85435.13000000,10.50975000,1790911979999999,897586.77798960,3505,7.68372000,656255.97307120,0
1790911980000000,85435.13000000,85461.53000000,85400.00000000,85419.05000000,13.65562000,1790912039999999,1166614.83630210,3019,7.01145000,598958.71317550,0
1790912040000000,85419.04000000,85424.50000000,85384.00000000,85406.17000000,13.62520000,1790912099999999,1163668.40495490,2027,3.97316000,339304.98078270,0
1790912100000000,85406.17000000,85462.55000000,85394.00000000,85456.99000000,5.98247000,1790912159999999,511101.90115990,2024,3.70649000,316646.77870490,0
1790912160000000,85457.00000000,85457.00000000,85367.42000000,85367.42000000,10.12995000,1790912219999999,865500.81081950,2427,6.70622000,573064.89029670,0
1790912220000000,85367.43000000,85367.43000000,85308.00000000,85334.00000000,7.48403000,1790912279999999,638638.76045200,2350,2.91986000,249155.93916520,0
1790912280000000,85334.01000000,85368.01000000,85334.00000000,85368.00000000,4.55317000,1790912339999999,388616.29323160,1727,3.30986000,282497.22805530,0
1790912340000000,85368.00000000,85421.76000000,85368.00000000,85421.75000000,5.59243000,1790912399999999,477581.04215550,1371,5.14251000,439158.69740650,0
1790912400000000,85421.75000000,85421.76000000,85398.00000000,85421.76000000,3.45313000,1790912459999999,294942.40217060,1686,1.35612000,115830.19765410,0
1790912460000000,85421.75000000,85421.76000000,85386.00000000,85386.01000000,6.12479000,1790912519999999,523044.03353340,1189,0.78968000,67436.24144590,0
1790912520000000,85386.00000000,85409.23000000,85382.02000000,85405.82000000,11.91154000,1790912579999999,1017207.96290120,2073,8.46193000,722622.49116770,0
1790912580000000,85405.83000000,85450.00000000,85405.82000000,85427.65000000,8.69197000,1790912639999999,742558.65172390,1659,6.33782000,541430.01579990,0
1790912640000000,85427.64000000,85435.10000000,85416.09000000,85425.87000000,3.00091000,1790912699999999,256347.36335060,1149,1.82255000,155682.28630610,0
1790912700000000,85425.87000000,85479.88000000,85424.00000000,85424.66000000,10.80897000,1790912759999999,923577.23585740,2639,5.52494000,472054.16887790,0
1790912760000000,85424.66000000,85449.97000000,85408.78000000,85408.78000000,25.24885000,1790912819999999,2156934.65722570,3242,10.80638000,923227.94044030,0
1790912820000000,85408.79000000,85435.00000000,85405.00000000,85430.77000000,5.37655000,1790912879999999,459254.43984450,1929,4.33469000,370252.19255300,0
1790912880000000,85430.77000000,85435.00000000,85416.81000000,85424.50000000,10.39050000,1790912939999999,887690.29784720,1615,1.21733000,103990.92242520,0
1790912940000000,85424.50000000,85424.50000000,85394.10000000,85394.10000000,5.63642000,1790912999999999,481376.36270340,1301,0.64517000,55099.49350640,0
1790913000000000,85394.10000000,85405.01000000,85393.26000000,85395.29000000,6.14046000,1790913059999999,524381.65064990,817,1.94948000,166477.61196530,0
1790913060000000,85395.29000000,85395.30000000,85384.85000000,85384.86000000,1.60904000,1790913119999999,137394.22173180,778,0.32966000,28149.12320690,0
1790913120000000,85384.85000000,85408.59000000,85384.85000000,85408.59000000,4.01362000,1790913179999999,342735.25756970,929,3.62184000,309277.63852940,0
1790913180000000,85408.58000000,85480.26000000,85408.58000000,85480.26000000,15.13804000,1790913239999999,1293552.65207420,1414,12.98027000,1109202.58314030,0
1790913240000000,85480.25000000,85519.76000000,85478.69000000,85489.60000000,20.97539000,1790913299999999,1793385.26440920,2366,13.00908000,1112267.98796800,0
1790913300000000,85489.60000000,85569.00000000,85489.60000000,85538.32000000,21.96030000,1790913359999999,1878554.62905120,4417,7.58069000,648438.16156120,0
1790913360000000,85538.32000000,85557.20000000,85478.93000000,85551.71000000,7.62255000,1790913419999999,651877.65570040,2460,4.31789000,369246.03460890,0
1790913420000000,85551.71000000,85551.71000000,85499.96000000,85540.93000000,6.36638000,1790913479999999,544440.44761670,1524,4.22756000,361519.13975190,0
1790913480000000,85540.92000000,85540.92000000,85514.64000000,85536.03000000,8.01200000,1790913539999999,685190.72801360,1216,6.49539000,555479.86243100,0
1790913540000000,85536.02000000,85536.03000000,85512.89000000,85512.90000000,3.93056000,1790913599999999,336171.64942790,1143,2.17406000,185943.04309890,0
1790913600000000,85512.89000000,85580.00000000,85512.89000000,85580.00000000,34.07138000,1790913659999999,2914971.02921910,3270,15.98221000,1367362.34703690,0
1790913660000000,85579.99000000,85600.00000000,85579.99000000,85600.00000000,18.22666000,1790913719999999,1560115.01743990,2449,13.13834000,1124572.39604230,0
1790913720000000,85599.99000000,85600.00000000,85543.60000000,85592.88000000,10.47940000,1790913779999999,896816.30200200,2941,4.60207000,393832.35535790,0
1790913780000000,85592.88000000,85600.00000000,85592.88000000,85599.98000000,6.76730000,1790913839999999,579263.39962690,980,2.69520000,230699.73874060,0
1790913840000000,85599.98000000,85616.00000000,85590.07000000,85590.08000000,17.91550000,1790913899999999,1533595.46931600,1879,7.08208000,606236.75174550,0
1790913900000000,85590.08000000,85604.02000000,85523.69000000,85526.44000000,8.82314000,1790913959999999,754819.67413080,2368,3.75986000,321661.87752240,0
1790913960000000,85526.43000000,85562.01000000,85453.36000000,85453.36000000,18.67288000,1790914019999999,1596501.26122660,2464,5.14825000,440203.50489960,0
1790914020000000,85453.37000000,85501.10000000,85453.36000000,85473.25000000,6.42748000,1790914079999999,549404.64016720,1913,3.98759000,340837.34291540,0
1790914080000000,85473.24000000,85489.23000000,85467.13000000,85474.87000000,2.78111000,1790914139999999,237707.28343760,851,1.07718000,92071.32625920,0
1790914140000000,85474.87000000,85500.24000000,85474.87000000,85500.24000000,13.82845000,1790914199999999,1182052.59538940,887,13.32904000,1139360.88946830,0
1790914200000000,85500.24000000,85542.90000000,85500.23000000,85510.33000000,9.57100000,1790914259999999,818518.61872300,2889,3.57898000,306067.70462410,0
1790914260000000,85510.34000000,85510.34000000,85496.99000000,85501.65000000,6.22437000,1790914319999999,532211.70901460,1153,2.00640000,171543.73804850,0
1790914320000000,85501.49000000,85518.82000000,85484.22000000,85518.81000000,13.20278000,1790914379999999,1128884.31899470,1387,8.31890000,711276.79824420,0
1790914380000000,85518.82000000,85518.82000000,85473.11000000,85484.74000000,5.00301000,1790914439999999,427680.12513440,1559,3.07077000,262483.45777330,0
1790914440000000,85484.74000000,85484.74000000,85454.31000000,85463.58000000,5.69487000,1790914499999999,486741.15927980,988,2.68194000,229208.34934690,0
1790914500000000,85463.59000000,85537.41000000,85463.58000000,85537.41000000,3.89223000,1790914559999999,332805.58167490,1528,2.91863000,249563.53184850,0
1790914560000000,85537.41000000,85600.00000000,85537.40000000,85600.00000000,5.98770000,1790914619999999,512371.66985490,1863,3.36415000,287879.04388280,0
1790914620000000,85599.99000000,85609.34000000,85557.40000000,85566.74000000,8.32084000,1790914679999999,712194.55898240,2540,5.93022000,507592.22907870,0
1790914680000000,85566.73000000,85617.30000000,85564.25000000,85609.88000000,24.16838000,1790914739999999,2068647.58074950,1491,11.96220000,1023869.04228290,0
1790914740000000,85609.87000000,85990.41000000,85609.87000000,85903.65000000,241.39567000,1790914799999999,20719544.90056240,14085,177.92604000,15270940.44379010,0
1790914800000000,85903.65000000,86380.00000000,85885.99000000,86277.02000000,295.61825000,1790914859999999,25466413.68085940,24572,176.25476000,15178979.07233400,0
1790914860000000,86277.01000000,86490.01000000,86233.24000000,86333.74000000,167.81340000,1790914919999999,14493338.34371880,18881,73.20231000,6321701.93586500,0
1790914920000000,86333.73000000,86400.85000000,86199.96000000,86227.26000000,47.88715000,1790914979999999,4131547.36257760,10708,27.20424000,2347059.37488290,0
1790914980000000,86227.26000000,86371.76000000,86207.01000000,86362.34000000,33.12360000,1790915039999999,2858206.82608630,8371,20.50711000,1769576.86340710,0
1790915040000000,86362.33000000,86440.04000000,86289.40000000,86393.93000000,41.01953000,1790915099999999,3542572.76780480,6082,21.94246000,1894923.16793980,0
1790915100000000,86393.93000000,86620.96000000,86373.90000000,86572.79000000,200.93477000,1790915159999999,17387794.74940030,16035,153.64677000,13295175.25102910,0
1790915160000000,86572.78000000,86701.25000000,86525.54000000,86656.75000000,118.63525000,1790915219999999,10278051.11838120,15232,73.28256000,6349310.84795800,0
1790915220000000,86656.75000000,86694.93000000,86575.98000000,86672.52000000,44.24563000,1790915279999999,3833585.43953840,8455,22.63758000,1961288.45576820,0
1790915280000000,86672.52000000,86741.41000000,86650.88000000,86717.25000000,74.82423000,1790915339999999,6487164.28698620,7823,51.41128000,4456926.33961410,0
1790915340000000,86717.24000000,86804.78000000,86683.26000000,86788.12000000,75.82928000,1790915399999999,6578947.15036400,11278,48.18051000,4180821.00481710,0
1790915400000000,86788.12000000,86912.75000000,86756.73000000,86818.72000000,114.74584000,1790915459999999,9963183.44438940,13870,70.34079000,6107911.21041810,0
1790915460000000,86818.71000000,86882.74000000,86701.75000000,86706.78000000,44.84905000,1790915519999999,3893438.73661200,8712,22.57541000,1959656.41317690,0
1790915520000000,86706.79000000,86713.50000000,86607.55000000,86626.01000000,51.12489000,1790915579999999,4430379.50883070,8176,24.72204000,2142375.71214060,0
1790915580000000,86626.00000000,86638.98000000,86567.11000000,86567.11000000,36.76689000,1790915639999999,3184309.20973160,6433,12.81348000,1109749.59698300,0
1790915640000000,86566.57000000,86575.71000000,86514.73000000,86514.74000000,23.29386000,1790915699999999,2015911.44739350,3089,13.39712000,1159291.95015190,0
1790915700000000,86514.73000000,86514.74000000,86400.99000000,86400.99000000,27.44379000,1790915759999999,2372563.72417680,4345,5.75079000,497081.85596400,0
1790915760000000,86401.00000000,86401.00000000,86379.87000000,86394.20000000,52.02353000,1790915819999999,4494655.87299290,4385,24.36671000,2105193.22617020,0
1790915820000000,86394.20000000,86498.03000000,86394.19000000,86452.19000000,19.57307000,1790915879999999,1691918.14331130,4638,12.23352000,1057330.97577630,0
1790915880000000,86452.20000000,86457.41000000,86411.39000000,86436.12000000,75.86623000,1790915939999999,6557445.85319330,4399,8.02559000,693679.10435850,0
1790915940000000,86436.13000000,86528.51000000,86436.13000000,86527.96000000,20.03238000,1790915999999999,1732632.07327380,2809,8.65523000,748599.87548340,0
1790916000000000,86527.97000000,86633.80000000,86519.85000000,86524.01000000,33.70280000,1790916059999999,2917901.97368590,6139,13.01587000,1126798.39735620,0
1790916060000000,86524.01000000,86613.63000000,86492.66000000,86534.18000000,252.70542000,1790916119999999,21864745.11940310,5930,155.92099000,13489146.11486560,0
1790916120000000,86534.19000000,86552.65000000,86510.72000000,86527.41000000,22.05178000,1790916179999999,1908216.62562390,3820,9.38714000,812249.00283020,0
1790916180000000,86527.41000000,86546.21000000,86518.00000000,86546.21000000,16.47532000,1790916239999999,1425673.71395760,3382,10.21228000,883723.26165630,0
1790916240000000,86546.20000000,86555.15000000,86520.00000000,86525.32000000,26.19191000,1790916299999999,2266600.98597790,3511,8.14872000,705188.28979240,0
1790916300000000,86525.33000000,86526.73000000,86459.47000000,86459.47000000,10.61984000,1790916359999999,918622.77377730,2190,3.15324000,272808.05323340,0
1790916360000000,86459.48000000,86551.09000000,86459.47000000,86538.08000000,27.86996000,1790916419999999,2411125.77047020,3263,24.46105000,2116236.64137720,0
1790916420000000,86538.09000000,86598.30000000,86502.76000000,86598.30000000,23.81701000,1790916479999999,2061193.15990290,3496,12.86201000,1113037.57119760,0
1790916480000000,86598.30000000,86664.00000000,86598.30000000,86646.69000000,27.91696000,1790916539999999,2418752.13921140,3659,17.40108000,1507631.49642380,0
1790916540000000,86646.69000000,86712.59000000,86634.09000000,86636.55000000,32.17523000,1790916599999999,2789038.80407380,3472,14.24418000,1234597.07046990,0
1790916600000000,86636.56000000,86770.33000000,86636.56000000,86701.75000000,41.17772000,1790916659999999,3570951.47510570,5203,15.43711000,1338507.35319430,0
1790916660000000,86701.74000000,86749.47000000,86679.55000000,86693.21000000,15.18024000,1790916719999999,1316370.40863970,4258,8.01911000,695334.66494650,0
1790916720000000,86693.20000000,86719.46000000,86672.21000000,86700.58000000,19.56328000,1790916779999999,1696026.15432800,2786,5.54512000,480709.47142210,0
1790916780000000,86700.58000000,86710.03000000,86633.67000000,86633.68000000,10.37545000,1790916839999999,899396.39104730,2148,5.15003000,446384.85861530,0
1790916840000000,86633.68000000,86644.49000000,86591.01000000,86591.02000000,10.14599000,1790916899999999,878776.88997000,3085,3.62428000,313943.41386790,0
1790916900000000,86591.02000000,86678.48000000,86587.77000000,86651.00000000,15.91359000,1790916959999999,1378781.66179740,2779,6.07801000,526513.54375960,0
1790916960000000,86650.99000000,86651.00000000,86612.83000000,86628.62000000,10.96417000,1790917019999999,949887.57986440,2086,4.91373000,425690.82115850,0
1790917020000000,86628.62000000,86645.88000000,86608.08000000,86642.33000000,18.71651000,1790917079999999,1621418.73758850,1708,7.56136000,655064.79157660,0
1790917080000000,86642.33000000,86642.34000000,86592.71000000,86592.71000000,16.36491000,1790917139999999,1417608.20967930,2029,3.00418000,260201.72578600,0
1790917140000000,86592.72000000,86675.37000000,86592.71000000,86652.12000000,18.51262000,1790917199999999,1603833.45690830,1884,10.88146000,942540.30487250,0
1790917200000000,86652.12000000,86670.36000000,86606.22000000,86628.96000000,18.55501000,1790917259999999,1607745.31086710,3365,10.38109000,899477.48510950,0
1790917260000000,86628.96000000,86660.61000000,86623.85000000,86651.77000000,20.22363000,1790917319999999,1752239.43332440,3125,8.14864000,706064.39862720,0
1790917320000000,86651.76000000,86651.77000000,86588.61000000,86588.61000000,12.89201000,1790917379999999,1116708.19069670,2345,4.95463000,429166.21045920,0
1790917380000000,86588.61000000,86625.96000000,86588.61000000,86625.96000000,11.06936000,1790917439999999,958670.42302560,1867,7.91033000,685059.86706040,0
1790917440000000,86625.95000000,86625.96000000,86552.22000000,86552.22000000,12.31776000,1790917499999999,1066441.67500300,2275,3.47939000,301185.22337930,0
1790917500000000,86552.23000000,86552.23000000,86500.00000000,86521.91000000,15.90328000,1790917559999999,1375946.99300390,2854,10.07042000,871239.69618240,0
1790917560000000,86521.91000000,86569.53000000,86518.84000000,86562.83000000,13.45841000,1790917619999999,1164841.85179400,2139,8.93689000,773465.22753570,0
1790917620000000,86562.83000000,86593.02000000,86562.83000000,86582.09000000,15.27228000,1790917679999999,1322285.90494600,2639,10.68162000,924813.52085980,0
1790917680000000,86582.09000000,86640.61000000,86582.09000000,86632.28000000,24.66917000,1790917739999999,2136930.38249500,3365,19.65725000,1702779.33446600,0
1790917740000000,86632.28000000,86634.62000000,86575.14000000,86575.14000000,14.24256000,1790917799999999,1233628.75073640,1976,7.24858000,627834.29639140,0
1790917800000000,86575.14000000,86628.72000000,86526.69000000,86535.72000000,17.29717000,1790917859999999,1497436.86307910,2980,9.41611000,815165.07167290,0
1790917860000000,86535.72000000,86600.00000000,86518.20000000,86599.99000000,17.61765000,1790917919999999,1524877.41166280,3357,8.68829000,752023.59866240,0
1790917920000000,86599.99000000,86624.56000000,86585.80000000,86606.37000000,18.22520000,1790917979999999,1578423.21528510,2779,11.04523000,956592.45175810,0
1790917980000000,86606.37000000,86606.38000000,86561.85000000,86582.73000000,13.21569000,1790918039999999,1144210.75416680,3000,5.87236000,508410.84531440,0
1790918040000000,86582.74000000,86582.74000000,86565.01000000,86576.00000000,8.46347000,1790918099999999,732732.63725320,1177,2.54847000,220630.16872810,0
1790918100000000,86576.01000000,86592.01000000,86576.00000000,86579.56000000,17.69692000,1790918159999999,1532256.68760870,1613,4.69078000,406135.66325110,0
1790918160000000,86579.55000000,86579.56000000,86483.40000000,86483.44000000,18.78952000,1790918219999999,1625533.43317240,3170,4.59594000,397574.92311840,0
1790918220000000,86483.43000000,86490.71000000,86438.40000000,86483.42000000,16.47347000,1790918279999999,1424410.29161010,3097,7.31998000,632898.17758200,0
1790918280000000,86483.42000000,86538.01000000,86482.78000000,86499.00000000,19.08505000,1790918339999999,1650934.41726420,3765,10.15674000,878566.37979750,0
1790918340000000,86499.00000000,86508.02000000,86464.61000000,86493.18000000,6.55517000,1790918399999999,566937.20726710,2554,3.45685000,298957.91259340,0
1790918400000000,86493.18000000,86521.40000000,86471.44000000,86482.98000000,12.81752000,1790918459999999,1108656.23356510,2362,3.61421000,312601.23038530,0
1790918460000000,86482.98000000,86482.98000000,86415.42000000,86427.46000000,11.34598000,1790918519999999,980733.94379800,3048,2.87838000,248769.52625540,0
1790918520000000,86427.46000000,86476.01000000,86427.46000000,86476.00000000,14.12959000,1790918579999999,1221473.57145710,1754,9.80665000,847691.53061690,0
1790918580000000,86476.00000000,86482.98000000,86458.09000000,86458.10000000,5.17818000,1790918639999999,447759.01469640,1554,2.12507000,183755.04537880,0
1790918640000000,86458.09000000,86458.10000000,86383.03000000,86383.03000000,4.13460000,1790918699999999,357286.77387570,2210,0.51099000,44159.00962570,0
1790918700000000,86383.03000000,86391.43000000,86306.17000000,86306.17000000,20.68950000,1790918759999999,1786767.57869010,4033,3.39241000,292998.27128000,0
1790918760000000,86306.18000000,86355.89000000,86288.59000000,86320.01000000,19.55935000,1790918819999999,1688315.74761260,3136,7.97776000,688622.94176030,0
1790918820000000,86320.00000000,86368.31000000,86320.00000000,86354.44000000,33.25713000,1790918879999999,2871607.91302100,1994,28.42382000,2454231.16392470,0
1790918880000000,86354.45000000,86388.48000000,86323.04000000,86336.62000000,17.30825000,1790918939999999,1494631.50979000,3399,6.82953000,589734.55055930,0
1790918940000000,86336.62000000,86346.53000000,86311.85000000,86346.52000000,12.31129000,1790918999999999,1062739.88082040,2128,8.50430000,734098.27277620,0
1790919000000000,86346.52000000,86364.01000000,86309.95000000,86356.52000000,12.41784000,1790919059999999,1072245.08276280,3579,8.17736000,706096.23833780,0
1790919060000000,86356.51000000,86396.01000000,86328.46000000,86396.01000000,9.79095000,1790919119999999,845481.00259380,2757,7.22305000,623741.80572540,0
1790919120000000,86396.00000000,86396.01000000,86372.38000000,86376.00000000,8.22090000,1790919179999999,710139.73253290,1648,3.88374000,335478.03045760,0
1790919180000000,86376.00000000,86376.01000000,86292.69000000,86306.00000000,14.54767000,1790919239999999,1255841.73683600,2979,4.12072000,355606.81509980,0
1790919240000000,86306.00000000,86312.59000000,86288.59000000,86298.15000000,5.24749000,1790919299999999,452855.29049440,2012,2.80395000,241971.72373410,0
1790919300000000,86298.15000000,86298.16000000,86241.78000000,86252.00000000,11.38054000,1790919359999999,981712.41084920,3491,4.57166000,394347.36599060,0
1790919360000000,86252.00000000,86252.01000000,86180.10000000,86182.07000000,13.04587000,1790919419999999,1124592.12140400,3884,4.36221000,376009.10619410,0
1790919420000000,86182.07000000,86182.08000000,86014.59000000,86072.07000000,50.23218000,1790919479999999,4323952.30445790,9092,9.75194000,839317.18564400,0
1790919480000000,86072.06000000,86072.07000000,85946.00000000,85949.10000000,36.01529000,1790919539999999,3097185.10280950,6592,4.60556000,396026.60057220,0
1790919540000000,85949.10000000,85990.00000000,85910.00000000,85920.37000000,22.57065000,1790919599999999,1939803.29160110,5288,13.71421000,1178549.13202770,0
1790919600000000,85920.36000000,85981.32000000,85893.27000000,85961.53000000,17.06738000,1790919659999999,1466806.02975650,4905,9.98984000,858585.38901910,0
1790919660000000,85961.53000000,86080.68000000,85961.53000000,86079.75000000,30.99289000,1790919719999999,2666287.93240150,4965,15.66044000,1347192.79686160,0
1790919720000000,86079.76000000,86126.01000000,86072.02000000,86126.00000000,11.72768000,1790919779999999,1009714.13063560,2880,6.36878000,548320.28894160,0
1790919780000000,86126.00000000,86135.55000000,86116.93000000,86135.55000000,19.37371000,1790919839999999,1668605.87563540,2020,14.70290000,1266336.75082160,0
1790919840000000,86135.54000000,86146.00000000,86131.91000000,86137.34000000,8.46373000,1790919899999999,729070.89758230,1469,6.57532000,566398.66346950,0
1790919900000000,86137.34000000,86169.78000000,86090.00000000,86090.00000000,12.17261000,1790919959999999,1048517.07951260,3607,3.55298000,306040.99540790,0
1790919960000000,86090.01000000,86110.95000000,86090.00000000,86097.66000000,9.89349000,1790920019999999,851796.10232980,1320,2.41938000,208303.19046190,0
1790920020000000,86097.67000000,86097.67000000,86060.57000000,86060.58000000,5.46975000,1790920079999999,470772.81087860,1202,0.60988000,52490.76034600,0
1790920080000000,86060.58000000,86118.12000000,86060.57000000,86102.88000000,13.83447000,1790920139999999,1191012.33271280,2580,6.94552000,597934.22013070,0
1790920140000000,86102.89000000,86102.89000000,86084.00000000,86084.01000000,6.97173000,1790920199999999,600209.05806730,1241,1.27754000,109982.42721140,0
1790920200000000,86084.01000000,86095.40000000,86084.00000000,86095.33000000,5.16919000,1790920259999999,445023.19674470,928,4.37265000,376445.38576740,0
1790920260000000,86095.32000000,86116.01000000,86095.32000000,86116.00000000,4.88480000,1790920319999999,420624.95026680,1443,3.03561000,261386.55635240,0
1790920320000000,86116.01000000,86116.01000000,86059.10000000,86059.11000000,14.94858000,1790920379999999,1287102.97412630,1881,9.60234000,826800.71534890,0
1790920380000000,86059.10000000,86059.11000000,86006.99000000,86019.98000000,11.16508000,1790920439999999,960439.80570070,1596,3.03699000,261214.09056730,0
1790920440000000,86019.98000000,86019.99000000,85966.01000000,85978.01000000,16.16539000,1790920499999999,1390122.13559420,1832,4.16333000,357987.15665650,0
1790920500000000,85978.01000000,86012.91000000,85978.00000000,86002.01000000,14.18891000,1790920559999999,1220225.71935210,1652,11.85517000,1019499.72939280,0
1790920560000000,86002.00000000,86002.01000000,85982.00000000,86000.20000000,7.53363000,1790920619999999,647854.41878600,1084,2.09710000,180337.17930810,0
1790920620000000,86000.21000000,86000.21000000,85970.51000000,85982.93000000,4.92724000,1790920679999999,423639.22336070,1190,2.41486000,207611.22268930,0
1790920680000000,85982.92000000,86002.01000000,85969.39000000,86002.01000000,11.73649000,1790920739999999,1009212.35372740,1615,6.68540000,574908.63756440,0
1790920740000000,86002.00000000,86011.25000000,86002.00000000,86002.01000000,7.13003000,1790920799999999,613242.47385020,1041,5.85490000,503572.81821880,0
1790920800000000,86002.01000000,86019.11000000,85957.51000000,85995.29000000,26.64388000,1790920859999999,2291358.68577080,3497,5.47348000,470646.51318870,0
1790920860000000,85995.29000000,86098.62000000,85995.29000000,86098.62000000,20.20375000,1790920919999999,1738625.65878820,2922,17.85771000,1536716.50896920,0
1790920920000000,86098.62000000,86098.62000000,86050.01000000,86054.76000000,12.22015000,1790920979999999,1051742.17613560,2456,4.80422000,413444.60447630,0
1790920980000000,86054.76000000,86070.01000000,86023.48000000,86039.97000000,14.68098000,1790921039999999,1263177.64033560,3311,5.88503000,506357.32106590,0
1790921040000000,86039.96000000,86058.01000000,86032.52000000,86040.00000000,11.79593000,1790921099999999,1014963.81575040,2512,3.43119000,295226.81171620,0
1790921100000000,86040.00000000,86066.11000000,86026.66000000,86026.67000000,7.69386000,1790921159999999,662029.85148480,2086,2.49278000,214490.84513050,0
1790921160000000,86026.66000000,86060.01000000,85992.13000000,85992.13000000,17.59530000,1790921219999999,1513774.97731390,2780,11.75467000,1011291.33608370,0
1790921220000000,85992.13000000,85992.14000000,85927.70000000,85945.20000000,10.43468000,1790921279999999,896885.35214400,3285,3.57552000,307265.28037870,0
1790921280000000,85945.20000000,85945.20000000,85875.32000000,85890.01000000,35.08126000,1790921339999999,3013482.64202200,3588,8.34290000,716792.98407100,0
1790921340000000,85890.01000000,85910.00000000,85880.24000000,85896.03000000,20.23062000,1790921399999999,1737582.44613440,3205,7.47196000,641729.68442460,0
1790921400000000,85896.03000000,86024.01000000,85876.18000000,86024.01000000,12.34440000,1790921459999999,1060705.02632490,4421,8.21287000,705834.23769350,0
1790921460000000,86024.01000000,86072.01000000,85996.05000000,85999.81000000,17.82431000,1790921519999999,1533485.68007730,3838,4.11145000,353796.26151960,0
1790921520000000,85999.82000000,86008.01000000,85961.08000000,85966.04000000,18.21848000,1790921579999999,1566554.55795210,2682,2.20775000,189833.87307150,0
1790921580000000,85966.03000000,85988.00000000,85966.03000000,85980.01000000,15.34882000,1790921639999999,1319700.52890610,1706,3.05301000,262493.62183950,0
1790921640000000,85980.01000000,85980.02000000,85902.72000000,85902.73000000,68.60108000,1790921699999999,5894883.74888200,9364,13.12017000,1127425.50002950,0
1790921700000000,85902.73000000,86026.01000000,85902.72000000,86004.39000000,20.76526000,1790921759999999,1785153.49402250,4671,9.35288000,803980.49945370,0
1790921760000000,86004.39000000,86052.01000000,86004.39000000,86014.00000000,10.88669000,1790921819999999,936630.07331900,4137,5.06173000,435465.35145910,0
1790921820000000,86014.00000000,86030.51000000,85956.40000000,86011.39000000,14.85552000,1790921879999999,1277587.59178200,4645,6.62674000,569913.34997770,0
1790921880000000,86011.38000000,86034.01000000,85992.35000000,85992.35000000,10.08682000,1790921939999999,867653.13461310,2548,3.76358000,323759.37144160,0
1790921940000000,85992.35000000,85998.01000000,85958.00000000,85981.99000000,17.57620000,1790921999999999,1511278.01598680,2987,9.27976000,797951.57267840,0
1790922000000000,85982.00000000,86037.93000000,85981.99000000,86037.92000000,25.99798000,1790922059999999,2236122.75748110,4694,10.71554000,921637.70292620,0
1790922060000000,86037.93000000,86052.01000000,86012.31000000,86032.35000000,14.14292000,1790922119999999,1216822.23749490,4183,7.58739000,652784.90917000,0
1790922120000000,86032.36000000,86056.02000000,85980.03000000,85980.04000000,18.53221000,1790922179999999,1594304.80282430,3684,4.74628000,408340.86672510,0
1790922180000000,85980.04000000,86007.35000000,85968.01000000,85996.60000000,14.67416000,1790922239999999,1261746.45408250,2876,8.44161000,725808.29705270,0
1790922240000000,85996.61000000,86026.00000000,85985.19000000,86025.99000000,8.89194000,1790922299999999,764680.88260340,1879,4.08124000,350990.14666220,0
1790922300000000,86026.00000000,86030.89000000,86007.36000000,86007.37000000,5.53952000,1790922359999999,476506.13238980,1312,2.06214000,177379.37316920,0
1790922360000000,86007.37000000,86016.62000000,85984.19000000,86016.62000000,15.41314000,1790922419999999,1325573.87845490,3026,4.09372000,352067.55797170,0
1790922420000000,86016.62000000,86040.01000000,86004.00000000,86040.01000000,14.51174000,1790922479999999,1248348.78077310,1806,5.32315000,457907.40115850,0
1790922480000000,86040.00000000,86054.01000000,86039.39000000,86054.01000000,6.62184000,1790922539999999,569792.94970380,700,3.73211000,321146.14890410,0
1790922540000000,86054.00000000,86054.01000000,86025.96000000,86025.96000000,22.75313000,1790922599999999,1957656.40945470,1067,4.14085000,356285.79095030,0
1790922600000000,86025.97000000,86034.01000000,86000.00000000,86002.00000000,8.35369000,1790922659999999,718531.08875150,1848,2.99233000,257391.27211460,0
1790922660000000,86002.00000000,86004.14000000,85992.00000000,86004.14000000,28.18910000,1790922719999999,2424289.27350550,1666,2.49378000,214458.48324000,0
1790922720000000,86004.14000000,86076.51000000,86004.13000000,86067.79000000,8.07253000,1790922779999999,694644.63044990,2434,5.61134000,482823.62176000,0
1790922780000000,86067.79000000,86080.00000000,86067.79000000,86079.99000000,4.88342000,1790922839999999,420320.61623810,671,2.43272000,209389.28795950,0
1790922840000000,86079.99000000,86096.01000000,86058.00000000,86058.01000000,9.19667000,1790922899999999,791673.75787270,2332,3.32992000,286648.63121560,0
1790922900000000,86058.00000000,86070.01000000,85954.01000000,85954.70000000,16.27653000,1790922959999999,1400023.65425400,2556,3.81289000,327842.24103030,0
1790922960000000,85954.69000000,85980.01000000,85930.36000000,85966.00000000,12.75651000,1790923019999999,1096472.88213940,4528,5.43217000,466876.79305810,0
1790923020000000,85966.00000000,85970.47000000,85954.37000000,85968.55000000,3.33525000,1790923079999999,286701.55305200,1715,1.26082000,108379.01538410,0
1790923080000000,85968.54000000,85968.55000000,85934.71000000,85947.76000000,11.62790000,1790923139999999,999386.70122430,3348,3.93241000,337955.80193170,0
1790923140000000,85947.76000000,86026.01000000,85947.76000000,86026.01000000,16.03711000,1790923199999999,1378954.14486870,2239,10.58476000,910089.07112550,0
1790923200000000,86026.00000000,86040.01000000,86002.47000000,86027.04000000,7.73350000,1790923259999999,665235.48749650,2138,5.19355000,446733.11285580,0
1790923260000000,86027.04000000,86027.05000000,86002.47000000,86005.15000000,9.93747000,1790923319999999,854846.25052470,1750,0.97342000,83731.73976470,0
1790923320000000,86005.15000000,86005.16000000,85972.36000000,85984.00000000,6.45968000,1790923379999999,555472.51814250,1461,1.73698000,149362.17473520,0
1790923380000000,85984.00000000,85990.01000000,85967.88000000,85990.01000000,4.97210000,1790923439999999,427467.98798080,1600,3.08074000,264855.85157600,0
1790923440000000,85990.00000000,86002.02000000,85990.00000000,86002.01000000,2.62116000,1790923499999999,225407.64281190,578,0.88440000,76052.57681190,0
1790923500000000,86002.00000000,86002.01000000,85945.64000000,85950.00000000,10.36911000,1790923559999999,891436.22815590,1757,1.14244000,98199.28504100,0
1790923560000000,85950.01000000,85964.01000000,85950.00000000,85964.00000000,3.63432000,1790923619999999,312397.51101680,661,1.59506000,137105.49655310,0
1790923620000000,85964.01000000,85972.01000000,85958.14000000,85958.15000000,11.03736000,1790923679999999,948872.44804130,1022,1.04990000,90258.62753950,0
1790923680000000,85958.14000000,85970.00000000,85958.14000000,85969.99000000,4.32066000,1790923739999999,371419.05034600,655,1.33485000,114744.67343210,0
1790923740000000,85970.00000000,86010.00000000,85969.99000000,86010.00000000,7.92641000,1790923799999999,681621.30611310,1030,2.88520000,248096.56928050,0
1790923800000000,86010.00000000,86054.01000000,86009.99000000,86054.01000000,3.34444000,1790923859999999,287727.42612960,1297,3.12955000,269242.43832650,0
1790923860000000,86054.01000000,86095.98000000,86048.70000000,86048.71000000,13.59803000,1790923919999999,1170519.57300510,1992,3.34588000,288003.33161150,0
1790923920000000,86048.71000000,86048.71000000,85998.00000000,85998.01000000,5.90844000,1790923979999999,508294.76688510,1112,0.16344000,14059.79561560,0
1790923980000000,85998.01000000,86002.21000000,85994.13000000,85994.14000000,3.52065000,1790924039999999,302768.21130700,685,1.54058000,132484.57211590,0
1790924040000000,85994.13000000,86046.18000000,85994.13000000,86046.17000000,6.31531000,1790924099999999,543190.68359620,2200,3.87517000,333332.22136250,0
1790924100000000,86046.18000000,86083.99000000,86046.18000000,86083.98000000,6.29308000,1790924159999999,541686.07826530,1343,6.06129000,521733.89542940,0
1790924160000000,86083.99000000,86098.00000000,86031.39000000,86031.39000000,28.58966000,1790924219999999,2460745.32892440,3387,8.68995000,747950.90404490,0
1790924220000000,86031.39000000,86031.40000000,85990.00000000,85994.29000000,11.47576000,1790924279999999,986969.12577670,1796,4.49022000,386148.85027760,0
1790924280000000,85994.30000000,86054.01000000,85994.13000000,86023.99000000,19.68767000,1790924339999999,1693537.82376820,3853,13.74890000,1182644.63866760,0
1790924340000000,86023.99000000,86023.99000000,85984.04000000,85992.95000000,10.51492000,1790924399999999,904306.22148680,1304,3.30529000,284206.26388510,0
1790924400000000,85992.96000000,85992.96000000,85932.29000000,85936.47000000,11.26617000,1790924459999999,968516.53631340,2516,1.75744000,151055.13103780,0
1790924460000000,85936.47000000,86028.00000000,85936.47000000,85989.32000000,24.13422000,1790924519999999,2075307.99406890,4961,14.34499000,1233494.87846520,0
1790924520000000,85989.32000000,85989.32000000,85900.00000000,85926.01000000,23.54171000,1790924579999999,2022819.92132400,3703,2.33792000,200847.26613730,0
1790924580000000,85926.01000000,85996.01000000,85910.00000000,85974.93000000,9.21362000,1790924639999999,791864.01918560,2462,5.13637000,441432.57333290,0
1790924640000000,85974.94000000,85996.01000000,85918.00000000,85918.00000000,5.39701000,1790924699999999,463974.90804920,3620,2.23049000,191764.60075370,0
1790924700000000,85918.00000000,85962.39000000,85912.00000000,85961.49000000,9.69955000,1790924759999999,833583.66964650,2751,7.47607000,642481.49846570,0
1790924760000000,85961.49000000,86056.01000000,85961.49000000,86056.00000000,8.94072000,1790924819999999,768865.55822330,3470,7.59066000,652784.69021570,0
1790924820000000,86056.00000000,86077.79000000,86012.00000000,86012.01000000,11.65077000,1790924879999999,1002567.38128020,2444,2.52012000,216847.47929010,0
1790924880000000,86012.01000000,86018.01000000,85980.00000000,85980.01000000,5.24670000,1790924939999999,451181.22726920,1454,1.52012000,130727.71317790,0
1790924940000000,85980.00000000,85989.89000000,85966.00000000,85989.89000000,8.91013000,1790924999999999,766017.29783830,1687,4.07024000,349925.93804020,0
1790925000000000,85989.88000000,86004.01000000,85989.88000000,85998.00000000,4.89958000,1790925059999999,421336.02381730,858,3.48075000,299321.16469020,0
1790925060000000,85998.01000000,86018.77000000,85982.48000000,86018.76000000,8.03175000,1790925119999999,690709.57395930,1695,4.84255000,416457.91833890,0
1790925120000000,86018.76000000,86018.77000000,85966.00000000,85973.70000000,6.43568000,1790925179999999,553335.43542500,1933,3.76840000,323983.66403930,0
1790925180000000,85973.71000000,86004.01000000,85973.70000000,85996.14000000,2.97277000,1790925239999999,255640.65453450,1102,2.58501000,222292.51108870,0
1790925240000000,85996.15000000,85996.15000000,85948.27000000,85956.67000000,41.45423000,1790925299999999,3563854.06804170,1569,18.85356000,1620837.76586600,0
1790925300000000,85956.67000000,85956.67000000,85932.65000000,85944.06000000,7.53070000,1790925359999999,647244.26762120,1145,4.32056000,371324.38398950,0
1790925360000000,85944.05000000,85978.47000000,85900.01000000,85900.01000000,34.23537000,1790925419999999,2942578.08117130,3121,21.51944000,1849654.38201420,0
1790925420000000,85900.00000000,85918.01000000,85896.00000000,85916.01000000,8.38821000,1790925479999999,720619.00418300,1618,4.33844000,372708.70298570,0
1790925480000000,85916.00000000,85956.14000000,85916.00000000,85956.13000000,13.51210000,1790925539999999,1161149.20118850,1363,4.35745000,374460.98275140,0
1790925540000000,85956.13000000,85965.20000000,85944.00000000,85944.00000000,5.69812000,1790925599999999,489803.62951350,1128,1.42510000,122498.31241920,0
1790925600000000,85944.01000000,85944.01000000,85917.14000000,85917.15000000,7.39698000,1790925659999999,635676.17502850,1372,0.17435000,14981.94349500,0
1790925660000000,85917.15000000,85920.01000000,85900.00000000,85920.01000000,9.00550000,1790925719999999,773619.27074660,1042,6.78226000,582622.06720120,0
1790925720000000,85920.01000000,85960.00000000,85920.00000000,85957.25000000,7.99690000,1790925779999999,687322.50792150,1813,4.07338000,350070.00985910,0
1790925780000000,85957.24000000,85957.25000000,85934.00000000,85934.01000000,8.06092000,1790925839999999,692781.68261050,2055,2.36346000,203105.67885490,0
1790925840000000,85934.00000000,85954.01000000,85922.17000000,85933.07000000,6.25528000,1790925899999999,537541.73399910,2082,3.55494000,305489.40712400,0
1790925900000000,85933.07000000,85961.14000000,85933.07000000,85956.18000000,5.91613000,1790925959999999,508510.70840020,1019,2.17365000,186816.31583810,0
1790925960000000,85956.19000000,85956.19000000,85934.03000000,85956.18000000,5.96289000,1790926019999999,512455.12061670,1358,1.57041000,134967.89954920,0
1790926020000000,85956.19000000,85979.21000000,85956.18000000,85967.61000000,5.01167000,1790926079999999,430867.09560740,1247,1.78723000,153641.24209140,0
1790926080000000,85967.62000000,85967.62000000,85949.23000000,85954.82000000,8.95169000,1790926139999999,769444.50348870,1937,5.13919000,441720.88137510,0
1790926140000000,85954.81000000,85965.68000000,85939.06000000,85956.01000000,5.04554000,1790926199999999,433661.26760640,1656,2.56367000,220348.77317780,0
1790926200000000,85956.01000000,85956.01000000,85894.91000000,85894.92000000,23.17723000,1790926259999999,1991329.85347850,3498,7.18822000,617576.15094260,0
1790926260000000,85894.91000000,85938.01000000,85894.91000000,85913.13000000,26.64437000,1790926319999999,2289099.17932060,2951,10.90872000,937098.56404880,0
1790926320000000,85913.12000000,85930.31000000,85898.24000000,85901.74000000,21.76541000,1790926379999999,1869859.09636010,3133,7.91487000,679904.09869820,0
1790926380000000,85901.75000000,85914.01000000,85884.61000000,85884.61000000,26.54710000,1790926439999999,2280307.57816140,2606,7.32246000,628964.55421420,0
1790926440000000,85884.61000000,85887.14000000,85858.57000000,85882.01000000,20.40607000,1790926499999999,1752416.66979220,2690,5.67582000,487382.37855400,0
1790926500000000,85882.01000000,85882.01000000,85865.99000000,85865.99000000,34.17875000,1790926559999999,2935140.89706840,1541,1.62009000,139128.23485970,0
1790926560000000,85865.99000000,85878.01000000,85865.00000000,85878.01000000,25.20124000,1790926619999999,2164050.89688860,2318,10.77420000,925162.69578240,0
1790926620000000,85878.01000000,85900.00000000,85864.00000000,85864.00000000,42.37285000,1790926679999999,3639139.98008890,2771,18.51925000,1590502.97241090,0
1790926680000000,85864.00000000,85864.00000000,85810.51000000,85813.15000000,28.82158000,1790926739999999,2473724.15334190,2862,7.31272000,627560.99684180,0
1790926740000000,85813.14000000,85826.93000000,85807.39000000,85807.40000000,35.71782000,1790926799999999,3065106.63384100,2110,11.24426000,964886.88768190,0
1790926800000000,85807.39000000,85808.01000000,85786.00000000,85786.00000000,47.33879000,1790926859999999,4061573.06195090,3005,9.22076000,791047.09088970,0
1790926860000000,85786.00000000,85808.00000000,85781.00000000,85781.00000000,48.26121000,1790926919999999,4140194.70351250,2326,14.47473000,1241731.11643700,0
1790926920000000,85781.00000000,85800.01000000,85781.00000000,85799.97000000,22.77430000,1790926979999999,1953858.27688360,1364,9.27286000,795486.84837470,0
1790926980000000,85799.97000000,85816.01000000,85799.96000000,85811.62000000,24.27893000,1790927039999999,2083345.81954740,1489,8.27798000,710267.73956350,0
1790927040000000,85811.61000000,85811.62000000,85767.45000000,85768.82000000,24.41404000,1790927099999999,2094421.62397140,1855,3.15280000,270428.40544060,0
1790927100000000,85768.83000000,85900.00000000,85768.82000000,85899.99000000,23.06082000,1790927159999999,1979301.49377860,3816,9.72336000,834544.10711910,0
1790927160000000,85900.00000000,85944.01000000,85861.04000000,85861.04000000,32.03165000,1790927219999999,2751987.46902500,3755,8.91188000,765645.12362880,0
1790927220000000,85861.05000000,85861.05000000,85834.00000000,85836.70000000,25.82454000,1790927279999999,2216751.48828990,1440,7.80488000,669937.55382690,0
1790927280000000,85836.70000000,85860.00000000,85836.70000000,85837.82000000,32.01795000,1790927339999999,2748710.48214280,1979,13.40890000,1151067.88847580,0
1790927340000000,85837.82000000,85878.01000000,85837.81000000,85878.01000000,45.32994000,1790927399999999,3891904.02628920,1628,23.40239000,2009261.87868170,0
1790927400000000,85878.01000000,85878.01000000,85834.00000000,85874.00000000,36.59471000,1790927459999999,3142157.96271300,2441,12.19039000,1046625.79394080,0
1790927460000000,85874.01000000,85916.01000000,85871.08000000,85915.97000000,16.79217000,1790927519999999,1442321.70060740,1921,3.72461000,319898.20533020,0
1790927520000000,85915.97000000,85925.84000000,85900.09000000,85902.01000000,21.42929000,1790927579999999,1841108.93615660,1959,5.67060000,487196.61074150,0
1790927580000000,85902.00000000,85911.50000000,85898.00000000,85904.01000000,29.35827000,1790927639999999,2522083.06319010,1534,13.39465000,1150675.19966680,0
1790927640000000,85904.01000000,86000.00000000,85904.00000000,86000.00000000,37.38712000,1790927699999999,3213976.10704890,2940,13.31457000,1144474.88107120,0
1790927700000000,86000.00000000,86055.41000000,85992.00000000,86026.01000000,24.97464000,1790927759999999,2148268.85768490,3590,8.72827000,750779.19484420,0
1790927760000000,86026.01000000,86080.00000000,86026.00000000,86079.99000000,46.02698000,1790927819999999,3960241.56873210,3316,21.23900000,1827400.51138000,0
1790927820000000,86080.00000000,86144.01000000,86072.57000000,86112.01000000,36.21436000,1790927879999999,3118037.73996390,3088,14.15242000,1218565.32014450,0
1790927880000000,86112.01000000,86163.50000000,86044.01000000,86044.02000000,22.18730000,1790927939999999,1910596.66905920,3371,4.06815000,350409.73888530,0
1790927940000000,86044.02000000,86090.00000000,86044.01000000,86089.65000000,18.84774000,1790927999999999,1622071.79755420,1923,4.52343000,389298.70066130,0
1790928000000000,86089.64000000,86139.69000000,86062.28000000,86114.01000000,20.36961000,1790928059999999,1754186.46449240,2302,6.20930000,534697.85931300,0
1790928060000000,86114.01000000,86184.01000000,86112.00000000,86164.16000000,30.70615000,1790928119999999,2645246.74724190,2533,13.29102000,1145024.19092010,0
1790928120000000,86164.16000000,86243.60000000,86164.15000000,86242.61000000,18.22682000,1790928179999999,1571357.95024860,2372,15.36580000,1324690.67580840,0
1790928180000000,86242.61000000,86313.91000000,86242.60000000,86313.90000000,32.49355000,1790928239999999,2803953.89329750,2455,20.71238000,1787251.74325040,0
1790928240000000,86313.91000000,86339.26000000,86270.00000000,86270.01000000,64.83494000,1790928299999999,5596431.78947130,2717,57.78885000,4988306.96045960,0
1790928300000000,86270.00000000,86270.01000000,86249.00000000,86255.93000000,5.33747000,1790928359999999,460391.47068710,1244,2.62221000,226184.18663820,0
1790928360000000,86255.94000000,86308.01000000,86255.94000000,86274.01000000,11.90697000,1790928419999999,1027414.89632260,2289,8.46526000,730418.91240560,0
1790928420000000,86274.00000000,86306.14000000,86258.08000000,86276.01000000,10.85330000,1790928479999999,936438.15109900,2155,3.53484000,304967.98574880,0
1790928480000000,86276.00000000,86292.01000000,86263.42000000,86282.00000000,7.04883000,1790928539999999,608151.69571960,1402,3.73067000,321873.86333470,0
1790928540000000,86282.00000000,86297.21000000,86280.00000000,86297.21000000,3.95723000,1790928599999999,341469.94005460,636,2.21933000,191509.56038900,0
1790928600000000,86297.22000000,86338.02000000,86297.22000000,86334.01000000,6.01384000,1790928659999999,519135.31472370,1212,3.62623000,313021.72339280,0
1790928660000000,86334.01000000,86342.81000000,86280.00000000,86342.81000000,12.00721000,1790928719999999,1036368.52759680,3347,7.32708000,632421.22104860,0
1790928720000000,86342.81000000,86342.81000000,86284.20000000,86284.21000000,9.91533000,1790928779999999,855915.61685050,1778,2.12361000,183326.34654050,0
1790928780000000,86284.21000000,86321.49000000,86284.21000000,86321.49000000,7.35010000,1790928839999999,634298.39186050,1781,5.55673000,479530.57899190,0
1790928840000000,86321.48000000,86333.01000000,86320.00000000,86320.01000000,8.97037000,1790928899999999,774343.31880890,1233,4.57981000,395343.67842670,0
1790928900000000,86320.01000000,86349.50000000,86316.00000000,86349.49000000,9.02067000,1790928959999999,778792.96957690,2705,7.36546000,635903.69446690,0
1790928960000000,86349.50000000,86450.63000000,86349.49000000,86425.02000000,16.73042000,1790929019999999,1445437.15527100,4727,13.59235000,1174190.04823550,0
1790929020000000,86425.02000000,86629.18000000,86425.02000000,86564.37000000,49.90674000,1790929079999999,4319578.32383480,11509,38.12119000,3299391.82649580,0
1790929080000000,86564.36000000,86640.61000000,86474.00000000,86485.40000000,19.52628000,1790929139999999,1690231.94296060,7354,9.99337000,865108.98974500,0
1790929140000000,86485.40000000,86501.68000000,86475.15000000,86501.66000000,29.30685000,1790929199999999,2534716.40729600,3627,9.38043000,811261.33262230,0
1790929200000000,86501.66000000,86501.67000000,86456.00000000,86482.00000000,22.35064000,1790929259999999,1932568.67101100,2643,2.81109000,243056.89956130,0
1790929260000000,86482.01000000,86586.01000000,86470.01000000,86470.01000000,28.14843000,1790929319999999,2435604.63490410,4388,13.06568000,1130384.45700300,0
1790929320000000,86470.02000000,86470.02000000,86433.24000000,86440.86000000,12.57806000,1790929379999999,1087366.60866710,2751,2.33818000,202113.20044960,0
1790929380000000,86440.85000000,86440.86000000,86360.00000000,86360.00000000,11.16283000,1790929439999999,964587.55245860,2113,1.05452000,91113.65643630,0
1790929440000000,86360.00000000,86373.03000000,86360.00000000,86373.02000000,4.12388000,1790929499999999,356148.45572800,918,1.50388000,129883.27601540,0
1790929500000000,86373.03000000,86388.01000000,86366.00000000,86388.01000000,6.78502000,1790929559999999,586060.16828470,1688,5.02581000,434106.06256910,0
1790929560000000,86388.01000000,86460.01000000,86388.00000000,86446.01000000,6.27403000,1790929619999999,542275.46842670,2263,4.24704000,367035.76532450,0
1790929620000000,86446.00000000,86446.01000000,86392.00000000,86392.01000000,10.43637000,1790929679999999,902087.30601110,1436,3.37666000,291876.78354010,0
1790929680000000,86392.00000000,86392.01000000,86388.00000000,86390.63000000,2.66682000,1790929739999999,230390.78805540,430,1.73573000,149952.76545890,0
1790929740000000,86390.63000000,86400.00000000,86368.27000000,86400.00000000,4.48701000,1790929799999999,387605.21935670,1746,2.26569000,195720.03346700,0
1790929800000000,86400.00000000,86435.49000000,86388.00000000,86416.76000000,5.09130000,1790929859999999,439970.62833690,3110,3.27618000,283114.37956590,0
1790929860000000,86416.75000000,86416.76000000,86386.04000000,86392.00000000,3.63466000,1790929919999999,314020.26853760,1767,1.22990000,106253.30203100,0
1790929920000000,86392.01000000,86392.01000000,86314.17000000,86314.18000000,7.04517000,1790929979999999,608321.01887130,2216,0.68068000,58764.22762540,0
1790929980000000,86314.18000000,86322.01000000,86300.04000000,86300.04000000,3.74765000,1790930039999999,323471.13451270,1403,0.55397000,47817.32141150,0
1790930040000000,86300.04000000,86319.70000000,86258.10000000,86310.01000000,15.23759000,1790930099999999,1314837.10597770,3319,4.15007000,358072.80693820,0
1790930100000000,86310.01000000,86315.21000000,86289.47000000,86315.20000000,5.49021000,1790930159999999,473841.54846210,1419,1.97956000,170848.71924390,0
1790930160000000,86315.20000000,86362.01000000,86315.20000000,86348.97000000,7.11316000,1790930219999999,614170.15110210,1589,5.03822000,434986.51285150,0
1790930220000000,86348.96000000,86461.53000000,86348.96000000,86461.52000000,8.55670000,1790930279999999,739330.28233300,2050,8.16575000,705560.24863050,0
1790930280000000,86461.52000000,86474.01000000,86418.06000000,86438.36000000,9.28749000,1790930339999999,802795.16054840,1672,1.61495000,139600.72657360,0
1790930340000000,86438.37000000,86445.89000000,86436.00000000,86436.01000000,2.80645000,1790930399999999,242593.64814480,862,1.08744000,93997.80608620,0
1790930400000000,86436.00000000,86436.00000000,86410.00000000,86434.01000000,9.10104000,1790930459999999,786526.41844110,1228,5.25409000,454047.21972660,0
1790930460000000,86434.01000000,86440.01000000,86397.31000000,86397.31000000,17.29861000,1790930519999999,1495066.23768560,2020,11.46327000,990792.67997310,0
1790930520000000,86397.31000000,86397.32000000,86370.68000000,86370.68000000,2.09434000,1790930579999999,180917.21576070,864,0.53218000,45971.17478120,0
1790930580000000,86370.68000000,86370.69000000,86355.38000000,86355.38000000,6.80143000,1790930639999999,587379.82926750,1117,2.03196000,175477.30076220,0
1790930640000000,86355.39000000,86355.39000000,86323.83000000,86323.84000000,5.89496000,1790930699999999,508976.38022590,1033,3.37519000,291424.46470990,0
1790930700000000,86323.83000000,86323.84000000,86315.84000000,86315.84000000,0.85617000,1790930759999999,73906.67546520,334,0.37403000,32287.48806540,0
1790930760000000,86315.85000000,86344.01000000,86315.84000000,86338.01000000,7.41679000,1790930819999999,640274.88957640,1400,4.68586000,404537.02535180,0
1790930820000000,86338.01000000,86340.00000000,86300.00000000,86339.99000000,13.21359000,1790930879999999,1140616.09952230,3081,1.92764000,166393.02684120,0
1790930880000000,86339.99000000,86340.00000000,86305.10000000,86306.00000000,5.35639000,1790930939999999,462405.90114910,2490,1.00719000,86948.72296620,0
1790930940000000,86306.01000000,86306.01000000,86305.99000000,86306.00000000,1.21174000,1790930999999999,104580.43563690,254,0.37986000,32784.20062170,0
1790931000000000,86305.99000000,86306.01000000,86296.95000000,86306.01000000,13.85189000,1790931059999999,1195492.09834300,1102,12.35668000,1066452.13626810,0
1790931060000000,86306.01000000,86334.96000000,86298.00000000,86298.00000000,16.82307000,1790931119999999,1452126.26667840,2722,12.01362000,1036970.15014790,0
1790931120000000,86298.01000000,86301.93000000,86283.31000000,86283.31000000,10.91416000,1790931179999999,941870.70137900,1947,2.75182000,237470.13226730,0
1790931180000000,86283.32000000,86283.32000000,86247.74000000,86279.34000000,13.42179000,1790931239999999,1157816.65819110,3207,3.79139000,327049.23803570,0
1790931240000000,86279.34000000,86279.34000000,86248.11000000,86249.99000000,9.39260000,1790931299999999,810297.25884840,2615,0.21018000,18131.94272610,0
1790931300000000,86249.99000000,86322.01000000,86249.96000000,86322.01000000,12.30577000,1790931359999999,1061581.24533350,1780,11.38870000,982445.25451500,0
1790931360000000,86322.00000000,86322.01000000,86308.00000000,86308.01000000,2.62814000,1790931419999999,226861.50232720,688,0.09319000,8044.05103190,0
1790931420000000,86308.01000000,86308.01000000,86263.74000000,86263.74000000,13.76304000,1790931479999999,1187461.93588930,1661,6.87635000,593302.85078510,0
1790931480000000,86263.75000000,86263.75000000,86254.00000000,86254.01000000,7.44329000,1790931539999999,642039.39565530,666,4.94839000,426828.71051170,0
1790931540000000,86254.00000000,86254.00000000,86197.00000000,86236.00000000,15.66349000,1790931599999999,1350511.19879060,2916,4.59829000,396481.91102920,0
1790931600000000,86236.01000000,86255.00000000,86236.00000000,86243.39000000,6.73805000,1790931659999999,581128.85963660,2454,3.26501000,281586.49099120,0
1790931660000000,86243.38000000,86243.39000000,86207.14000000,86211.99000000,2.94604000,1790931719999999,254016.41532730,1547,1.40056000,120752.93662460,0
1790931720000000,86211.99000000,86211.99000000,86185.91000000,86187.97000000,6.08671000,1790931779999999,524627.69271680,1378,1.82083000,156935.37280650,0
1790931780000000,86187.98000000,86187.98000000,86162.13000000,86162.14000000,3.39539000,1790931839999999,292585.68112300,879,1.71639000,147897.75561120,0
1790931840000000,86162.13000000,86185.74000000,86138.00000000,86184.63000000,7.43995000,1790931899999999,640981.74480650,2857,3.18388000,274321.33498270,0
1790931900000000,86184.63000000,86251.52000000,86184.63000000,86230.26000000,6.16696000,1790931959999999,531799.28348840,2648,2.87926000,248269.86649430,0
1790931960000000,86230.25000000,86237.66000000,86200.00000000,86200.00000000,15.11137000,1790932019999999,1302860.51477850,2828,1.97119000,169967.85368900,0
1790932020000000,86200.01000000,86222.01000000,86200.00000000,86220.48000000,3.21726000,1790932079999999,277383.04958070,1399,1.37111000,118212.30231040,0
1790932080000000,86220.48000000,86220.48000000,86149.40000000,86150.59000000,15.11593000,1790932139999999,1302459.50939570,2089,1.08823000,93769.90018450,0
1790932140000000,86150.59000000,86179.82000000,86150.58000000,86179.82000000,62.21300000,1790932199999999,5360490.72910000,2762,10.16944000,876285.33714580,0
1790932200000000,86179.81000000,86215.07000000,86169.69000000,86183.83000000,55.11502000,1790932259999999,4750414.93959310,3907,5.46025000,470628.92536000,0
1790932260000000,86183.83000000,86193.52000000,86165.60000000,86184.94000000,55.74964000,1790932319999999,4804597.12741010,1827,4.05902000,349815.70235170,0
1790932320000000,86184.94000000,86200.00000000,86176.02000000,86192.21000000,54.91967000,1790932379999999,4733715.91746030,2883,7.47245000,644059.91481490,0
1790932380000000,86192.21000000,86233.00000000,86185.53000000,86230.54000000,58.30937000,1790932439999999,5027066.12630670,2817,6.95647000,599744.68208540,0
1790932440000000,86230.55000000,86248.40000000,86179.80000000,86194.03000000,83.62398000,1790932499999999,7209513.41894500,2934,16.85253000,1452754.21197170,0
1790932500000000,86194.02000000,86224.01000000,86179.32000000,86188.01000000,60.71178000,1790932559999999,5233641.99773170,2209,11.50329000,991640.08711920,0
1790932560000000,86188.01000000,86233.52000000,86172.14000000,86197.39000000,68.26632000,1790932619999999,5884331.33042000,3305,10.43272000,899324.57607100,0
1790932620000000,86197.38000000,86240.00000000,86170.02000000,86228.01000000,57.72991000,1790932679999999,4976709.54505580,3541,11.09217000,956250.60916370,0
1790932680000000,86228.01000000,86228.01000000,86165.20000000,86186.01000000,64.58959000,1790932739999999,5567369.12553060,2800,8.77181000,756077.39094080,0
1790932740000000,86186.01000000,86221.01000000,86169.60000000,86196.01000000,59.73284000,1790932799999999,5148523.57720700,3308,13.17319000,1135430.11195270,0
1790932800000000,86196.01000000,86226.01000000,86174.54000000,86185.85000000,63.54063000,1790932859999999,5477483.21909620,2197,10.74493000,926261.87098660,0
1790932860000000,86185.85000000,86230.23000000,86170.12000000,86192.01000000,60.15325000,1790932919999999,5185508.72612130,2380,15.58506000,1343520.90323140,0
1790932920000000,86192.01000000,86194.77000000,86149.80000000,86168.51000000,63.00412000,1790932979999999,5429793.01267230,2142,11.44040000,985929.35517170,0
1790932980000000,86168.51000000,86186.39000000,86124.14000000,86139.31000000,65.43442000,1790933039999999,5637962.83103640,2953,14.31170000,1233154.79109300,0
1790933040000000,86139.31000000,86164.01000000,86120.96000000,86146.95000000,73.42843000,1790933099999999,6325808.17974580,4012,22.06666000,1901043.14726340,0
1790933100000000,86146.94000000,86166.01000000,86132.51000000,86153.92000000,15.08878000,1790933159999999,1299942.21711660,1563,6.38183000,549825.54767660,0
1790933160000000,86153.93000000,86153.93000000,86140.00000000,86140.01000000,4.64031000,1790933219999999,399744.18611780,996,0.16122000,13888.62012900,0
1790933220000000,86140.01000000,86140.01000000,86108.00000000,86108.40000000,9.48635000,1790933279999999,817000.55306820,1286,1.32840000,114394.17364080,0
1790933280000000,86108.40000000,86134.00000000,86108.39000000,86123.00000000,7.69743000,1790933339999999,662939.55571540,1000,2.64709000,227964.28284160,0
1790933340000000,86123.00000000,86209.08000000,86123.00000000,86209.07000000,17.57881000,1790933399999999,1514460.99698660,1375,16.48722000,1420388.51876580,0
1790933400000000,86209.08000000,86234.01000000,86176.36000000,86234.01000000,11.23609000,1790933459999999,968547.67213410,2806,3.58352000,308910.29236650,0
1790933460000000,86234.00000000,86346.81000000,86216.17000000,86346.81000000,14.87527000,1790933519999999,1283470.93381890,3646,12.67722000,1093908.11350130,0
1790933520000000,86346.80000000,86374.01000000,86320.18000000,86358.00000000,12.07619000,1790933579999999,1042738.85047230,3935,5.82306000,502804.62671700,0
1790933580000000,86358.00000000,86371.25000000,86358.00000000,86358.00000000,6.11028000,1790933639999999,527717.53072820,1360,4.44241000,383668.84942510,0
1790933640000000,86358.01000000,86378.75000000,86358.00000000,86366.93000000,26.71518000,1790933699999999,2307414.72961670,2123,23.66101000,2043623.66472060,0
1790933700000000,86366.92000000,86366.93000000,86309.21000000,86314.80000000,15.76544000,1790933759999999,1361269.81990270,2583,2.47877000,214017.91387640,0
1790933760000000,86314.80000000,86320.16000000,86311.00000000,86312.01000000,3.83047000,1790933819999999,330639.25008230,1196,0.61485000,53071.01680610,0
1790933820000000,86312.01000000,86328.00000000,86303.62000000,86303.63000000,5.05156000,1790933879999999,436015.23724340,1477,1.91751000,165502.23166580,0
1790933880000000,86303.62000000,86369.64000000,86303.62000000,86369.63000000,5.04864000,1790933939999999,435893.57170950,1893,4.28537000,369992.17395210,0
1790933940000000,86369.63000000,86374.08000000,86369.63000000,86370.99000000,6.52556000,1790933999999999,563620.94860320,625,4.66222000,402680.09468660,0
1790934000000000,86371.00000000,86396.91000000,86370.99000000,86396.58000000,26.78091000,1790934059999999,2313201.61447110,1212,25.03473000,2162343.16735870,0
1790934060000000,86396.58000000,86396.59000000,86368.00000000,86368.01000000,6.90232000,1790934119999999,596246.98542080,1071,1.69663000,146562.34060660,0
1790934120000000,86368.01000000,86408.01000000,86354.01000000,86384.01000000,11.73405000,1790934179999999,1013684.66268460,3107,5.59978000,483750.27493900,0
1790934180000000,86384.01000000,86406.57000000,86366.00000000,86369.32000000,13.47956000,1790934239999999,1164537.33230750,1979,7.38123000,637717.37821810,0
1790934240000000,86369.32000000,86369.32000000,86338.14000000,86338.14000000,8.39761000,1790934299999999,725121.24694130,1477,1.07962000,93218.51908690,0
1790934300000000,86338.14000000,86348.01000000,86332.31000000,86348.00000000,18.22138000,1790934359999999,1573219.13750920,1065,1.96245000,169433.27155650,0
1790934360000000,86348.00000000,86350.01000000,86297.40000000,86328.01000000,17.56670000,1790934419999999,1516595.92201960,2740,8.92456000,770506.11519780,0
1790934420000000,86328.01000000,86328.01000000,86284.66000000,86284.66000000,8.58468000,1790934479999999,740860.25794200,2499,1.90511000,164400.50048610,0
1790934480000000,86284.66000000,86340.00000000,86284.66000000,86340.00000000,4.57353000,1790934539999999,394738.98675020,1569,4.08869000,352896.06401260,0
1790934540000000,86339.99000000,86402.56000000,86339.99000000,86342.42000000,12.79522000,1790934599999999,1105138.52920650,3474,6.72505000,580869.04263610,0
1790934600000000,86342.41000000,86388.00000000,86342.41000000,86385.71000000,8.78162000,1790934659999999,758440.12872800,2155,6.86089000,592544.47659720,0
1790934660000000,86385.71000000,86397.36000000,86385.70000000,86394.59000000,7.82440000,1790934719999999,675959.89001190,1988,4.50625000,389290.10033230,0
1790934720000000,86394.58000000,86406.84000000,86389.64000000,86400.01000000,7.82313000,1790934779999999,675918.45339340,1949,4.62622000,399700.98674500,0
1790934780000000,86400.01000000,86425.92000000,86400.01000000,86425.92000000,5.83390000,1790934839999999,504130.48957990,1994,4.60585000,398003.42262750,0
1790934840000000,86425.92000000,86430.52000000,86416.00000000,86416.01000000,10.37113000,1790934899999999,896321.59752420,999,6.13926000,530581.42945630,0
1790934900000000,86416.01000000,86418.01000000,86416.00000000,86416.00000000,2.08776000,1790934959999999,180416.82059150,491,0.80970000,69971.11943800,0
1790934960000000,86416.00000000,86432.01000000,86416.00000000,86426.00000000,6.26818000,1790935019999999,541761.61722210,1031,5.40410000,467079.79286920,0
1790935020000000,86426.00000000,86426.01000000,86389.64000000,86389.64000000,3.04709000,1790935079999999,263286.28511660,868,0.24243000,20946.11121350,0
1790935080000000,86389.64000000,86391.62000000,86350.00000000,86350.02000000,18.65556000,1790935139999999,1611561.62657500,1132,12.67051000,1094590.91508970,0
1790935140000000,86350.02000000,86371.83000000,86350.01000000,86364.02000000,7.10682000,1790935199999999,613775.92556330,1126,3.77640000,326138.69098160,0
1790935200000000,86364.01000000,86408.80000000,86360.00000000,86408.79000000,7.14748000,1790935259999999,617445.42386080,2531,4.62800000,399807.79526220,0
1790935260000000,86408.79000000,86408.80000000,86376.72000000,86376.72000000,3.21524000,1790935319999999,277785.55648050,1071,0.56847000,49107.92458090,0
1790935320000000,86376.73000000,86386.87000000,86354.53000000,86354.53000000,2.95145000,1790935379999999,254918.46604780,1215,0.83414000,72048.87303850,0
1790935380000000,86354.54000000,86369.78000000,86350.01000000,86369.77000000,8.78466000,1790935439999999,758638.80519090,1787,5.87947000,507732.24471320,0
1790935440000000,86369.78000000,86426.00000000,86369.77000000,86422.00000000,9.99698000,1790935499999999,863765.82260600,2023,8.58146000,741441.05235260,0
1790935500000000,86422.00000000,86438.46000000,86418.00000000,86418.01000000,4.55369000,1790935559999999,393571.34645150,1650,2.83512000,245040.39913170,0
1790935560000000,86418.00000000,86418.01000000,86359.12000000,86359.12000000,4.40533000,1790935619999999,380606.73148340,1821,0.41778000,36088.60054280,0
1790935620000000,86359.12000000,86423.18000000,86359.12000000,86405.72000000,5.14021000,1790935679999999,444108.21593050,2329,3.35860000,290160.70178730,0
1790935680000000,86405.71000000,86416.01000000,86405.71000000,86416.01000000,1.15521000,1790935739999999,99822.62139570,748,0.77444000,66920.16801720,0
1790935740000000,86416.01000000,86416.01000000,86378.38000000,86378.38000000,4.83304000,1790935799999999,417616.61986780,1311,1.34398000,116136.07122160,0
1790935800000000,86378.38000000,86378.39000000,86362.25000000,86362.26000000,3.54708000,1790935859999999,306357.00036010,1030,0.76472000,66047.92303960,0
1790935860000000,86362.26000000,86376.00000000,86362.01000000,86373.22000000,7.73880000,1790935919999999,668396.66008840,1603,4.51646000,390078.36083610,0
1790935920000000,86373.22000000,86373.23000000,86363.39000000,86371.04000000,2.02854000,1790935979999999,175204.11048580,862,1.00079000,86437.37488730,0
1790935980000000,86371.04000000,86371.04000000,86346.00000000,86346.01000000,8.55811000,1790936039999999,739018.89578410,978,5.87611000,507391.42517150,0
1790936040000000,86346.00000000,86346.01000000,86322.03000000,86336.01000000,6.30048000,1790936099999999,543943.82069450,1307,2.86945000,247715.81529080,0
1790936100000000,86336.01000000,86359.35000000,86336.01000000,86359.35000000,5.22821000,1790936159999999,451411.76892540,997,3.62535000,313024.58270470,0
1790936160000000,86359.35000000,86387.04000000,86359.35000000,86383.60000000,5.02951000,1790936219999999,434427.71543910,1741,3.90532000,337320.22045020,0
1790936220000000,86383.59000000,86387.99000000,86304.87000000,86338.90000000,63.61885000,1790936279999999,5493024.71835890,2950,4.10173000,354090.69410370,0
1790936280000000,86338.89000000,86376.01000000,86338.89000000,86359.51000000,2.52127000,1790936339999999,217748.83607630,1550,1.27460000,110076.06213170,0
1790936340000000,86359.50000000,86359.51000000,86347.21000000,86347.22000000,5.75202000,1790936399999999,496715.30061850,842,1.05523000,91123.31862240,0
1790936400000000,86347.22000000,86366.01000000,86347.22000000,86361.10000000,5.39517000,1790936459999999,465913.64417350,1742,3.63479000,313887.12275650,0
1790936460000000,86361.10000000,86369.82000000,86330.25000000,86348.07000000,7.05301000,1790936519999999,609027.35273190,2156,1.79541000,155028.14680980,0
1790936520000000,86348.06000000,86348.07000000,86270.91000000,86270.92000000,17.09178000,1790936579999999,1475305.56106580,3081,3.90609000,337133.63289130,0
1790936580000000,86270.91000000,86270.92000000,86242.91000000,86250.00000000,5.42027000,1790936639999999,467536.63864860,1371,1.81471000,156527.07924330,0
1790936640000000,86250.00000000,86250.00000000,86172.00000000,86186.97000000,10.87872000,1790936699999999,937846.86608250,2646,1.94095000,167299.35450910,0
1790936700000000,86186.98000000,86244.01000000,86177.99000000,86236.17000000,17.21225000,1790936759999999,1483639.85286600,2809,13.91078000,1199054.19147760,0
1790936760000000,86236.17000000,86281.97000000,86236.16000000,86281.97000000,7.09986000,1790936819999999,612421.06905070,1757,3.49286000,301271.49954150,0
1790936820000000,86281.96000000,86326.00000000,86268.00000000,86326.00000000,5.55665000,1790936879999999,479500.88550170,1928,3.65454000,315388.73008260,0
1790936880000000,86326.01000000,86395.85000000,86326.01000000,86395.85000000,4.72747000,1790936939999999,408298.06127990,1833,3.71083000,320489.37265710,0
1790936940000000,86395.84000000,86413.54000000,86395.84000000,86409.39000000,10.83572000,1790936999999999,936292.43611490,1146,6.06894000,524391.66597660,0
1790937000000000,86408.18000000,86408.18000000,86374.01000000,86378.65000000,3.00541000,1790937059999999,259633.94246970,1431,0.85050000,73464.68071100,0
1790937060000000,86378.66000000,86378.66000000,86359.59000000,86359.59000000,1.91358000,1790937119999999,165280.40182750,813,0.41184000,35569.53197140,0
1790937120000000,86359.60000000,86388.01000000,86350.78000000,86388.01000000,7.54010000,1790937179999999,651299.52336530,1568,5.92197000,511559.88780020,0
1790937180000000,86388.00000000,86411.79000000,86388.00000000,86411.79000000,4.32299000,1790937239999999,373532.17090480,1014,4.08515000,352981.02926570,0
1790937240000000,86411.79000000,86466.01000000,86411.78000000,86435.79000000,14.19899000,1790937299999999,1227496.25260230,2592,6.09374000,526742.84430710,0
1790937300000000,86435.80000000,86500.00000000,86428.58000000,86499.99000000,8.94141000,1790937359999999,773132.61197330,2691,6.52549000,564285.59598060,0
1790937360000000,86499.99000000,86499.99000000,86444.10000000,86444.10000000,8.47803000,1790937419999999,733101.34321210,2061,0.89368000,77262.00168980,0
1790937420000000,86444.10000000,86444.11000000,86372.35000000,86372.35000000,9.08099000,1790937479999999,784739.98773250,2697,1.46353000,126488.14068300,0
1790937480000000,86372.34000000,86391.49000000,86372.34000000,86391.49000000,6.27312000,1790937539999999,541878.96781640,1342,4.83366000,417534.75183240,0
1790937540000000,86391.50000000,86409.03000000,86388.76000000,86393.72000000,8.32970000,1790937599999999,719715.14861590,2132,3.33280000,287968.32434870,0
1790937600000000,86393.72000000,86404.24000000,86390.00000000,86404.24000000,2.09619000,1790937659999999,181102.32830380,1016,1.19771000,103478.46690300,0
1790937660000000,86404.24000000,86469.68000000,86404.24000000,86469.68000000,4.84296000,1790937719999999,418601.55537990,2095,3.94051000,340620.82050640,0
1790937720000000,86469.68000000,86482.00000000,86462.61000000,86475.90000000,9.12444000,1790937779999999,789035.09127780,2093,3.52061000,304452.05229310,0
1790937780000000,86475.90000000,86493.43000000,86452.12000000,86452.13000000,21.32689000,1790937839999999,1844468.55017220,2046,2.13030000,184208.57790200,0
1790937840000000,86452.12000000,86452.13000000,86418.06000000,86428.01000000,5.93096000,1790937899999999,512611.54351620,1637,1.09344000,94499.89060540,0
1790937900000000,86428.00000000,86428.01000000,86407.80000000,86407.81000000,10.80557000,1790937959999999,933858.34633330,921,0.61111000,52809.23463500,0
1790937960000000,86407.81000000,86407.81000000,86400.00000000,86400.00000000,1.00387000,1790938019999999,86737.45770400,451,0.14819000,12803.88332590,0
1790938020000000,86400.00000000,86400.01000000,86364.00000000,86364.00000000,5.64806000,1790938079999999,487907.67489800,1267,0.84029000,72584.55763920,0
1790938080000000,86364.00000000,86364.01000000,86310.00000000,86324.00000000,11.41141000,1790938139999999,985139.64365800,2398,3.43693000,296667.68931790,0
1790938140000000,86324.01000000,86324.01000000,86305.77000000,86318.01000000,11.56086000,1790938199999999,997896.13866320,1471,3.47279000,299739.76023100,0
1790938200000000,86318.01000000,86318.01000000,86296.61000000,86296.62000000,3.14290000,1790938259999999,271255.70158760,794,0.39127000,33766.66071660,0
1790938260000000,86296.62000000,86298.01000000,86294.01000000,86298.01000000,2.79800000,1790938319999999,241457.16698830,1026,1.97807000,170699.53688120,0
1790938320000000,86298.01000000,86298.01000000,86298.00000000,86298.01000000,1.85760000,1790938379999999,160307.16626210,324,0.14621000,12617.63204210,0
1790938380000000,86298.00000000,86298.01000000,86292.00000000,86292.00000000,2.79758000,1790938439999999,241421.67856230,557,1.02405000,88373.47650210,0
1790938440000000,86292.01000000,86358.01000000,86292.00000000,86358.01000000,16.95932000,1790938499999999,1463744.80853970,1920,16.08264000,1388062.21972470,0
1790938500000000,86358.00000000,86395.89000000,86348.00000000,86348.00000000,5.85468000,1790938559999999,505717.68957240,2252,2.39265000,206677.18200360,0
1790938560000000,86348.00000000,86348.01000000,86322.91000000,86322.92000000,2.67319000,1790938619999999,230790.19390340,1471,1.20016000,103615.30600780,0
1790938620000000,86322.91000000,86322.92000000,86304.75000000,86304.76000000,3.52936000,1790938679999999,304619.46162660,774,0.18251000,15752.88304740,0
1790938680000000,86304.75000000,86304.76000000,86299.28000000,86304.76000000,1.90625000,1790938739999999,164511.90173530,499,0.95939000,82797.06937690,0
1790938740000000,86304.76000000,86304.76000000,86297.59000000,86297.60000000,1.39399000,1790938799999999,120305.19151390,566,0.14729000,12711.68606480,0
1790938800000000,86297.60000000,86328.48000000,86278.83000000,86278.84000000,10.88065000,1790938859999999,939079.68593180,2234,6.69817000,578110.81855740,0
1790938860000000,86278.84000000,86320.01000000,86274.00000000,86317.94000000,10.43415000,1790938919999999,900442.10272380,1659,8.54428000,737332.99387860,0
1790938920000000,86317.93000000,86350.01000000,86317.93000000,86348.01000000,3.84166000,1790938979999999,331680.08667040,1768,2.64796000,228614.58885690,0
1790938980000000,86348.00000000,86348.01000000,86324.50000000,86341.06000000,2.83937000,1790939039999999,245141.24630370,1749,0.80375000,69389.92537680,0
1790939040000000,86341.05000000,86382.29000000,86341.05000000,86382.29000000,6.26715000,1790939099999999,541247.48741280,1902,2.39655000,206971.12203670,0
1790939100000000,86382.28000000,86395.46000000,86373.18000000,86373.18000000,2.71996000,1790939159999999,234969.86270530,1216,0.64269000,55520.05176680,0
1790939160000000,86373.18000000,86400.01000000,86373.18000000,86400.00000000,2.69132000,1790939219999999,232491.61944010,1239,2.44229000,210976.64879590,0
1790939220000000,86400.00000000,86422.01000000,86400.00000000,86422.01000000,4.60190000,1790939279999999,397659.34074590,873,3.29206000,284460.60518710,0
1790939280000000,86422.00000000,86453.64000000,86405.87000000,86453.63000000,8.50382000,1790939339999999,734932.48779900,1880,5.30828000,458781.43012780,0
1790939340000000,86453.64000000,86491.59000000,86453.63000000,86491.59000000,2.51095000,1790939399999999,217137.06798440,1821,1.70222000,147200.67129950,0
1790939400000000,86491.58000000,86500.00000000,86471.29000000,86500.00000000,8.87567000,1790939459999999,767634.26477150,2041,3.98931000,345019.56491250,0
1790939460000000,86499.99000000,86500.00000000,86499.99000000,86499.99000000,1.67220000,1790939519999999,144645.28775130,429,0.44733000,38694.04500000,0
1790939520000000,86500.00000000,86500.00000000,86467.91000000,86467.91000000,23.41252000,1790939579999999,2024644.93816120,1701,10.86500000,939537.06369210,0
1790939580000000,86467.92000000,86467.92000000,86451.56000000,86456.01000000,8.15275000,1790939639999999,704883.01443250,1110,3.66300000,316689.70114760,0
1790939640000000,86456.01000000,86458.01000000,86432.21000000,86458.01000000,9.35874000,1790939699999999,809047.05018580,1916,1.56430000,135218.77059530,0
1790939700000000,86458.00000000,86492.79000000,86458.00000000,86492.79000000,2.62892000,1790939759999999,227327.61004990,1339,2.23943000,193648.53098900,0
1790939760000000,86492.78000000,86499.00000000,86444.10000000,86444.10000000,18.58081000,1790939819999999,1606832.42564250,2131,1.56744000,135560.74254960,0
1790939820000000,86444.10000000,86478.01000000,86427.68000000,86478.00000000,8.54169000,1790939879999999,738364.26297100,1918,3.45204000,298405.37709240,0
1790939880000000,86478.00000000,86478.01000000,86451.86000000,86451.86000000,7.33582000,1790939939999999,634305.29496820,931,1.25691000,108666.39730490,0
1790939940000000,86451.87000000,86483.23000000,86451.86000000,86483.23000000,5.83641000,1790939999999999,504693.84477950,2167,3.31577000,286708.03607870,0
1790940000000000,86483.23000000,86489.27000000,86483.22000000,86489.27000000,2.79204000,1790940059999999,241472.14835020,531,1.84566000,159620.78979580,0
1790940060000000,86489.27000000,86500.00000000,86473.18000000,86473.18000000,11.55624000,1790940119999999,999518.05838060,1519,2.03584000,176081.09305650,0
1790940120000000,86473.19000000,86480.01000000,86473.18000000,86480.01000000,2.09197000,1790940179999999,180904.49320060,554,0.99797000,86300.72478640,0
1790940180000000,86480.01000000,86480.01000000,86450.00000000,86450.01000000,6.73363000,1790940239999999,582217.81978140,1204,1.03142000,89174.22825270,0
1790940240000000,86450.00000000,86456.01000000,86426.00000000,86456.00000000,7.28302000,1790940299999999,629539.10560330,1542,1.90146000,164355.53146440,0
1790940300000000,86456.01000000,86465.11000000,86437.60000000,86452.15000000,5.31971000,1790940359999999,459903.16068380,1237,1.52708000,132010.25134200,0
1790940360000000,86452.16000000,86452.16000000,86452.15000000,86452.15000000,1.40660000,1790940419999999,121603.59987740,213,0.56874000,49168.80147840,0
1790940420000000,86452.16000000,86452.16000000,86431.33000000,86431.70000000,6.12412000,1790940479999999,529362.38548870,617,2.49884000,215981.75809830,0
1790940480000000,86431.70000000,86431.70000000,86431.33000000,86431.34000000,6.42466000,1790940539999999,555293.81118610,269,0.91654000,79218.10241600,0
1790940540000000,86431.34000000,86431.34000000,86431.33000000,86431.33000000,3.33646000,1790940599999999,288374.69382290,237,1.85311000,160166.78046740,0
1790940600000000,86431.34000000,86431.34000000,86431.33000000,86431.34000000,1.89080000,1790940659999999,163424.36432630,208,0.55623000,48075.70424820,0
1790940660000000,86431.33000000,86529.29000000,86425.21000000,86529.29000000,19.64589000,1790940719999999,1698662.13739250,2723,12.65710000,1094573.36814180,0
1790940720000000,86529.28000000,86547.85000000,86493.33000000,86532.99000000,12.71075000,1790940779999999,1099785.59324760,2326,4.56852000,395285.76104230,0
1790940780000000,86532.99000000,86533.00000000,86497.80000000,86497.81000000,15.79789000,1790940839999999,1366857.75551500,1322,0.93462000,80863.48718950,0
1790940840000000,86497.81000000,86506.85000000,86490.83000000,86490.84000000,4.78275000,1790940899999999,413712.46704500,954,1.16637000,100890.03038080,0
1790940900000000,86490.84000000,86506.85000000,86490.83000000,86495.40000000,7.41348000,1790940959999999,641278.65697190,1011,1.97422000,170766.72953840,0
1790940960000000,86495.39000000,86522.01000000,86495.39000000,86522.01000000,4.28888000,1790941019999999,371016.53452990,913,2.83807000,245513.69499320,0
1790941020000000,86522.00000000,86527.10000000,86522.00000000,86527.10000000,3.29493000,1790941079999999,285092.27216100,464,1.79924000,155678.78333120,0
1790941080000000,86527.10000000,86527.10000000,86501.55000000,86502.00000000,9.30494000,1790941139999999,804995.16529960,1457,2.47003000,213694.54345180,0
1790941140000000,86502.00000000,86503.43000000,86497.49000000,86497.49000000,7.46756000,1790941199999999,645955.39898890,635,0.57731000,49937.26075520,0
1790941200000000,86497.50000000,86497.50000000,86462.58000000,86462.58000000,8.54547000,1790941259999999,739030.71975440,1639,1.57328000,136052.24631840,0
1790941260000000,86462.58000000,86490.63000000,86442.77000000,86474.01000000,10.59202000,1790941319999999,915854.17231060,2213,4.40448000,380813.23948090,0
1790941320000000,86474.01000000,86495.36000000,86474.00000000,86495.36000000,4.22699000,1790941379999999,365560.80954290,945,3.63551000,314409.40700330,0
1790941380000000,86495.36000000,86509.85000000,86476.00000000,86476.01000000,6.42610000,1790941439999999,555834.16661500,1826,2.09760000,181445.94819970,0
1790941440000000,86476.00000000,86498.01000000,86450.12000000,86497.53000000,35.98601000,1790941499999999,3112043.87036740,2046,31.33507000,2709832.51840630,0
1790941500000000,86497.53000000,86514.85000000,86480.00000000,86514.85000000,9.15145000,1790941559999999,791564.73169250,1539,2.91026000,251728.81370200,0
1790941560000000,86514.85000000,86521.52000000,86511.57000000,86516.72000000,6.67398000,1790941619999999,577399.00854380,1192,3.50799000,303487.81580440,0
1790941620000000,86516.72000000,86516.73000000,86490.98000000,86490.98000000,10.54782000,1790941679999999,912368.63787260,861,6.37232000,551184.60715080,0
1790941680000000,86490.98000000,86508.72000000,86490.98000000,86494.75000000,5.73348000,1790941739999999,495930.60498850,1190,3.74330000,323775.49386910,0
1790941740000000,86494.75000000,86496.01000000,86467.34000000,86496.00000000,11.37559000,1790941799999999,983770.07067420,1840,6.23654000,539308.29312570,0
1790941800000000,86496.00000000,86507.00000000,86496.00000000,86507.00000000,5.54947000,1790941859999999,480054.85000180,712,2.51996000,217985.50882480,0
1790941860000000,86507.00000000,86530.01000000,86507.00000000,86530.01000000,1.46656000,1790941919999999,126881.14111750,956,1.03548000,89585.15416430,0
1790941920000000,86530.01000000,86562.50000000,86530.00000000,86543.45000000,6.73030000,1790941979999999,582523.53677890,1487,2.94188000,254631.46295050,0
1790941980000000,86543.44000000,86543.45000000,86490.17000000,86490.17000000,9.64142000,1790942039999999,834201.75018410,1114,0.71065000,61498.38701750,0
1790942040000000,86490.17000000,86504.01000000,86490.17000000,86492.50000000,8.39918000,1790942099999999,726534.50755700,1138,0.74321000,64283.68601200,0
1790942100000000,86492.50000000,86492.50000000,86431.59000000,86431.59000000,12.14926000,1790942159999999,1050661.85584760,1436,3.82315000,330673.54006400,0
1790942160000000,86431.01000000,86454.01000000,86431.00000000,86454.01000000,5.01446000,1790942219999999,433469.86293300,1377,2.12822000,183964.75053180,0
1790942220000000,86454.00000000,86467.29000000,86440.28000000,86449.99000000,10.87770000,1790942279999999,940392.10311220,1505,2.76482000,239023.61613550,0
1790942280000000,86450.00000000,86450.00000000,86444.06000000,86444.07000000,4.67743000,1790942339999999,404343.77401460,572,1.27333000,110074.16342080,0
1790942340000000,86444.06000000,86445.04000000,86424.85000000,86424.85000000,6.59677000,1790942399999999,570209.24034240,1346,2.14181000,185139.31502630,0
1790942400000000,86424.85000000,86424.85000000,86380.00000000,86408.01000000,9.62781000,1790942459999999,831834.74794610,2955,3.22881000,278932.19030690,0
1790942460000000,86408.01000000,86408.01000000,86340.06000000,86344.01000000,11.14887000,1790942519999999,962807.80375790,2119,1.22483000,105768.32998520,0
1790942520000000,86344.00000000,86344.01000000,86308.00000000,86309.23000000,13.29316000,1790942579999999,1147597.34739640,2608,3.54070000,305677.07915440,0
1790942580000000,86309.22000000,86358.01000000,86309.22000000,86323.54000000,7.49013000,1790942639999999,646663.61468350,2320,2.67001000,230515.69110700,0
1790942640000000,86323.55000000,86378.01000000,86323.55000000,86378.01000000,3.84485000,1790942699999999,332029.37329620,1488,2.57487000,222342.42637630,0
1790942700000000,86378.00000000,86426.08000000,86378.00000000,86378.00000000,12.37807000,1790942759999999,1069488.57479520,2174,6.09930000,526985.07719410,0
1790942760000000,86378.01000000,86426.08000000,86378.00000000,86426.07000000,5.90524000,1790942819999999,510213.87556490,1373,4.40427000,380525.30390710,0
1790942820000000,86426.07000000,86456.01000000,86426.07000000,86456.01000000,3.94728000,1790942879999999,341205.37176560,975,2.04125000,176441.91258880,0
1790942880000000,86456.00000000,86460.01000000,86436.01000000,86460.00000000,3.71052000,1790942939999999,320759.74303160,1684,1.41325000,122174.84840100,0
1790942940000000,86460.01000000,86472.01000000,86450.00000000,86450.00000000,4.66413000,1790942999999999,403279.11325720,1507,1.39255000,120408.31814050,0
1790943000000000,86450.00000000,86476.01000000,86444.60000000,86476.01000000,6.51329000,1790943059999999,563095.52855040,1730,2.66265000,230202.60536980,0
1790943060000000,86476.01000000,86483.20000000,86466.54000000,86466.55000000,3.65861000,1790943119999999,316382.55060300,937,1.20735000,104399.38526610,0
1790943120000000,86466.55000000,86466.55000000,86410.41000000,86426.01000000,9.76917000,1790943179999999,844455.35418160,2871,1.57882000,136438.56232840,0
1790943180000000,86426.00000000,86426.00000000,86390.17000000,86410.16000000,7.14847000,1790943239999999,617681.15243750,2120,2.32406000,200810.31008150,0
1790943240000000,86410.15000000,86412.01000000,86391.47000000,86406.03000000,11.61176000,1790943299999999,1003318.22024250,1536,1.63740000,141467.97300730,0
1790943300000000,86406.02000000,86470.01000000,86398.29000000,86462.60000000,7.99879000,1790943359999999,691416.46677070,1891,2.96809000,256525.78719030,0
1790943360000000,86462.61000000,86518.01000000,86462.60000000,86498.03000000,8.87429000,1790943419999999,767577.68961370,2200,3.20324000,277055.13263870,0
1790943420000000,86498.02000000,86538.01000000,86492.47000000,86533.21000000,11.17071000,1790943479999999,966440.76500450,1972,3.62702000,313781.59079930,0
1790943480000000,86533.21000000,86544.01000000,86525.94000000,86536.00000000,10.36632000,1790943539999999,897103.62250010,2168,2.54063000,219865.19294240,0
1790943540000000,86536.01000000,86583.86000000,86536.00000000,86561.34000000,16.13934000,1790943599999999,1397078.30422200,2523,10.01463000,866833.03502110,0
1790943600000000,86561.34000000,86594.01000000,86560.40000000,86594.01000000,5.34284000,1790943659999999,462570.38680960,1192,3.56029000,308239.46352310,0
1790943660000000,86594.00000000,86608.01000000,86592.69000000,86599.80000000,9.42916000,1790943719999999,816582.01086740,2413,3.77381000,326811.18159850,0
1790943720000000,86599.81000000,86650.00000000,86599.80000000,86649.99000000,9.70481000,1790943779999999,840751.76022700,2182,5.54306000,480190.66570510,0
1790943780000000,86649.99000000,86650.00000000,86570.00000000,86572.01000000,21.40153000,1790943839999999,1853663.43446630,4509,7.02604000,608533.40866800,0
1790943840000000,86572.00000000,86606.01000000,86524.56000000,86561.39000000,15.09546000,1790943899999999,1306768.62599670,3441,8.12547000,703353.71853600,0
1790943900000000,86561.39000000,86662.01000000,86549.51000000,86652.06000000,26.52868000,1790943959999999,2297490.36033950,3455,20.13875000,1744095.07272280,0
1790943960000000,86652.06000000,86652.08000000,86598.00000000,86635.00000000,23.49736000,1790944019999999,2035765.97906070,2948,16.40246000,1421124.79853580,0
1790944020000000,86634.99000000,86649.46000000,86617.99000000,86640.00000000,12.36186000,1790944079999999,1071026.52857520,2598,6.11650000,529931.37763730,0
1790944080000000,86640.01000000,86640.01000000,86574.00000000,86594.01000000,39.97127000,1790944139999999,3461360.70875430,4153,17.79807000,1541143.67803490,0
1790944140000000,86594.01000000,86646.01000000,86594.01000000,86616.35000000,17.82341000,1790944199999999,1544044.71165500,2868,9.24561000,800939.28499480,0
1790944200000000,86616.35000000,87000.00000000,86536.00000000,86951.03000000,687.11929000,1790944259999999,59683357.96637240,32293,448.72626000,38981338.05049300,0
1790944260000000,86951.04000000,87220.00000000,86748.51000000,86773.61000000,255.39174000,1790944319999999,22236435.19627210,20446,169.95651000,14799284.84798080,0
1790944320000000,86773.60000000,86927.01000000,86762.34000000,86859.85000000,34.17030000,1790944379999999,2966921.92124490,8401,17.43814000,1514167.92949910,0
1790944380000000,86859.85000000,86862.45000000,86661.67000000,86762.52000000,59.83457000,1790944439999999,5190930.23591800,9609,16.31513000,1415381.66668660,0
1790944440000000,86762.51000000,86864.26000000,86655.29000000,86829.40000000,61.24320000,1790944499999999,5312182.88471990,9813,43.19505000,3746561.47633950,0
1790944500000000,86829.39000000,86875.11000000,86760.12000000,86817.86000000,36.25804000,1790944559999999,3148379.72553780,7110,24.94898000,2166608.84098370,0
1790944560000000,86817.86000000,86999.87000000,86760.12000000,86950.44000000,21.03379000,1790944619999999,1827821.68597050,8280,10.57446000,918861.71534050,0
1790944620000000,86950.44000000,86975.40000000,86911.58000000,86920.42000000,25.46426000,1790944679999999,2213984.23149050,6768,12.91851000,1123235.20975670,0
1790944680000000,86920.41000000,86920.42000000,86824.56000000,86824.58000000,23.01766000,1790944739999999,1999323.73451620,4257,5.25257000,456156.01869710,0
1790944740000000,86824.57000000,86860.61000000,86761.27000000,86787.06000000,18.05458000,1790944799999999,1567338.98674870,5199,6.04740000,524945.22502520,0
1790944800000000,86787.07000000,86796.14000000,86691.96000000,86754.01000000,34.62745000,1790944859999999,3003484.02731020,7392,16.37334000,1419865.58910240,0
1790944860000000,86754.01000000,86761.02000000,86547.66000000,86572.01000000,29.92692000,1790944919999999,2593261.83252940,7959,12.29159000,1065133.56666330,0
1790944920000000,86572.01000000,86628.01000000,86512.00000000,86564.00000000,21.99411000,1790944979999999,1904001.86866690,9561,10.50807000,909661.29741240,0
1790944980000000,86564.00000000,86564.00000000,86412.04000000,86444.01000000,56.08316000,1790945039999999,4851169.25677920,9325,9.43025000,815751.97443110,0
1790945040000000,86444.01000000,86565.40000000,86441.37000000,86476.00000000,27.63023000,1790945099999999,2389840.46592680,7260,16.04338000,1387683.95627620,0
1790945100000000,86476.01000000,86574.01000000,86456.00000000,86570.00000000,14.02594000,1790945159999999,1213630.68132060,7063,6.62623000,573291.54050440,0
1790945160000000,86570.01000000,86692.74000000,86570.00000000,86687.23000000,12.07538000,1790945219999999,1046329.86189980,5325,7.15786000,620167.25599530,0
1790945220000000,86687.23000000,86748.86000000,86640.37000000,86748.86000000,12.57776000,1790945279999999,1090381.71679200,5215,6.34361000,549947.09671500,0
1790945280000000,86748.85000000,86754.25000000,86729.14000000,86730.61000000,10.57779000,1790945339999999,917559.97827100,2301,1.08797000,94370.28327940,0
1790945340000000,86730.61000000,86769.36000000,86665.57000000,86671.14000000,12.33936000,1790945399999999,1069851.17994280,3329,6.62696000,574543.86992440,0
1790945400000000,86671.14000000,86784.71000000,86631.28000000,86726.25000000,25.91646000,1790945459999999,2246861.83177130,5358,14.83089000,1285928.68930780,0
1790945460000000,86726.24000000,86726.25000000,86643.26000000,86680.01000000,8.99305000,1790945519999999,779466.26061410,4596,2.19730000,190427.07294250,0
1790945520000000,86680.00000000,86777.98000000,86680.00000000,86746.29000000,20.79435000,1790945579999999,1804022.82894330,3900,15.98960000,1387297.34983160,0
1790945580000000,86746.29000000,86766.79000000,86736.00000000,86742.01000000,5.21604000,1790945639999999,452500.76062950,3037,3.03319000,263133.33025950,0
1790945640000000,86742.01000000,86790.01000000,86742.01000000,86790.01000000,2.93207000,1790945699999999,254413.46745400,1451,2.01299000,174662.49343390,0
1790945700000000,86790.01000000,86876.28000000,86790.01000000,86872.00000000,14.43961000,1790945759999999,1254031.20357680,3941,7.42035000,644446.76623250,0
1790945760000000,86872.00000000,86900.65000000,86860.00000000,86866.96000000,71.10546000,1790945819999999,6177824.28478690,4654,61.23254000,5319985.09525130,0
1790945820000000,86866.96000000,86866.96000000,86808.00000000,86843.86000000,13.30100000,1790945879999999,1154873.68853960,3528,9.10570000,790592.82245590,0
1790945880000000,86843.85000000,86850.01000000,86836.00000000,86846.00000000,5.83031000,1790945939999999,506322.52148230,1347,1.77918000,154509.14895820,0
1790945940000000,86846.00000000,86847.70000000,86806.00000000,86810.00000000,9.32966000,1790945999999999,810076.69336150,1944,1.56088000,135514.57184360,0
1790946000000000,86810.01000000,86811.40000000,86768.00000000,86809.75000000,11.49943000,1790946059999999,997975.29127270,3377,5.92403000,514107.22674510,0
1790946060000000,86809.75000000,86921.54000000,86809.74000000,86900.75000000,11.30914000,1790946119999999,982514.28767400,3650,8.94808000,777376.83819550,0
1790946120000000,86900.74000000,86936.25000000,86858.00000000,86870.51000000,18.15150000,1790946179999999,1577098.73248040,3421,12.03536000,1045647.37873020,0
1790946180000000,86870.50000000,86916.75000000,86858.66000000,86916.75000000,8.63920000,1790946239999999,750467.49274970,1541,4.04878000,351728.90277470,0
1790946240000000,86916.74000000,86949.61000000,86916.74000000,86917.40000000,16.04951000,1790946299999999,1395296.08695300,1376,4.80475000,417705.27909020,0
1790946300000000,86917.40000000,86941.90000000,86838.00000000,86841.39000000,14.90511000,1790946359999999,1295032.91617550,3203,6.77950000,589018.46039110,0
1790946360000000,86841.38000000,86852.01000000,86800.00000000,86800.01000000,9.90510000,1790946419999999,860030.14181580,2849,3.29475000,286076.40413070,0
1790946420000000,86800.01000000,86807.57000000,86756.79000000,86782.01000000,11.88440000,1790946479999999,1031308.00965220,3092,3.03773000,263623.41651190,0
1790946480000000,86782.01000000,86805.01000000,86742.95000000,86742.96000000,14.03200000,1790946539999999,1217620.13752080,3475,4.51337000,391633.91795740,0
1790946540000000,86742.95000000,86775.15000000,86738.54000000,86750.49000000,8.24773000,1790946599999999,715551.80486480,3120,2.81677000,244380.10519290,0
1790946600000000,86750.50000000,86774.26000000,86750.49000000,86767.95000000,4.45672000,1790946659999999,386681.00411160,1324,3.43739000,298236.97664550,0
1790946660000000,86767.94000000,86767.95000000,86704.00000000,86706.93000000,33.75397000,1790946719999999,2927573.71492550,2899,2.83616000,245957.66836560,0
1790946720000000,86706.93000000,86709.75000000,86672.00000000,86696.70000000,22.85635000,1790946779999999,1981492.69475450,2138,7.17864000,622360.78926350,0
1790946780000000,86696.70000000,86696.71000000,86672.00000000,86687.36000000,19.35608000,1790946839999999,1677863.90884430,1735,3.14708000,272795.92401820,0
1790946840000000,86687.35000000,86734.56000000,86687.35000000,86692.00000000,11.86402000,1790946899999999,1028769.90032640,2293,5.46103000,473516.39886790,0
1790946900000000,86692.01000000,86692.01000000,86630.00000000,86676.01000000,11.51027000,1790946959999999,997528.40284600,3708,2.84555000,246604.31103980,0
1790946960000000,86676.01000000,86727.30000000,86676.00000000,86727.29000000,5.09691000,1790947019999999,441959.88952730,2400,2.33452000,202418.88497960,0
1790947020000000,86727.30000000,86757.42000000,86688.13000000,86691.35000000,11.12152000,1790947079999999,964625.16329800,3301,3.91273000,339368.04224820,0
1790947080000000,86691.36000000,86708.01000000,86666.01000000,86666.02000000,6.86014000,1790947139999999,594743.81986230,3731,1.80535000,156518.18059460,0
1790947140000000,86666.02000000,86712.01000000,86664.64000000,86697.09000000,5.63770000,1790947199999999,488736.92937030,2419,3.43114000,297429.51112970,0
1790947200000000,86697.08000000,86736.00000000,86678.96000000,86735.99000000,9.26880000,1790947259999999,803602.31173290,3369,4.38392000,380109.95718560,0
1790947260000000,86736.00000000,86752.00000000,86702.51000000,86702.51000000,6.06701000,1790947319999999,526162.07413350,2598,2.33999000,202946.35483110,0
1790947320000000,86702.52000000,86725.87000000,86682.00000000,86717.76000000,4.90402000,1790947379999999,425212.47520170,2255,2.28381000,198022.60304170,0
1790947380000000,86717.76000000,86717.76000000,86684.00000000,86707.10000000,6.79616000,1790947439999999,589217.10533440,1735,1.83701000,159267.78105680,0
1790947440000000,86707.09000000,86707.10000000,86685.11000000,86694.00000000,6.10133000,1790947499999999,528936.43999310,1453,1.90854000,165444.37680300,0
1790947500000000,86694.00000000,86720.00000000,86668.79000000,86692.01000000,15.40095000,1790947559999999,1335136.58068460,3539,6.53848000,566784.25870770,0
1790947560000000,86692.00000000,86696.79000000,86604.00000000,86617.99000000,14.03995000,1790947619999999,1216610.32591360,3518,3.24556000,281234.65848880,0
1790947620000000,86617.99000000,86638.01000000,86600.00000000,86629.60000000,12.51611000,1790947679999999,1084200.29751780,3383,3.15295000,273107.31842510,0
1790947680000000,86629.60000000,86674.68000000,86629.60000000,86641.90000000,6.38276000,1790947739999999,553111.69955190,2294,2.93735000,254526.75061710,0
1790947740000000,86641.91000000,86641.91000000,86606.58000000,86606.58000000,6.40157000,1790947799999999,554540.08930280,1702,1.25339000,108583.12203650,0
1790947800000000,86606.58000000,86660.01000000,86574.00000000,86660.00000000,15.91238000,1790947859999999,1378170.19071480,6796,9.97535000,864013.39292970,0
1790947860000000,86660.01000000,86786.01000000,86628.90000000,86784.00000000,18.62739000,1790947919999999,1614990.40617820,8489,10.59381000,918540.38196750,0
1790947920000000,86784.01000000,86868.01000000,86784.00000000,86841.18000000,31.84524000,1790947979999999,2765414.95761000,7481,16.00950000,1390109.89529630,0
1790947980000000,86841.18000000,86872.01000000,86811.34000000,86846.01000000,13.86120000,1790948039999999,1203716.10327270,6440,5.63592000,489400.28276240,0
1790948040000000,86846.01000000,86928.01000000,86811.06000000,86908.00000000,17.84115000,1790948099999999,1549657.05771910,5445,6.47504000,562503.47973460,0
1790948100000000,86908.00000000,87036.22000000,86906.00000000,86968.00000000,28.09768000,1790948159999999,2443874.15231760,8140,21.41087000,1862323.88240480,0
1790948160000000,86968.00000000,87076.92000000,86968.00000000,87076.92000000,25.73795000,1790948219999999,2239949.40384490,6626,16.72751000,1455769.40456850,0
1790948220000000,87076.91000000,87150.00000000,87043.64000000,87053.18000000,27.74316000,1790948279999999,2416470.30159570,7951,17.99194000,1567159.83817960,0
1790948280000000,87053.17000000,87149.99000000,86941.92000000,86986.00000000,106.08514000,1790948339999999,9231695.66767950,9690,14.96574000,1302472.15074780,0
1790948340000000,86986.01000000,87120.18000000,86974.00000000,87090.00000000,30.48717000,1790948399999999,2653604.26140680,8748,21.14607000,1840703.09555720,0
1790948400000000,87090.01000000,87120.00000000,87055.77000000,87055.77000000,22.42906000,1790948459999999,1953423.02555580,5837,9.51301000,828529.01843240,0
1790948460000000,87055.77000000,87057.18000000,86942.00000000,86966.00000000,51.35675000,1790948519999999,4467454.82609640,9584,9.36116000,814263.72645960,0
1790948520000000,86966.00000000,86966.00000000,86837.77000000,86858.00000000,35.43096000,1790948579999999,3079135.87029290,10847,10.29445000,894676.99326700,0
1790948580000000,86858.01000000,86970.01000000,86845.83000000,86877.44000000,21.94114000,1790948639999999,1907068.57046150,7102,8.97912000,780375.01970150,0
1790948640000000,86877.44000000,86928.01000000,86850.36000000,86900.31000000,23.74850000,1790948699999999,2063390.49276870,7660,9.41660000,818144.37105340,0
1790948700000000,86900.84000000,86974.01000000,86900.84000000,86974.01000000,14.85262000,1790948759999999,1291331.41703360,4539,9.05319000,787144.49879490,0
1790948760000000,86974.00000000,86996.01000000,86890.00000000,86943.12000000,36.39041000,1790948819999999,3163852.38349700,8729,22.76513000,1979223.50102740,0
1790948820000000,86943.12000000,86971.63000000,86908.42000000,86942.01000000,17.09708000,1790948879999999,1486424.99994230,4966,7.51546000,653388.47385380,0
1790948880000000,86942.00000000,86942.01000000,86720.77000000,86848.02000000,48.87333000,1790948939999999,4242837.17018640,10532,19.54622000,1696978.11489690,0
1790948940000000,86848.01000000,86943.92000000,86848.01000000,86864.99000000,36.13067000,1790948999999999,3139775.80232050,6939,22.91441000,1991425.85047670,0
1790949000000000,86864.99000000,86870.01000000,86703.90000000,86732.00000000,35.80786000,1790949059999999,3107871.49473520,7215,8.60585000,747021.19705130,0
1790949060000000,86732.01000000,86742.01000000,86660.09000000,86660.10000000,33.68889000,1790949119999999,2920903.34683470,6774,6.75509000,585699.88376910,0
1790949120000000,86660.10000000,86752.01000000,86660.09000000,86750.00000000,24.72631000,1790949179999999,2143933.35616250,6614,7.87510000,682767.44196030,0
1790949180000000,86750.01000000,86804.01000000,86719.52000000,86802.00000000,14.03182000,1790949239999999,1217338.25496410,3654,6.34569000,550566.37729350,0
1790949240000000,86802.01000000,86810.01000000,86672.00000000,86672.00000000,17.36670000,1790949299999999,1506503.51403400,7235,3.37117000,292451.83763720,0
1790949300000000,86672.00000000,86700.01000000,86622.83000000,86696.01000000,26.85679000,1790949359999999,2327213.89847080,7575,13.14869000,1139339.95316220,0
1790949360000000,86696.00000000,86742.01000000,86620.00000000,86620.01000000,27.89454000,1790949419999999,2417901.52864120,9448,14.36004000,1244623.51482100,0
1790949420000000,86620.00000000,86638.01000000,86465.72000000,86578.12000000,64.24789000,1790949479999999,5561612.77801670,12909,21.34487000,1847775.17086580,0
1790949480000000,86578.13000000,86628.01000000,86530.92000000,86628.01000000,27.24609000,1790949539999999,2359017.20786790,7378,17.17925000,1487398.08811590,0
1790949540000000,86628.00000000,86640.01000000,86562.00000000,86565.05000000,12.71165000,1790949599999999,1100811.19092040,6208,3.23852000,280456.64542400,0
1790949600000000,86565.06000000,86584.01000000,86501.00000000,86576.00000000,15.87036000,1790949659999999,1373540.93623730,5873,3.15328000,272903.98409940,0
1790949660000000,86576.00000000,86630.72000000,86504.70000000,86630.71000000,14.54752000,1790949719999999,1259471.87112760,7442,8.36052000,723880.16363320,0
1790949720000000,86630.72000000,86722.01000000,86624.00000000,86694.01000000,14.67561000,1790949779999999,1272091.97784630,5145,6.19516000,536919.17697810,0
1790949780000000,86694.00000000,86736.01000000,86644.00000000,86696.66000000,19.14755000,1790949839999999,1659908.59069910,6515,7.54620000,654119.91910580,0
1790949840000000,86696.66000000,86817.53000000,86696.66000000,86817.53000000,17.20287000,1790949899999999,1492363.23837030,4461,11.96773000,1038198.36823020,0
1790949900000000,86817.53000000,86838.01000000,86741.89000000,86741.89000000,116.22608000,1790949959999999,10089130.90263300,6383,4.59050000,398466.88828980,0
1790949960000000,86741.89000000,86744.68000000,86640.00000000,86640.00000000,15.66183000,1790950019999999,1357662.80852200,6159,5.49998000,476751.97483590,0
1790950020000000,86640.00000000,86640.01000000,86522.53000000,86526.70000000,41.34600000,1790950079999999,3580758.73441280,10223,8.30837000,719411.55576460,0
1790950080000000,86526.71000000,86560.00000000,86483.44000000,86560.00000000,40.26254000,1790950139999999,3483293.90128010,6887,6.67273000,577307.84577340,0
1790950140000000,86560.00000000,86632.01000000,86538.59000000,86538.59000000,19.88250000,1790950199999999,1721644.21840900,5515,6.50509000,563308.39969540,0
1790950200000000,86538.60000000,86558.01000000,86418.20000000,86443.89000000,25.03584000,1790950259999999,2165834.76633040,6976,9.78839000,846777.05652500,0
1790950260000000,86443.88000000,86479.67000000,86291.75000000,86350.01000000,56.65003000,1790950319999999,4892839.36538050,10453,16.34064000,1411099.36927660,0
1790950320000000,86350.00000000,86460.94000000,86332.93000000,86393.42000000,41.19993000,1790950379999999,3559471.13561970,7763,14.86764000,1284982.65471250,0
1790950380000000,86393.43000000,86437.71000000,86388.95000000,86430.72000000,24.59135000,1790950439999999,2125301.20429940,2148,14.70219000,1270674.68754450,0
1790950440000000,86430.72000000,86430.72000000,86350.00000000,86356.00000000,38.78593000,1790950499999999,3350960.39825240,5587,5.49467000,474711.33604360,0
1790950500000000,86356.00000000,86360.16000000,86283.85000000,86299.13000000,38.29432000,1790950559999999,3305493.80361280,4883,4.38536000,378500.18456890,0
1790950560000000,86299.13000000,86348.47000000,86235.36000000,86324.67000000,43.89756000,1790950619999999,3787712.45311860,5323,8.95954000,773122.85423150,0
1790950620000000,86324.67000000,86438.71000000,86324.67000000,86438.71000000,26.38093000,1790950679999999,2279062.78993430,2642,12.80112000,1105887.55872890,0
1790950680000000,86438.71000000,86556.94000000,86438.71000000,86453.57000000,24.11676000,1790950739999999,2086316.06274850,5583,13.08715000,1132022.46131990,0
1790950740000000,86453.57000000,86554.01000000,86453.57000000,86536.00000000,20.68699000,1790950799999999,1789723.45389890,4495,6.85656000,593164.85698660,0
1790950800000000,86536.00000000,86556.00000000,86500.53000000,86554.05000000,27.04944000,1790950859999999,2340457.96275950,3302,8.55618000,740355.30380560,0
1790950860000000,86554.04000000,86645.83000000,86538.00000000,86645.82000000,14.10234000,1790950919999999,1220993.96199890,3244,7.46225000,646145.33063760,0
1790950920000000,86645.82000000,86645.82000000,86510.17000000,86578.00000000,29.37440000,1790950979999999,2543508.60471590,4567,4.59567000,397754.97822970,0
1790950980000000,86577.99000000,86578.00000000,86532.00000000,86557.17000000,21.51130000,1790951039999999,1862063.67152820,3414,2.78485000,241028.51078710,0
1790951040000000,86557.17000000,86594.53000000,86523.15000000,86523.15000000,18.46704000,1790951099999999,1598656.74727390,2985,4.69675000,406600.01049030,0
1790951100000000,86523.15000000,86523.16000000,86397.92000000,86397.93000000,30.98309000,1790951159999999,2678805.87425610,3842,4.53936000,392357.87348400,0
1790951160000000,86397.93000000,86397.93000000,86322.00000000,86322.00000000,34.74118000,1790951219999999,3000176.46756330,6524,7.92033000,683897.56128550,0
1790951220000000,86322.00000000,86354.01000000,86158.18000000,86180.00000000,54.47558000,1790951279999999,4698785.79719040,7246,10.22695000,882453.32347610,0
1790951280000000,86180.00000000,86245.30000000,86166.49000000,86219.88000000,23.43575000,1790951339999999,2020284.39724420,5040,8.23790000,710204.92849500,0
1790951340000000,86219.88000000,86219.88000000,86077.31000000,86081.86000000,41.57768000,1790951399999999,3581785.52864380,8688,7.81217000,672859.30811890,0
1790951400000000,86081.86000000,86100.00000000,86016.77000000,86085.27000000,31.56833000,1790951459999999,2716667.21424360,7265,17.39012000,1496493.45976970,0
1790951460000000,86085.26000000,86146.60000000,86062.82000000,86087.25000000,31.96266000,1790951519999999,2751561.00717680,6561,8.44962000,727459.42131520,0
1790951520000000,86087.25000000,86171.59000000,86020.85000000,86124.02000000,34.15666000,1790951579999999,2941039.84798760,7839,15.42789000,1328464.02431680,0
1790951580000000,86124.01000000,86124.02000000,85978.13000000,86054.01000000,58.21043000,1790951639999999,5007832.99951080,7809,23.33011000,2006683.76360580,0
1790951640000000,86054.01000000,86058.28000000,85691.68000000,85811.65000000,153.26819000,1790951699999999,13154969.54123760,20018,42.00869000,3605561.70916760,0
1790951700000000,85811.65000000,85979.77000000,85793.85000000,85956.21000000,69.05309000,1790951759999999,5933360.61532010,7222,32.48017000,2791021.88063130,0
1790951760000000,85956.21000000,85979.77000000,85886.00000000,85975.88000000,29.06213000,1790951819999999,2497597.56093550,8381,5.51431000,473859.93217990,0
1790951820000000,85975.89000000,85979.77000000,85780.00000000,85786.66000000,37.18741000,1790951879999999,3193307.82724310,10402,10.89691000,935537.34767480,0
1790951880000000,85786.67000000,85954.01000000,85776.60000000,85919.26000000,35.67033000,1790951939999999,3062119.34789360,7110,22.79875000,1957041.97711870,0
1790951940000000,85919.25000000,85986.01000000,85919.25000000,85986.00000000,18.12732000,1790951999999999,1558173.51040390,3918,8.54249000,734287.47407640,0
1790952000000000,85986.01000000,85989.06000000,85939.78000000,85986.63000000,26.66377000,1790952059999999,2292208.74429310,4917,9.54310000,820344.41436320,0
1790952060000000,85986.62000000,86009.57000000,85931.01000000,86009.57000000,18.71237000,1790952119999999,1608590.02376510,5854,8.41527000,723375.61452550,0
1790952120000000,86009.56000000,86050.73000000,86001.00000000,86002.01000000,123.11968000,1790952179999999,10592142.63808910,5179,24.74653000,2128881.66759720,0
1790952180000000,86002.01000000,86010.00000000,85978.21000000,86003.19000000,32.50541000,1790952239999999,2795378.26372770,3454,15.77238000,1356295.09717330,0
1790952240000000,86003.20000000,86003.20000000,85884.00000000,85954.00000000,41.64966000,1790952299999999,3579954.64010700,5970,10.36061000,890281.74040890,0
1790952300000000,85954.00000000,85970.01000000,85883.30000000,85883.30000000,27.07305000,1790952359999999,2326279.29845780,8039,12.68174000,1089658.77001980,0
1790952360000000,85883.30000000,85975.23000000,85883.30000000,85967.70000000,17.39872000,1790952419999999,1495075.13701160,3555,11.14430000,957513.03233210,0
1790952420000000,85967.70000000,86037.93000000,85952.18000000,86034.01000000,22.52547000,1790952479999999,1937012.13257760,3601,15.86482000,1364277.39894870,0
1790952480000000,86034.01000000,86055.47000000,86031.31000000,86055.46000000,8.54573000,1790952539999999,735235.49899260,1520,4.85719000,417885.63369480,0
1790952540000000,86055.46000000,86056.00000000,85992.00000000,85996.33000000,11.59683000,1790952599999999,997512.26458120,3166,3.54392000,304774.13398820,0
1790952600000000,85996.33000000,85996.34000000,85933.35000000,85942.00000000,15.01577000,1790952659999999,1290816.18782270,4824,5.32487000,457725.18758000,0
1790952660000000,85942.01000000,85942.01000000,85850.00000000,85875.99000000,17.34563000,1790952719999999,1489811.15368080,4567,6.77643000,581937.62473360,0
1790952720000000,85875.99000000,85876.00000000,85705.45000000,85818.00000000,44.76928000,1790952779999999,3840680.42922780,9582,16.15082000,1385118.78001430,0
1790952780000000,85818.01000000,85846.01000000,85744.78000000,85747.89000000,27.04373000,1790952839999999,2320496.59428740,7068,10.08461000,865282.38479300,0
1790952840000000,85747.89000000,85747.90000000,85523.96000000,85530.33000000,82.32151000,1790952899999999,7048019.63886140,10205,24.74395000,2118188.07614870,0
1790952900000000,85530.34000000,85639.29000000,85394.44000000,85628.79000000,89.31834000,1790952959999999,7637457.69647730,13992,32.14696000,2749299.10617430,0
1790952960000000,85628.78000000,85693.99000000,85541.16000000,85693.98000000,40.42648000,1790953019999999,3461350.33969130,8265,25.18926000,2156763.51954330,0
1790953020000000,85693.98000000,85743.81000000,85675.92000000,85732.83000000,23.70809000,1790953079999999,2032124.87979940,4607,13.33126000,1142614.89517310,0
1790953080000000,85732.82000000,85742.16000000,85688.57000000,85691.32000000,24.68786000,1790953139999999,2116145.37442670,3367,17.49842000,1499916.04844990,0
1790953140000000,85691.32000000,85712.68000000,85647.71000000,85686.93000000,18.13362000,1790953199999999,1553836.33654730,3642,6.57207000,563112.44346500,0
1790953200000000,85686.93000000,85758.81000000,85672.55000000,85680.01000000,28.92092000,1790953259999999,2479226.77280070,7880,19.70072000,1688831.82372350,0
1790953260000000,85680.00000000,85710.87000000,85654.50000000,85697.13000000,15.39224000,1790953319999999,1318891.83526620,4680,8.94652000,766588.37220140,0
1790953320000000,85697.14000000,85714.01000000,85600.00000000,85610.86000000,15.22643000,1790953379999999,1304291.64393230,5952,4.94710000,423697.05705610,0
1790953380000000,85610.10000000,85639.20000000,85564.00000000,85594.30000000,10.56107000,1790953439999999,903975.96754870,4932,3.12948000,267832.22605190,0
1790953440000000,85594.30000000,85626.78000000,85546.94000000,85575.05000000,10.11737000,1790953499999999,865938.37024190,5133,3.58338000,306689.75041740,0
1790953500000000,85575.06000000,85599.35000000,85432.30000000,85462.75000000,38.01484000,1790953559999999,3250979.01642320,8805,9.64833000,824863.22063900,0
1790953560000000,85462.74000000,85494.01000000,85431.11000000,85493.88000000,50.05807000,1790953619999999,4278186.24212370,6954,40.08070000,3425504.90841840,0
1790953620000000,85493.87000000,85513.52000000,85366.00000000,85370.86000000,41.24955000,1790953679999999,3524226.80022970,7704,12.93934000,1105395.26766720,0
1790953680000000,85370.86000000,85518.00000000,85370.02000000,85516.01000000,38.89823000,1790953739999999,3323954.44965190,6472,25.36520000,2168036.14878450,0
1790953740000000,85516.02000000,85572.00000000,85456.00000000,85528.01000000,41.37895000,1790953799999999,3538574.16287850,7616,19.98748000,1709379.99975170,0
1790953800000000,85528.02000000,85610.00000000,85515.66000000,85599.99000000,33.47591000,1790953859999999,2864142.89400050,8013,20.20579000,1728773.79930660,0
1790953860000000,85600.00000000,85624.00000000,85549.39000000,85585.07000000,14.54229000,1790953919999999,1244716.80306980,5613,4.62418000,395768.55814260,0
1790953920000000,85585.06000000,85609.55000000,85498.00000000,85509.71000000,16.23965000,1790953979999999,1389306.51921910,5917,4.61665000,394926.00884010,0
1790953980000000,85509.72000000,85592.01000000,85487.43000000,85592.01000000,11.63679000,1790954039999999,995213.00156900,3801,7.84668000,671119.23395240,0
1790954040000000,85592.01000000,85639.20000000,85592.00000000,85639.20000000,8.52334000,1790954099999999,729781.31830460,2012,5.11974000,438347.87226910,0
1790954100000000,85639.19000000,85688.03000000,85566.00000000,85566.01000000,24.82717000,1790954159999999,2125986.38524030,7690,5.87547000,503203.23020690,0
1790954160000000,85566.00000000,85566.00000000,85466.00000000,85466.00000000,27.41606000,1790954219999999,2344704.21956290,5731,4.68408000,400594.86126910,0
1790954220000000,85466.00000000,85538.98000000,85464.82000000,85520.00000000,20.48275000,1790954279999999,1751130.91693560,5700,6.56804000,561505.15817980,0
1790954280000000,85520.00000000,85605.94000000,85520.00000000,85605.94000000,5.85259000,1790954339999999,500824.70228400,2492,3.56727000,305222.27527020,0
1790954340000000,85605.93000000,85622.61000000,85542.46000000,85544.11000000,25.14902000,1790954399999999,2152623.44646650,3580,6.10026000,522145.19506180,0
1790954400000000,85544.10000000,85573.77000000,85500.00000000,85500.01000000,26.95394000,1790954459999999,2305790.90075760,5267,3.24941000,277961.70512430,0
1790954460000000,85500.01000000,85572.01000000,85500.01000000,85534.00000000,14.25907000,1790954519999999,1219818.74674110,4932,4.82847000,412982.06507420,0
1790954520000000,85534.01000000,85571.64000000,85492.35000000,85492.35000000,19.18438000,1790954579999999,1640900.39041230,3161,2.84178000,243111.70702920,0
1790954580000000,85492.35000000,85502.00000000,85473.00000000,85484.77000000,17.93831000,1790954639999999,1533524.24885140,4481,3.87813000,331512.36454510,0
1790954640000000,85484.77000000,85486.01000000,85354.27000000,85376.53000000,43.67843000,1790954699999999,3730274.35632480,5155,9.81529000,838084.75510400,0
1790954700000000,85376.52000000,85394.01000000,85315.86000000,85374.00000000,22.82944000,1790954759999999,1948700.01871040,5661,9.88832000,844051.08767780,0
1790954760000000,85374.01000000,85492.50000000,85358.01000000,85492.49000000,20.87677000,1790954819999999,1782841.26679940,5005,7.88325000,673349.25839530,0
1790954820000000,85492.49000000,85550.01000000,85488.00000000,85532.00000000,11.59377000,1790954879999999,991526.88795160,4604,5.17911000,442936.36382220,0
1790954880000000,85532.01000000,85550.01000000,85520.53000000,85520.53000000,12.77831000,1790954939999999,1093018.79118530,2040,4.03411000,345058.76140140,0
1790954940000000,85520.54000000,85520.54000000,85446.00000000,85484.01000000,13.30602000,1790954999999999,1137506.97210640,2960,3.73227000,319014.49770560,0
1790955000000000,85484.00000000,85554.46000000,85459.34000000,85480.01000000,49.45651000,1790955059999999,4228659.19296880,8113,25.02790000,2139931.76310260,0
1790955060000000,85480.00000000,85544.01000000,85474.54000000,85483.30000000,21.12579000,1790955119999999,1806332.18972810,5071,6.38188000,545651.02906720,0
1790955120000000,85483.31000000,85496.01000000,85414.01000000,85460.01000000,17.81429000,1790955179999999,1522328.09697150,3742,4.39274000,375376.60895340,0
1790955180000000,85460.01000000,85532.52000000,85440.04000000,85522.01000000,10.89049000,1790955239999999,930892.20672790,3464,4.92460000,420950.14695820,0
1790955240000000,85522.00000000,85530.00000000,85420.44000000,85424.01000000,16.60333000,1790955299999999,1419317.64806860,4242,3.98257000,340416.42386490,0
1790955300000000,85424.01000000,85526.01000000,85420.44000000,85502.00000000,29.65564000,1790955359999999,2534543.35934360,4823,23.35154000,1995651.57504250,0
1790955360000000,85502.01000000,85505.18000000,85446.01000000,85474.57000000,16.20023000,1790955419999999,1384811.45237600,3871,5.03916000,430750.40788540,0
1790955420000000,85474.58000000,85510.00000000,85404.01000000,85418.00000000,17.78410000,1790955479999999,1519646.90055500,3843,4.52230000,386428.07238450,0
1790955480000000,85418.01000000,85454.01000000,85400.00000000,85454.00000000,8.54018000,1790955539999999,729513.81424870,2961,3.07050000,262294.56730520,0
1790955540000000,85454.00000000,85454.00000000,85405.26000000,85428.01000000,11.22900000,1790955599999999,959177.11386510,2765,6.71650000,573691.99116110,0
1790955600000000,85428.00000000,85428.00000000,85372.00000000,85384.01000000,18.05258000,1790955659999999,1541673.13158880,2361,10.06731000,859728.94659740,0
1790955660000000,85384.00000000,85384.01000000,85325.96000000,85375.17000000,10.55926000,1790955719999999,901233.96927340,4389,4.86866000,415518.98085560,0
1790955720000000,85375.17000000,85440.01000000,85349.87000000,85440.00000000,22.44611000,1790955779999999,1916876.89590610,2994,12.80957000,1093758.57637070,0
1790955780000000,85440.01000000,85456.01000000,85341.49000000,85341.49000000,9.96761000,1790955839999999,851360.44442190,4323,2.39812000,204872.44416860,0
1790955840000000,85341.49000000,85354.01000000,85328.66000000,85341.49000000,5.49936000,1790955899999999,469310.38542550,1865,2.98848000,255031.37087560,0
1790955900000000,85341.50000000,85368.01000000,85324.46000000,85324.52000000,8.58896000,1790955959999999,733094.56297630,2887,4.71436000,402404.52467650,0
1790955960000000,85324.52000000,85341.52000000,85300.00000000,85325.44000000,13.48227000,1790956019999999,1150340.61243540,3837,4.06435000,346783.38891660,0
1790956020000000,85325.44000000,85368.00000000,85325.43000000,85363.99000000,7.52646000,1790956079999999,642361.70542580,2536,4.51455000,385305.34446790,0
1790956080000000,85364.00000000,85450.00000000,85363.99000000,85396.01000000,9.82837000,1790956139999999,839561.66932160,2971,5.13437000,438547.36831500,0
1790956140000000,85396.00000000,85396.00000000,85352.00000000,85393.81000000,6.44261000,1790956199999999,550041.49920190,2654,3.34113000,285247.12495440,0
1790956200000000,85394.00000000,85432.00000000,85344.50000000,85364.00000000,14.67911000,1790956259999999,1253529.18287010,3680,2.97879000,254332.49597840,0
1790956260000000,85364.00000000,85442.00000000,85364.00000000,85420.01000000,11.73096000,1790956319999999,1001956.87598420,2230,8.91019000,760969.16969080,0
1790956320000000,85420.01000000,85420.01000000,85300.51000000,85320.72000000,17.51266000,1790956379999999,1494669.30986680,6008,3.77166000,321903.63635950,0
1790956380000000,85320.73000000,85356.01000000,85296.70000000,85296.70000000,31.40406000,1790956439999999,2679310.99748590,4463,10.41685000,888717.60282750,0
1790956440000000,85296.71000000,85340.01000000,85237.35000000,85258.04000000,22.86641000,1790956499999999,1950002.84674650,6380,7.22530000,616134.61583610,0
1790956500000000,85258.04000000,85258.04000000,85162.90000000,85212.01000000,48.10674000,1790956559999999,4098644.57226330,7779,9.30316000,792604.56351220,0
1790956560000000,85212.01000000,85282.00000000,85212.00000000,85268.01000000,11.19291000,1790956619999999,954336.52325840,4316,6.67207000,568882.68939770,0
1790956620000000,85268.01000000,85293.34000000,85268.00000000,85274.00000000,12.54539000,1790956679999999,1069859.05345600,2528,7.61410000,649325.60600450,0
1790956680000000,85274.01000000,85307.53000000,85270.87000000,85288.01000000,7.65246000,1790956739999999,652697.68780000,2541,4.11983000,351391.60179700,0
1790956740000000,85288.01000000,85326.01000000,85274.01000000,85326.00000000,10.03239000,1790956799999999,855716.32882170,1624,5.54397000,472895.83565560,0
1790956800000000,85326.00000000,85367.89000000,85318.00000000,85358.02000000,17.28456000,1790956859999999,1475165.31177530,4046,7.08789000,604899.14102820,0
1790956860000000,85358.02000000,85476.01000000,85358.02000000,85476.01000000,25.40295000,1790956919999999,2169931.75396470,5201,21.34605000,1823367.71589850,0
1790956920000000,85476.01000000,85508.00000000,85448.00000000,85460.85000000,28.21995000,1790956979999999,2412387.65434770,6095,11.12855000,951299.73523680,0
1790956980000000,85460.84000000,85466.01000000,85408.96000000,85418.00000000,12.64365000,1790957039999999,1080212.40191770,5339,7.50392000,641074.38890780,0
1790957040000000,85418.01000000,85480.17000000,85386.72000000,85480.17000000,7.75199000,1790957099999999,662269.62862960,3780,5.99455000,512151.38797520,0
1790957100000000,85480.70000000,85496.01000000,85400.00000000,85400.01000000,9.59568000,1790957159999999,819898.80021880,4254,3.17403000,271205.64510000,0
1790957160000000,85400.00000000,85423.53000000,85330.00000000,85344.00000000,13.10527000,1790957219999999,1118845.76219470,4428,4.75318000,405690.92365310,0
1790957220000000,85344.00000000,85372.01000000,85278.00000000,85278.00000000,14.60809000,1790957279999999,1246636.42762510,3897,7.57157000,646239.37348660,0
1790957280000000,85278.00000000,85331.83000000,85239.05000000,85316.01000000,18.05472000,1790957339999999,1539926.37951090,5307,5.74577000,489935.13760930,0
1790957340000000,85316.00000000,85316.01000000,85264.00000000,85296.01000000,10.71565000,1790957399999999,913953.10403050,4022,4.41214000,376306.70897510,0
1790957400000000,85296.00000000,85311.22000000,85200.00000000,85210.00000000,17.44383000,1790957459999999,1487102.74980600,5150,4.28231000,365081.09662100,0
1790957460000000,85210.01000000,85230.00000000,85142.85000000,85142.85000000,20.62574000,1790957519999999,1757025.35092240,5024,12.01566000,1023563.30932110,0
1790957520000000,85142.86000000,85184.01000000,85142.85000000,85151.94000000,13.88440000,1790957579999999,1182510.77582820,3869,4.57953000,389979.98363820,0
1790957580000000,85151.94000000,85252.01000000,85148.00000000,85198.00000000,15.59776000,1790957639999999,1329000.34027990,3962,10.23577000,872072.19298520,0
1790957640000000,85198.01000000,85232.01000000,85181.75000000,85208.01000000,6.21414000,1790957699999999,529496.21170550,2614,3.51583000,299572.04109990,0
1790957700000000,85208.01000000,85256.01000000,85200.01000000,85250.01000000,12.01258000,1790957759999999,1023842.72315050,3898,8.18055000,697225.23000400,0
1790957760000000,85250.01000000,85283.39000000,85242.01000000,85283.39000000,21.81976000,1790957819999999,1860278.89204590,3191,17.48712000,1490854.41374090,0
1790957820000000,85283.39000000,85304.01000000,85266.00000000,85292.00000000,10.54313000,1790957879999999,899209.57394470,2922,5.74680000,490142.57820620,0
1790957880000000,85292.01000000,85339.37000000,85286.00000000,85286.01000000,9.51431000,1790957939999999,811675.75239850,3610,4.99615000,426219.46930270,0
1790957940000000,85286.01000000,85328.82000000,85286.01000000,85308.01000000,7.82071000,1790957999999999,667163.91076010,2319,4.21692000,359733.15883020,0
1790958000000000,85308.00000000,85312.71000000,85270.04000000,85303.49000000,5.78180000,1790958059999999,493133.98960270,2201,3.53146000,301194.09150440,0
1790958060000000,85303.50000000,85310.01000000,85274.00000000,85302.67000000,8.26758000,1790958119999999,705220.44848380,2349,2.85784000,243761.56257600,0
1790958120000000,85302.66000000,85302.67000000,85210.00000000,85241.07000000,12.26331000,1790958179999999,1045407.68584030,3258,4.37137000,372559.32677340,0
1790958180000000,85241.07000000,85241.08000000,85168.00000000,85172.00000000,9.73650000,1790958239999999,829459.17317450,3750,2.61633000,222857.29872040,0
1790958240000000,85172.01000000,85202.01000000,85122.00000000,85162.01000000,13.46001000,1790958299999999,1146299.08456410,4620,5.89617000,502138.20164190,0
1790958300000000,85162.01000000,85212.01000000,85152.07000000,85152.08000000,10.00986000,1790958359999999,852706.36815670,3816,2.99440000,255071.96192450,0
1790958360000000,85152.07000000,85190.01000000,85152.07000000,85169.38000000,4.49920000,1790958419999999,383226.00216420,2313,1.74409000,148546.80746910,0
1790958420000000,85169.37000000,85238.01000000,85164.04000000,85232.00000000,8.02169000,1790958479999999,683497.42761060,2452,6.29220000,536120.07938600,0
1790958480000000,85232.01000000,85232.01000000,85208.00000000,85223.48000000,4.22364000,1790958539999999,359955.28256460,1574,1.31136000,111755.60413380,0
1790958540000000,85223.48000000,85223.49000000,85178.69000000,85178.70000000,10.07463000,1790958599999999,858387.06082820,1430,1.84180000,156933.53882780,0
1790958600000000,85178.69000000,85230.01000000,85178.69000000,85224.00000000,4.54318000,1790958659999999,387131.48116740,2637,3.33209000,283924.98158190,0
1790958660000000,85224.01000000,85230.63000000,85168.00000000,85168.01000000,6.88884000,1790958719999999,586980.19110830,1907,0.79329000,67603.99819530,0
1790958720000000,85168.01000000,85176.01000000,85150.00000000,85172.00000000,12.26795000,1790958779999999,1044799.29482900,2943,3.62571000,308769.18365570,0
1790958780000000,85172.01000000,85202.01000000,85172.01000000,85198.01000000,5.91571000,1790958839999999,503962.30862190,3106,3.12802000,266474.56908540,0
1790958840000000,85198.00000000,85238.01000000,85194.00000000,85194.00000000,8.77771000,1790958899999999,748007.62536580,2303,4.14431000,353175.61661470,0
1790958900000000,85194.01000000,85228.65000000,85190.01000000,85196.01000000,5.49024000,1790958959999999,467839.25052990,2849,1.79664000,153098.09849560,0
1790958960000000,85196.00000000,85196.01000000,85166.00000000,85172.00000000,8.90939000,1790959019999999,758908.46124820,2128,1.92167000,163682.03058270,0
1790959020000000,85172.01000000,85182.01000000,85132.00000000,85132.01000000,11.95695000,1790959079999999,1018314.09366390,2782,3.22776000,274887.94982740,0
1790959080000000,85132.00000000,85162.01000000,85124.70000000,85127.99000000,9.18349000,1790959139999999,781868.97030310,2355,4.14635000,353009.16191430,0
1790959140000000,85127.99000000,85143.31000000,85113.78000000,85113.78000000,22.17723000,1790959199999999,1887907.91301880,1738,4.24667000,361536.62072130,0
1790959200000000,85113.79000000,85135.95000000,85112.00000000,85124.00000000,6.76943000,1790959259999999,576236.24536720,1900,3.57523000,304314.02477630,0
1790959260000000,85124.01000000,85124.01000000,85064.05000000,85064.05000000,15.88599000,1790959319999999,1351771.74473080,3462,3.68866000,313848.89507700,0
1790959320000000,85064.05000000,85073.54000000,85018.00000000,85073.54000000,17.09148000,1790959379999999,1453471.50413140,4000,6.62379000,563321.93317640,0
1790959380000000,85073.55000000,85145.83000000,85073.55000000,85134.01000000,25.76722000,1790959439999999,2193276.71016060,3296,19.45492000,1655873.34924210,0
1790959440000000,85134.00000000,85192.00000000,85134.00000000,85192.00000000,6.14309000,1790959499999999,523192.40749970,1492,4.35646000,371019.76874640,0
1790959500000000,85192.00000000,85262.00000000,85192.00000000,85262.00000000,13.53166000,1790959559999999,1153456.55949660,2650,8.37546000,713895.89462970,0
1790959560000000,85262.01000000,85296.97000000,85260.00000000,85260.00000000,10.43652000,1790959619999999,890063.00997370,2872,5.20233000,443652.60405600,0
1790959620000000,85260.01000000,85268.01000000,85236.01000000,85248.01000000,7.49428000,1790959679999999,638919.40886150,2245,3.28035000,279659.47222210,0
1790959680000000,85248.01000000,85264.01000000,85228.68000000,85236.00000000,7.00471000,1790959739999999,597115.59687210,1881,3.21583000,274107.27268750,0
1790959740000000,85236.01000000,85284.01000000,85234.00000000,85268.34000000,5.12677000,1790959799999999,437141.85333900,2020,2.18634000,186407.44399950,0
1790959800000000,85268.34000000,85268.34000000,85232.01000000,85256.01000000,7.19187000,1790959859999999,613120.80861480,2074,2.86809000,244478.52168440,0
1790959860000000,85256.01000000,85296.97000000,85182.00000000,85200.01000000,11.99051000,1790959919999999,1022079.92328980,3875,3.72739000,317731.79478140,0
1790959920000000,85200.01000000,85204.01000000,85176.00000000,85176.00000000,6.39003000,1790959979999999,544385.09901350,2397,3.23088000,275255.69960140,0
1790959980000000,85176.00000000,85196.01000000,85164.22000000,85164.23000000,6.63993000,1790960039999999,565590.30925390,1812,3.09915000,263986.58207540,0
1790960040000000,85164.23000000,85184.01000000,85164.23000000,85170.00000000,4.26621000,1790960099999999,363378.11935090,2041,2.29961000,195866.69948570,0
1790960100000000,85170.01000000,85194.01000000,85164.22000000,85164.23000000,5.37348000,1790960159999999,457691.93160150,1939,1.72208000,146683.50799720,0
1790960160000000,85164.22000000,85164.22000000,85094.00000000,85132.00000000,19.35399000,1790960219999999,1647425.47372880,2857,9.44667000,804060.38686840,0
1790960220000000,85132.00000000,85196.01000000,85132.00000000,85176.00000000,10.11500000,1790960279999999,861464.90752650,2240,3.48503000,296791.63397680,0
1790960280000000,85176.00000000,85196.01000000,85170.00000000,85188.00000000,6.88723000,1790960339999999,586648.25692440,1559,2.80082000,238580.74873840,0
1790960340000000,85188.00000000,85188.00000000,85138.00000000,85160.01000000,5.98195000,1790960399999999,509396.02061430,1868,2.13645000,181915.65516110,0
1790960400000000,85160.00000000,85182.00000000,85146.01000000,85182.00000000,4.65976000,1790960459999999,396848.12206240,2577,2.56991000,218872.27994370,0
1790960460000000,85182.00000000,85258.01000000,85181.99000000,85258.01000000,23.26966000,1790960519999999,1983018.07096370,1978,15.16765000,1292340.67611810,0
1790960520000000,85258.00000000,85258.00000000,85249.47000000,85251.33000000,4.25670000,1790960579999999,362895.99123250,1370,2.03580000,173556.19274010,0
1790960580000000,85251.34000000,85251.34000000,85226.36000000,85230.01000000,3.26983000,1790960639999999,278714.28410210,966,0.88143000,75125.34490910,0
1790960640000000,85230.01000000,85230.01000000,85190.00000000,85197.81000000,5.37330000,1790960699999999,457868.22099340,1431,1.28180000,109220.54851260,0
1790960700000000,85197.81000000,85220.01000000,85189.29000000,85206.01000000,4.83501000,1790960759999999,411943.97613050,2190,3.27292000,278840.82696350,0
1790960760000000,85206.01000000,85226.01000000,85132.28000000,85132.29000000,9.79469000,1790960819999999,834281.67382310,3175,2.21000000,188295.12057350,0
1790960820000000,85132.28000000,85144.01000000,85103.70000000,85110.01000000,13.05210000,1790960879999999,1111028.42008760,3039,4.31005000,366867.16292500,0
1790960880000000,85110.00000000,85156.01000000,85105.36000000,85105.36000000,21.09019000,1790960939999999,1795466.77079960,3544,5.07672000,432146.64528580,0
1790960940000000,85105.36000000,85114.01000000,85102.68000000,85114.01000000,12.72054000,1790960999999999,1082611.62947960,1535,1.90837000,162419.20131220,0
1790961000000000,85114.00000000,85114.01000000,85097.87000000,85097.87000000,15.62169000,1790961059999999,1329482.03273850,684,0.22543000,19184.76853070,0
1790961060000000,85097.87000000,85097.88000000,85034.00000000,85062.01000000,23.44702000,1790961119999999,1994515.99076660,3693,4.85920000,413260.93043810,0
1790961120000000,85062.02000000,85098.01000000,85048.00000000,85090.00000000,14.13977000,1790961179999999,1202829.89600040,2836,4.36331000,371159.07624190,0
1790961180000000,85090.00000000,85090.01000000,85030.99000000,85034.70000000,11.80683000,1790961239999999,1004220.50476860,3097,0.56096000,47709.14739660,0
1790961240000000,85034.71000000,85046.01000000,84914.07000000,84919.91000000,72.27327000,1790961299999999,6141439.91962240,9211,12.58093000,1068897.20564120,0
1790961300000000,84919.91000000,84948.70000000,84723.70000000,84735.16000000,72.02857000,1790961359999999,6109614.88900750,10635,18.43160000,1562545.79529690,0
1790961360000000,84735.16000000,84874.43000000,84718.85000000,84874.42000000,36.21366000,1790961419999999,3070464.73433460,5997,14.18072000,1202343.95121020,0
1790961420000000,84874.42000000,84897.99000000,84811.30000000,84833.99000000,17.41569000,1790961479999999,1477869.56234090,4918,4.84621000,411219.27058450,0
1790961480000000,84834.00000000,84903.21000000,84833.99000000,84889.50000000,10.71507000,1790961539999999,909300.19821350,2680,6.58920000,559157.01962280,0
1790961540000000,84889.50000000,84958.65000000,84889.50000000,84950.01000000,12.56231000,1790961599999999,1067022.19595010,2319,5.84461000,496423.24446190,0
1790961600000000,84950.01000000,84962.01000000,84887.44000000,84929.83000000,7.28656000,1790961659999999,618839.39295660,2440,3.23561000,274767.38804570,0
1790961660000000,84929.84000000,84931.47000000,84862.06000000,84931.47000000,10.23436000,1790961719999999,868780.26870660,2768,5.52672000,469162.54946840,0
1790961720000000,84931.47000000,84982.01000000,84931.47000000,84948.19000000,13.34208000,1790961779999999,1133612.71061860,2244,5.75260000,488718.80226880,0
1790961780000000,84948.18000000,84948.19000000,84860.88000000,84867.83000000,4.77115000,1790961839999999,405069.14010200,2228,1.71123000,145273.57443090,0
1790961840000000,84867.84000000,84867.84000000,84300.00000000,84729.12000000,676.42738000,1790961899999999,57256179.74660420,25454,106.76014000,9042139.84660540,0
1790961900000000,84729.12000000,84732.55000000,84300.00000000,84704.34000000,626.08082000,1790961959999999,52936382.79446150,36572,139.32554000,11791686.69994080,0
1790961960000000,84703.85000000,84726.42000000,84653.13000000,84690.51000000,25.72349000,1790962019999999,2178482.22113960,4119,9.54217000,808053.64124420,0
1790962020000000,84690.51000000,84695.96000000,84644.56000000,84676.21000000,15.26518000,1790962079999999,1292290.06946600,2479,5.50124000,465686.10751370,0
1790962080000000,84676.21000000,84709.01000000,84672.00000000,84672.01000000,45.02767000,1790962139999999,3813089.04967560,1867,25.94295000,2196773.87441520,0
1790962140000000,84672.01000000,84672.01000000,84386.78000000,84584.74000000,156.05751000,1790962199999999,13193496.87072170,7453,17.67234000,1495305.58458030,0
1790962200000000,84584.75000000,84700.07000000,84367.13000000,84684.00000000,386.88123000,1790962259999999,32700325.52985850,20802,135.77810000,11484299.81142930,0
1790962260000000,84682.70000000,84770.84000000,84681.02000000,84690.13000000,355.51237000,1790962319999999,30110642.79598820,3902,293.09723000,24823019.05230140,0
1790962320000000,84690.13000000,84775.81000000,84668.64000000,84771.19000000,124.59363000,1790962379999999,10552279.00704450,2162,111.43063000,9437508.49084370,0
1790962380000000,84771.19000000,84785.50000000,84747.96000000,84764.53000000,20.91219000,1790962439999999,1772687.37953590,1662,10.58012000,896819.61969030,0
1790962440000000,84764.52000000,84767.18000000,84764.52000000,84767.18000000,19.50245000,1790962499999999,1653155.33450230,746,19.21499000,1628788.69541330,0
1790962500000000,84767.17000000,84767.17000000,84520.88000000,84719.77000000,153.13345000,1790962559999999,12963093.39556110,3701,26.86456000,2275156.92321590,0
1790962560000000,84719.76000000,84719.77000000,84684.30000000,84684.30000000,12.07041000,1790962619999999,1022460.77887650,1266,3.82726000,324202.08051310,0
1790962620000000,84684.31000000,84706.26000000,84684.30000000,84696.85000000,7.40609000,1790962679999999,627291.03224780,1018,5.16853000,437766.65163170,0
1790962680000000,84696.85000000,84696.85000000,84648.59000000,84675.66000000,8.58354000,1790962739999999,726775.58020790,1242,4.21735000,357057.71760220,0
1790962740000000,84675.66000000,84675.66000000,84419.06000000,84557.70000000,163.20105000,1790962799999999,13795230.25482600,6193,34.42427000,2910425.36326150,0
1790962800000000,84557.71000000,84617.10000000,84557.70000000,84615.78000000,182.58790000,1790962859999999,15441053.97895480,2864,160.87129000,13604027.85676960,0
1790962860000000,84615.78000000,84631.29000000,84594.52000000,84611.67000000,9.36721000,1790962919999999,792615.96517470,1551,2.80197000,237083.48773590,0
1790962920000000,84611.67000000,84611.67000000,84497.86000000,84539.71000000,19.04535000,1790962979999999,1610709.35562960,2536,2.72439000,230412.49846990,0
1790962980000000,84539.72000000,84581.99000000,84432.68000000,84581.99000000,43.25825000,1790963039999999,3655234.74415650,3018,8.58516000,725647.01720660,0
1790963040000000,84581.99000000,84630.88000000,84581.98000000,84604.22000000,9.17309000,1790963099999999,776173.97434430,1913,4.64240000,392801.41693110,0
1790963100000000,84604.21000000,84634.61000000,84584.00000000,84584.01000000,11.60155000,1790963159999999,981638.25116570,2008,3.96324000,335330.00504310,0
1790963160000000,84584.01000000,84625.33000000,84584.00000000,84625.33000000,3.96505000,1790963219999999,335406.17955700,961,3.40101000,287693.87412040,0
1790963220000000,84625.33000000,84653.03000000,84624.00000000,84633.08000000,13.78610000,1790963279999999,1166800.48720900,1629,9.67263000,818641.87060780,0
1790963280000000,84633.08000000,84676.96000000,84633.07000000,84675.37000000,4.23318000,1790963339999999,358349.67589300,930,3.09998000,262423.52267190,0
1790963340000000,84675.38000000,84746.45000000,84675.37000000,84744.46000000,19.08595000,1790963399999999,1616970.43648980,1438,10.52327000,891513.29025610,0
1790963400000000,84744.45000000,84797.20000000,84686.00000000,84749.50000000,29.71052000,1790963459999999,2518058.62783850,3374,16.74452000,1419023.89370470,0
1790963460000000,84749.49000000,84792.01000000,84725.51000000,84792.00000000,10.12252000,1790963519999999,857827.27144030,1962,4.86829000,412598.79084280,0
1790963520000000,84792.00000000,84819.50000000,84772.27000000,84782.01000000,10.68104000,1790963579999999,905707.34996390,2268,4.05479000,343846.90143070,0
1790963580000000,84782.01000000,84805.29000000,84764.22000000,84764.23000000,5.42895000,1790963639999999,460316.71818170,1696,2.24361000,190231.03298100,0
1790963640000000,84764.22000000,84774.87000000,84750.00000000,84774.87000000,6.79038000,1790963699999999,575567.64195070,1060,5.44695000,461699.81602640,0
1790963700000000,84774.86000000,84774.87000000,84756.00000000,84759.99000000,3.98084000,1790963759999999,337452.37481520,1057,1.08083000,91618.06156070,0
1790963760000000,84759.99000000,84770.01000000,84759.99000000,84765.34000000,3.05780000,1790963819999999,259194.40005920,764,1.81872000,154161.96392470,0
1790963820000000,84765.34000000,84790.01000000,84762.88000000,84762.90000000,5.04074000,1790963879999999,427319.94900720,1600,1.53624000,130231.60277430,0
1790963880000000,84762.89000000,84770.01000000,84753.58000000,84770.00000000,2.91122000,1790963939999999,246753.73008630,1263,1.48042000,125479.35666830,0
1790963940000000,84770.01000000,84818.01000000,84770.00000000,84774.75000000,13.15053000,1790963999999999,1115069.40144810,1896,2.81745000,238904.40794000,0
1790964000000000,84774.75000000,84872.01000000,84768.00000000,84853.91000000,14.00962000,1790964059999999,1188518.58759660,4294,8.97408000,761285.01254680,0
1790964060000000,84853.92000000,84863.63000000,84810.26000000,84830.30000000,10.28767000,1790964119999999,872809.96873740,2469,3.73699000,317034.95547040,0
1790964120000000,84830.30000000,84854.01000000,84829.51000000,84854.01000000,7.70938000,1790964179999999,654091.49494100,2470,3.61568000,306765.94571260,0
1790964180000000,84854.01000000,84870.49000000,84834.71000000,84834.71000000,8.13900000,1790964239999999,690632.74349870,2252,1.44112000,122295.24017260,0
1790964240000000,84834.71000000,84872.01000000,84817.04000000,84864.01000000,9.57716000,1790964299999999,812572.34235460,1919,6.32364000,536531.61222930,0
1790964300000000,84864.01000000,84864.01000000,84827.90000000,84827.91000000,9.26580000,1790964359999999,786180.88741400,1259,2.34743000,199158.98819850,0
1790964360000000,84827.91000000,84856.00000000,84808.52000000,84849.83000000,22.28882000,1790964419999999,1890720.51199460,2070,17.15006000,1454797.93344390,0
1790964420000000,84849.84000000,84870.17000000,84833.26000000,84854.38000000,13.53138000,1790964479999999,1148130.33290700,2340,7.91983000,671972.53412710,0
1790964480000000,84854.66000000,84854.67000000,84833.27000000,84845.11000000,8.42681000,1790964539999999,714978.70621500,1488,4.24715000,360343.37738060,0
1790964540000000,84845.11000000,84845.12000000,84796.00000000,84796.01000000,24.00421000,1790964599999999,2036331.82005980,1735,7.01288000,594981.21655320,0
1790964600000000,84796.00000000,84820.01000000,84796.00000000,84811.14000000,4.32390000,1790964659999999,366701.16736840,1211,2.54765000,216048.70822330,0
1790964660000000,84811.13000000,84836.01000000,84811.13000000,84836.01000000,5.59056000,1790964719999999,474193.15467280,836,3.68577000,312628.94397630,0
1790964720000000,84836.00000000,84851.89000000,84828.26000000,84828.26000000,6.88928000,1790964779999999,584515.56959230,1550,2.19416000,186170.02585330,0
1790964780000000,84828.26000000,84868.01000000,84820.00000000,84868.01000000,13.47174000,1790964839999999,1143076.65809920,1795,6.15783000,522420.87241440,0
1790964840000000,84868.01000000,84900.00000000,84868.00000000,84891.22000000,12.57940000,1790964899999999,1067877.66364980,1643,9.56362000,811854.56839140,0
1790964900000000,84891.21000000,84891.21000000,84851.89000000,84851.89000000,9.10927000,1790964959999999,773123.21172830,1989,2.68787000,228118.65096360,0
1790964960000000,84851.90000000,84851.90000000,84688.00000000,84688.01000000,72.50672000,1790965019999999,6145401.03425560,4435,8.59694000,728544.49706570,0
1790965020000000,84688.01000000,84699.22000000,84646.00000000,84689.96000000,18.58530000,1790965079999999,1573719.75035070,3473,7.05652000,597508.44899920,0
1790965080000000,84689.97000000,84742.63000000,84663.88000000,84663.89000000,11.29110000,1790965139999999,956420.37534970,3755,4.84456000,410408.53275650,0
1790965140000000,84663.89000000,84675.71000000,84658.68000000,84668.49000000,9.24816000,1790965199999999,783024.37957220,2121,4.90540000,415328.94242240,0
1790965200000000,84668.50000000,84687.00000000,84626.00000000,84639.82000000,16.08420000,1790965259999999,1361589.56203700,2561,4.17642000,353520.49780920,0
1790965260000000,84639.82000000,84654.01000000,84629.14000000,84639.28000000,5.61866000,1790965319999999,475591.02330230,1595,2.59337000,219500.87786710,0
1790965320000000,84639.28000000,84639.28000000,84605.20000000,84617.99000000,12.81451000,1790965379999999,1084283.51865060,1221,3.14137000,265797.01574500,0
1790965380000000,84617.99000000,84617.99000000,84567.08000000,84577.51000000,10.03757000,1790965439999999,849110.08503890,1715,2.68859000,227427.30101880,0
1790965440000000,84577.51000000,84601.31000000,84556.75000000,84601.30000000,7.48324000,1790965499999999,632854.58974460,2205,3.83315000,324178.36759750,0
1790965500000000,84601.31000000,84622.01000000,84583.77000000,84596.01000000,10.81402000,1790965559999999,914905.74030740,2792,3.26193000,275960.27388670,0
1790965560000000,84596.00000000,84596.01000000,84587.46000000,84587.47000000,2.84740000,1790965619999999,240869.00781300,576,1.01436000,85804.86992460,0
1790965620000000,84587.47000000,84587.47000000,84570.09000000,84570.10000000,9.93794000,1790965679999999,840535.62021670,1142,3.61841000,306038.26096720,0
1790965680000000,84570.10000000,84596.01000000,84570.09000000,84596.01000000,7.34496000,1790965739999999,621275.92120830,919,4.90244000,414653.66404610,0
1790965740000000,84596.00000000,84621.24000000,84596.00000000,84621.24000000,4.17965000,1790965799999999,353630.05668860,881,3.74253000,316645.97960350,0
1790965800000000,84621.25000000,84636.40000000,84550.00000000,84550.00000000,8.79234000,1790965859999999,743852.23502930,2601,1.88329000,159365.80429930,0
1790965860000000,84550.00000000,84558.25000000,84539.84000000,84549.04000000,20.23908000,1790965919999999,1711302.10104680,1035,2.78529000,235483.14810960,0
1790965920000000,84549.04000000,84574.01000000,84530.71000000,84572.00000000,3.86019000,1790965979999999,326391.97476470,1910,1.42686000,120642.99989810,0
1790965980000000,84572.00000000,84572.01000000,84516.66000000,84520.01000000,6.32820000,1790966039999999,534938.68540300,2009,2.95302000,249590.96244810,0
1790966040000000,84520.01000000,84534.00000000,84520.00000000,84521.35000000,4.85989000,1790966099999999,410803.06384180,1203,1.80331000,152428.12431390,0
1790966100000000,84521.36000000,84521.36000000,84390.00000000,84457.99000000,50.00040000,1790966159999999,4222791.40371270,6398,12.65006000,1068137.78252090,0
1790966160000000,84458.00000000,84500.30000000,84432.00000000,84500.30000000,8.78122000,1790966219999999,741674.18059980,4148,4.58367000,387146.36355940,0
1790966220000000,84500.30000000,84528.83000000,84470.00000000,84470.00000000,22.65739000,1790966279999999,1914366.74122500,3269,11.12047000,939509.97598360,0
1790966280000000,84470.01000000,84470.01000000,84376.44000000,84379.17000000,10.77609000,1790966339999999,909662.66533130,2103,2.97201000,250868.11230280,0
1790966340000000,84379.18000000,84379.18000000,84062.99000000,84072.35000000,115.17799000,1790966399999999,9696425.42460910,13850,31.60914000,2660455.54853730,0
1790966400000000,84072.34000000,84214.74000000,83944.81000000,84195.17000000,167.88232000,1790966459999999,14109431.18034590,14411,50.34411000,4232036.00231570,0
1790966460000000,84195.16000000,84196.46000000,83994.98000000,84046.26000000,28.49284000,1790966519999999,2395929.50908580,6100,7.36954000,619855.99279620,0
1790966520000000,84046.27000000,84120.15000000,83904.59000000,84100.82000000,40.89168000,1790966579999999,3435358.02398370,7117,20.69603000,1738451.16467660,0
1790966580000000,84100.82000000,84187.48000000,83932.12000000,83932.13000000,18.54594000,1790966639999999,1559391.35105930,5370,7.12584000,599466.96435130,0
1790966640000000,83932.13000000,84040.72000000,83900.00000000,84040.72000000,32.74668000,1790966699999999,2749266.74407080,5651,15.81190000,1327807.07365400,0
1790966700000000,84040.88000000,84063.03000000,84000.00000000,84037.41000000,10.36649000,1790966759999999,871244.11375390,2981,3.97707000,334213.22565110,0
1790966760000000,84037.40000000,84073.11000000,83969.41000000,84057.00000000,22.54204000,1790966819999999,1894097.98109720,4762,10.42102000,875693.46688820,0
1790966820000000,84056.99000000,84060.24000000,83888.00000000,83906.09000000,67.19404000,1790966879999999,5638313.42322920,3772,7.93267000,665665.72180110,0
1790966880000000,83906.08000000,83988.13000000,83906.08000000,83986.57000000,18.88685000,1790966939999999,1585355.84515510,4669,11.09601000,931382.08228690,0
1790966940000000,83986.58000000,84041.86000000,83986.58000000,84009.65000000,9.72518000,1790966999999999,817179.49762690,2721,3.61735000,303952.16827940,0
1790967000000000,84009.65000000,84042.04000000,84009.64000000,84038.01000000,10.64002000,1790967059999999,894098.44404890,1596,7.27325000,611171.06149900,0
1790967060000000,84038.01000000,84171.45000000,84028.96000000,84168.75000000,15.73944000,1790967119999999,1323773.95409890,3961,11.35659000,955028.62934100,0
1790967120000000,84168.75000000,84260.25000000,84167.38000000,84248.55000000,24.78724000,1790967179999999,2087352.24329710,4820,18.35169000,1545503.86863830,0
1790967180000000,84248.55000000,84249.50000000,84139.62000000,84182.19000000,23.64910000,1790967239999999,1991579.30086930,3639,11.87596000,1000124.83785240,0
1790967240000000,84182.19000000,84218.57000000,84176.13000000,84218.57000000,4.98299000,1790967299999999,419516.86080510,1342,4.56300000,384158.30396690,0
1790967300000000,84218.75000000,84223.60000000,84155.53000000,84185.14000000,7.50391000,1790967359999999,631824.26525080,2367,3.75147000,315863.75414860,0
1790967360000000,84185.13000000,84185.13000000,84158.00000000,84175.09000000,5.38116000,1790967419999999,452915.41419330,1358,2.23752000,188315.44302710,0
1790967420000000,84175.09000000,84285.65000000,84175.08000000,84244.02000000,18.04183000,1790967479999999,1519789.53325010,3051,13.57256000,1143181.06215580,0
1790967480000000,84244.02000000,84296.01000000,84244.01000000,84290.00000000,7.13356000,1790967539999999,601172.66099030,1832,5.47722000,461562.78210480,0
1790967540000000,84290.01000000,84290.01000000,84262.01000000,84262.01000000,3.95782000,1790967599999999,333554.33633500,1063,1.40864000,118712.84567570,0
1790967600000000,84262.01000000,84300.00000000,84256.48000000,84286.00000000,13.66046000,1790967659999999,1151365.53996670,2493,8.59535000,724436.21665360,0
1790967660000000,84286.00000000,84314.66000000,84285.99000000,84312.00000000,6.19226000,1790967719999999,522056.85705130,1505,4.26411000,359490.74749450,0
1790967720000000,84312.00000000,84315.44000000,84238.77000000,84242.34000000,16.77153000,1790967779999999,1413475.85977060,3303,5.80760000,489379.60291820,0
1790967780000000,84242.34000000,84250.02000000,84196.00000000,84238.26000000,9.72638000,1790967839999999,819259.68178840,3251,3.09438000,260625.99877920,0
1790967840000000,84238.27000000,84275.18000000,84238.26000000,84246.01000000,13.21848000,1790967899999999,1113807.73877520,2891,5.91109000,498052.28031680,0
1790967900000000,84246.00000000,84274.01000000,84238.59000000,84244.00000000,15.52715000,1790967959999999,1308267.76266680,2549,8.10217000,682662.98897290,0
1790967960000000,84244.01000000,84244.01000000,84192.01000000,84202.72000000,11.24739000,1790968019999999,947289.99622840,2213,2.83562000,238789.82475190,0
1790968020000000,84202.73000000,84202.73000000,84150.00000000,84178.01000000,14.94170000,1790968079999999,1257806.27976860,2161,8.13125000,684491.99564590,0
1790968080000000,84178.00000000,84183.71000000,84158.20000000,84171.95000000,15.23007000,1790968139999999,1281971.11836200,1676,9.09506000,765548.98624650,0
1790968140000000,84171.96000000,84171.96000000,84116.86000000,84122.78000000,16.66674000,1790968199999999,1402227.00839750,2270,8.56826000,720791.16722040,0
1790968200000000,84122.79000000,84145.24000000,84101.74000000,84115.50000000,10.24225000,1790968259999999,861692.09531270,1863,2.58219000,217231.81506850,0
1790968260000000,84115.50000000,84145.33000000,84100.00000000,84122.88000000,10.04188000,1790968319999999,844788.22481990,2084,3.57513000,300744.23424290,0
1790968320000000,84122.89000000,84122.89000000,84088.00000000,84089.84000000,15.31820000,1790968379999999,1288271.04087610,1961,3.20662000,269664.17809790,0
1790968380000000,84089.84000000,84171.58000000,84082.41000000,84171.58000000,16.64516000,1790968439999999,1400125.31105460,2183,11.64561000,979529.90098300,0
1790968440000000,84171.57000000,84171.58000000,84114.39000000,84129.76000000,10.28620000,1790968499999999,865493.38729320,2532,2.78449000,234252.33713260,0
1790968500000000,84129.76000000,84167.28000000,84080.18000000,84101.01000000,12.37674000,1790968559999999,1041258.11754060,2808,3.65398000,307393.70426150,0
1790968560000000,84101.01000000,84101.01000000,83975.58000000,84037.33000000,52.23030000,1790968619999999,4387734.80028050,3489,31.48662000,2644807.60166380,0
1790968620000000,84037.33000000,84084.01000000,83996.00000000,84009.64000000,16.76080000,1790968679999999,1408721.29930660,3059,4.96551000,417360.22662650,0
1790968680000000,84009.65000000,84090.01000000,83990.00000000,84090.01000000,6.66506000,1790968739999999,560119.63273530,2426,4.35901000,366356.12529450,0
1790968740000000,84090.01000000,84102.29000000,84051.25000000,84051.26000000,14.05087000,1790968799999999,1181441.15910880,2551,6.32020000,531429.49838360,0
1790968800000000,84051.26000000,84063.99000000,84004.65000000,84004.66000000,8.94086000,1790968859999999,751348.65977370,1958,2.91364000,244834.22930650,0
1790968860000000,84004.65000000,84045.00000000,84000.00000000,84025.52000000,14.89958000,1790968919999999,1251981.48974690,3316,9.08759000,763614.39669020,0
1790968920000000,84025.51000000,84076.70000000,84025.51000000,84070.93000000,50.30979000,1790968979999999,4228800.65286850,3048,43.34569000,3643445.86173960,0
1790968980000000,84070.94000000,84076.01000000,84028.00000000,84034.48000000,14.85557000,1790969039999999,1248532.77843190,1998,9.63427000,809622.02530320,0
1790969040000000,84034.49000000,84170.96000000,84034.48000000,84170.00000000,27.82793000,1790969099999999,2340217.99832720,3965,26.52854000,2230885.97594660,0
1790969100000000,84170.01000000,84188.01000000,84118.00000000,84122.01000000,13.79716000,1790969159999999,1161148.45880370,3012,4.62390000,389153.15730600,0
1790969160000000,84122.00000000,84162.74000000,84122.00000000,84126.01000000,10.10863000,1790969219999999,850641.22956450,1932,3.36769000,283384.60349830,0
1790969220000000,84126.01000000,84161.35000000,84106.19000000,84161.35000000,13.43074000,1790969279999999,1129853.73397140,2347,11.34076000,954022.47473180,0
1790969280000000,84161.34000000,84180.01000000,84153.84000000,84180.01000000,12.43151000,1790969339999999,1046293.43311680,1549,7.90500000,665306.74843850,0
1790969340000000,84180.01000000,84180.01000000,84122.23000000,84141.01000000,19.51193000,1790969399999999,1641919.40688850,2065,10.31395000,867818.23481990,0
1790969400000000,84141.01000000,84188.30000000,84140.01000000,84179.84000000,11.79082000,1790969459999999,992345.22957500,2114,5.33002000,448548.19223860,0
1790969460000000,84179.85000000,84186.55000000,84168.00000000,84176.00000000,6.78205000,1790969519999999,570893.98067790,1499,2.43392000,204874.23580690,0
1790969520000000,84176.00000000,84176.00000000,84120.00000000,84136.00000000,12.38711000,1790969579999999,1042382.63321110,2329,5.23829000,440819.10256860,0
1790969580000000,84136.00000000,84136.01000000,84101.01000000,84118.08000000,12.64673000,1790969639999999,1063722.58300740,1573,5.92745000,498520.24539440,0
1790969640000000,84118.09000000,84166.32000000,84100.00000000,84166.32000000,15.71696000,1790969699999999,1322202.36552890,3577,8.31176000,699254.49809060,0
1790969700000000,84166.31000000,84192.91000000,84166.31000000,84186.00000000,12.79923000,1790969759999999,1077403.49414820,1743,8.06541000,678913.88460960,0
1790969760000000,84186.00000000,84224.01000000,84186.00000000,84204.01000000,12.35908000,1790969819999999,1040707.57874270,2329,6.67563000,562087.60586650,0
1790969820000000,84204.00000000,84224.01000000,84204.00000000,84224.00000000,11.95581000,1790969879999999,1006881.60487700,1069,3.66931000,308994.94418620,0
1790969880000000,84224.00000000,84224.00000000,84217.00000000,84217.00000000,14.67683000,1790969939999999,1236063.45488670,789,2.07960000,175146.86988040,0
1790969940000000,84217.01000000,84217.05000000,84217.00000000,84217.04000000,8.77282000,1790969999999999,738820.82087820,437,5.16707000,435155.28625780,0
1790970000000000,84217.04000000,84224.01000000,84217.04000000,84224.00000000,9.72056000,1790970059999999,818656.67005430,734,3.35172000,282279.36428320,0
1790970060000000,84224.00000000,84236.50000000,84224.00000000,84235.01000000,12.48747000,1790970119999999,1051809.33551360,693,10.83343000,912489.76280240,0
1790970120000000,84235.01000000,84239.76000000,84137.71000000,84154.49000000,186.33777000,1790970179999999,15694367.98204220,3608,15.34992000,1292712.63314710,0
1790970180000000,84154.49000000,84187.32000000,84154.49000000,84170.00000000,12.68091000,1790970239999999,1067373.00669560,1461,4.93574000,415444.96624700,0
1790970240000000,84170.01000000,84186.01000000,84170.00000000,84186.01000000,10.75914000,1790970299999999,905631.58797030,954,6.08268000,511997.45380530,0
1790970300000000,84186.01000000,84228.01000000,84186.01000000,84192.00000000,13.78139000,1790970359999999,1160461.14256780,2134,7.78802000,655756.09250910,0
1790970360000000,84192.00000000,84234.50000000,84192.00000000,84234.50000000,10.76525000,1790970419999999,906474.70032140,1460,9.11504000,767522.64741720,0
1790970420000000,84234.50000000,84250.00000000,84199.58000000,84204.13000000,32.88058000,1790970479999999,2769365.02270060,2140,6.52653000,549755.88901530,0
1790970480000000,84204.13000000,84204.14000000,84161.06000000,84168.01000000,15.39388000,1790970539999999,1295828.64418170,1707,3.69648000,311146.38863120,0
1790970540000000,84168.00000000,84212.94000000,84168.00000000,84206.37000000,26.75476000,1790970599999999,2252640.71633300,3174,16.50712000,1389720.57165090,0
1790970600000000,84206.38000000,84226.01000000,84206.37000000,84206.38000000,16.23923000,1790970659999999,1367547.28573220,1647,5.44744000,458741.76625050,0
1790970660000000,84206.39000000,84238.37000000,84206.39000000,84230.01000000,13.83468000,1790970719999999,1165254.35125760,1752,10.77423000,907465.03737010,0
1790970720000000,84230.00000000,84230.01000000,84212.28000000,84224.00000000,7.87508000,1790970779999999,663249.47524500,989,2.14960000,181041.64987820,0
1790970780000000,84224.00000000,84224.01000000,84190.00000000,84190.00000000,7.95824000,1790970839999999,670172.10859960,1107,1.36281000,114747.52686020,0
1790970840000000,84190.00000000,84226.03000000,84190.00000000,84205.42000000,50.78273000,1790970899999999,4276826.15477140,1443,16.57404000,1395645.81404200,0
1790970900000000,84205.42000000,84256.46000000,84205.42000000,84248.01000000,11.30415000,1790970959999999,952258.86648820,2446,7.56304000,637058.76732830,0
1790970960000000,84248.01000000,84248.01000000,84221.75000000,84223.35000000,7.79007000,1790971019999999,656212.58916140,1121,1.63319000,137557.09395760,0
1790971020000000,84223.36000000,84260.01000000,84223.35000000,84260.01000000,9.72632000,1790971079999999,819364.80401800,1329,7.71372000,649822.28694650,0
1790971080000000,84260.01000000,84322.89000000,84260.01000000,84308.95000000,11.96542000,1790971139999999,1008745.14882920,2249,6.10966000,515021.93565160,0
1790971140000000,84308.95000000,84354.57000000,84268.50000000,84315.28000000,42.52676000,1790971199999999,3585561.22425430,6059,18.57821000,1566406.98183290,0
1790971200000000,84315.27000000,84371.06000000,84315.27000000,84371.06000000,16.29783000,1790971259999999,1374708.65834840,3436,9.58214000,808218.92231580,0
1790971260000000,84371.05000000,84400.63000000,84368.98000000,84400.00000000,12.35770000,1790971319999999,1042813.54105890,2257,5.78644000,488298.24621370,0
1790971320000000,84400.00000000,84401.97000000,84378.00000000,84378.00000000,12.63156000,1790971379999999,1065982.17711970,2131,1.85788000,156789.37992380,0
1790971380000000,84378.00000000,84378.01000000,84342.00000000,84366.01000000,12.87774000,1790971439999999,1086309.34903930,1454,6.75774000,570028.76725370,0
1790971440000000,84366.01000000,84384.01000000,84358.76000000,84384.00000000,8.18323000,1790971499999999,690385.64884030,1136,4.27789000,360906.26851550,0
1790971500000000,84384.01000000,84438.32000000,84384.00000000,84438.32000000,10.59001000,1790971559999999,893850.25695200,1735,8.12243000,685518.09066030,0
1790971560000000,84438.32000000,84474.82000000,84410.89000000,84410.89000000,32.62358000,1790971619999999,2755013.84048630,4025,15.51227000,1310027.06391460,0
1790971620000000,84410.89000000,84410.90000000,84384.00000000,84398.01000000,11.96791000,1790971679999999,1010012.83549690,1573,7.12355000,601173.15203030,0
1790971680000000,84398.00000000,84404.01000000,84363.67000000,84390.32000000,9.51904000,1790971739999999,803263.01717430,2389,3.62060000,305492.28142880,0
1790971740000000,84390.31000000,84390.32000000,84358.76000000,84361.47000000,13.48547000,1790971799999999,1137777.26625290,1117,7.15927000,603973.72133730,0
1790971800000000,84361.47000000,84364.01000000,84350.00000000,84364.01000000,8.78708000,1790971859999999,741258.74762770,1483,3.51728000,296706.82337810,0
1790971860000000,84364.01000000,84408.00000000,84364.01000000,84408.00000000,9.79381000,1790971919999999,826549.12871520,1156,8.81453000,743898.85715820,0
1790971920000000,84408.00000000,84421.71000000,84394.76000000,84394.77000000,5.09936000,1790971979999999,430432.61617870,1293,1.00489000,84821.61743010,0
1790971980000000,84394.77000000,84397.98000000,84358.76000000,84366.00000000,8.03458000,1790972039999999,677991.22866160,1312,1.48935000,125664.87982330,0
1790972040000000,84366.01000000,84378.01000000,84366.00000000,84374.01000000,3.36840000,1790972099999999,284211.18994080,839,1.68146000,141872.75571880,0
1790972100000000,84374.00000000,84386.01000000,84374.00000000,84386.00000000,2.86198000,1790972159999999,241494.53511230,648,1.40875000,118868.87149840,0
1790972160000000,84386.01000000,84386.01000000,84375.38000000,84375.39000000,5.52912000,1790972219999999,466568.13803250,586,1.43958000,121478.97464640,0
1790972220000000,84375.38000000,84375.39000000,84373.78000000,84375.38000000,5.91973000,1790972279999999,499474.02201420,561,2.88087000,243070.15404900,0
1790972280000000,84375.39000000,84375.39000000,84359.94000000,84368.01000000,6.94023000,1790972339999999,585532.62503580,1194,1.52182000,128387.64881570,0
1790972340000000,84368.01000000,84393.15000000,84368.01000000,84389.39000000,4.60865000,1790972399999999,388914.46675480,963,2.15723000,182038.13890520,0
1790972400000000,84389.38000000,84389.38000000,84373.24000000,84380.00000000,4.21774000,1790972459999999,355898.78867530,567,0.79571000,67140.10828170,0
1790972460000000,84380.01000000,84380.01000000,84370.96000000,84370.97000000,4.47932000,1790972519999999,377951.91453390,555,0.60677000,51195.82574010,0
1790972520000000,84370.96000000,84375.55000000,84357.26000000,84375.55000000,10.11471000,1790972579999999,853306.12668230,1229,6.43317000,542713.71175960,0
1790972580000000,84375.54000000,84491.18000000,84375.54000000,84491.17000000,18.82535000,1790972639999999,1589928.40484370,1841,9.70597000,819617.03055210,0
1790972640000000,84491.17000000,84528.51000000,84462.00000000,84522.00000000,24.08503000,1790972699999999,2034948.41791690,3561,13.88054000,1172816.77872550,0
1790972700000000,84522.00000000,84531.99000000,84488.30000000,84521.74000000,14.01856000,1790972759999999,1184792.23050550,2270,8.17962000,691317.79191160,0
1790972760000000,84521.74000000,84530.01000000,84521.74000000,84528.64000000,3.96861000,1790972819999999,335456.07077100,690,2.39747000,202649.87532560,0
1790972820000000,84528.64000000,84528.64000000,84408.00000000,84424.01000000,19.33538000,1790972879999999,1633453.93019160,3960,8.93321000,754735.93171040,0
1790972880000000,84424.00000000,84424.01000000,84347.08000000,84363.27000000,8.16354000,1790972939999999,688926.41386430,2247,3.30945000,279250.14607990,0
1790972940000000,84364.01000000,84364.01000000,84348.00000000,84348.00000000,4.41924000,1790972999999999,372777.33015590,746,1.75613000,148132.78752370,0
1790973000000000,84348.00000000,84357.72000000,84342.00000000,84357.72000000,5.51850000,1790973059999999,465470.28751310,1040,3.72081000,313839.55317970,0
1790973060000000,84357.72000000,84402.76000000,84356.00000000,84402.74000000,11.82936000,1790973119999999,998082.84829960,1815,9.34933000,788793.65811170,0
1790973120000000,84402.75000000,84428.00000000,84402.74000000,84428.00000000,3.45650000,1790973179999999,291772.43868250,870,2.84333000,240015.79837640,0
1790973180000000,84428.00000000,84452.62000000,84427.99000000,84452.62000000,4.53414000,1790973239999999,382869.59718580,1008,3.22272000,272127.87025000,0
1790973240000000,84452.62000000,84452.62000000,84452.61000000,84452.62000000,1.20777000,1790973299999999,101999.33403450,153,0.52548000,44378.16275760,0
1790973300000000,84452.61000000,84452.62000000,84414.00000000,84414.01000000,5.26443000,1790973359999999,444495.73966660,1160,1.46319000,123542.53149920,0
1790973360000000,84414.00000000,84429.93000000,84414.00000000,84429.92000000,1.99093000,1790973419999999,168076.09290780,741,1.38516000,116933.81722340,0
1790973420000000,84429.93000000,84429.93000000,84429.92000000,84429.92000000,2.49863000,1790973479999999,210959.13875700,187,0.77474000,65411.24396820,0
1790973480000000,84429.92000000,84435.97000000,84429.92000000,84435.96000000,1.91915000,1790973539999999,162037.45413490,345,1.26353000,106681.75908410,0
1790973540000000,84435.96000000,84435.97000000,84434.00000000,84434.01000000,2.66133000,1790973599999999,224711.88180460,372,0.29687000,25066.48330550,0
1790973600000000,84434.00000000,84434.00000000,84422.00000000,84422.00000000,5.24028000,1790973659999999,442404.16524580,731,1.01126000,85372.63623260,0
1790973660000000,84422.00000000,84422.01000000,84289.40000000,84295.98000000,31.42035000,1790973719999999,2649783.72254850,3009,11.72093000,988062.88568020,0
1790973720000000,84295.98000000,84295.98000000,84280.00000000,84282.86000000,9.51084000,1790973779999999,801632.79909640,1496,2.61709000,220576.07991050,0
1790973780000000,84282.86000000,84282.86000000,84232.01000000,84238.01000000,28.50135000,1790973839999999,2401469.03193700,3109,9.82357000,827592.72341330,0
1790973840000000,84238.01000000,84238.01000000,84233.51000000,84238.01000000,7.19382000,1790973899999999,605982.69525100,678,1.53547000,129341.75769200,0
1790973900000000,84238.01000000,84247.22000000,84238.00000000,84246.23000000,7.00660000,1790973959999999,590259.16142560,924,1.25378000,105620.12475110,0
1790973960000000,84246.23000000,84370.00000000,84238.00000000,84370.00000000,40.25416000,1790974019999999,3393064.64632490,3970,30.75927000,2592801.42575180,0
1790974020000000,84370.00000000,84396.00000000,84358.47000000,84396.00000000,21.90691000,1790974079999999,1848401.54823520,4087,13.69507000,1155516.21120590,0
1790974080000000,84396.00000000,84396.01000000,84364.00000000,84364.00000000,14.92021000,1790974139999999,1258905.14977250,2053,9.67533000,816334.16248340,0
1790974140000000,84364.00000000,84364.01000000,84358.00000000,84358.01000000,8.39538000,1790974199999999,708261.60112370,652,5.72317000,482826.48842820,0
1790974200000000,84358.01000000,84418.02000000,84358.00000000,84418.02000000,7.00591000,1790974259999999,591211.79637670,2358,6.23297000,525996.59351070,0
1790974260000000,84418.02000000,84456.02000000,84398.00000000,84456.02000000,14.99726000,1790974319999999,1265999.47927060,2727,8.77494000,740691.72651200,0
1790974320000000,84456.02000000,84475.23000000,84456.02000000,84475.23000000,4.91147000,1790974379999999,414814.67109460,1387,3.68549000,311269.84538850,0
1790974380000000,84475.23000000,84475.25000000,84448.00000000,84454.01000000,8.22478000,1790974439999999,694742.17106570,1044,1.46209000,123487.22038480,0
1790974440000000,84454.01000000,84454.01000000,84431.67000000,84431.68000000,5.13491000,1790974499999999,433642.09602990,673,1.14650000,96819.77178450,0
1790974500000000,84431.68000000,84434.01000000,84386.00000000,84386.00000000,6.07565000,1790974559999999,512860.92856710,1222,1.98717000,167757.38667890,0
1790974560000000,84386.00000000,84393.99000000,84386.00000000,84393.99000000,2.17803000,1790974619999999,183802.97266750,592,1.34978000,113906.53612950,0
1790974620000000,84393.99000000,84393.99000000,84388.00000000,84388.00000000,3.97710000,1790974679999999,335629.72039440,446,1.76442000,148898.35522800,0
1790974680000000,84388.01000000,84448.28000000,84388.01000000,84446.95000000,13.52886000,1790974739999999,1142274.38694320,2414,6.36445000,537290.31075540,0
1790974740000000,84446.94000000,84500.47000000,84434.00000000,84459.04000000,8.22022000,1790974799999999,694345.94139350,2684,4.30697000,363769.79773980,0
1790974800000000,84459.04000000,84482.00000000,84442.00000000,84482.00000000,6.78508000,1790974859999999,573031.85754380,1576,4.90755000,414458.86679400,0
1790974860000000,84482.00000000,84518.01000000,84481.99000000,84518.00000000,3.92494000,1790974919999999,331681.46350040,1240,3.83593000,324158.78221490,0
1790974920000000,84518.01000000,84544.46000000,84518.00000000,84524.57000000,11.39549000,1790974979999999,963327.04958900,1598,7.55835000,638940.28900670,0
1790974980000000,84524.56000000,84524.56000000,84506.37000000,84510.78000000,4.86648000,1790975039999999,411259.79511570,1136,3.79085000,320354.90507320,0
1790975040000000,84510.77000000,84510.78000000,84510.77000000,84510.78000000,2.20366000,1790975099999999,186233.01391160,197,1.04934000,88680.54188520,0
1790975100000000,84510.78000000,84510.97000000,84510.77000000,84510.97000000,2.97224000,1790975159999999,251186.37217460,356,1.97221000,166673.05706270,0
1790975160000000,84510.97000000,84516.01000000,84510.96000000,84513.38000000,4.36582000,1790975219999999,368974.89614840,538,1.63008000,137762.88034890,0
1790975220000000,84513.39000000,84513.39000000,84494.48000000,84494.48000000,3.91566000,1790975279999999,330887.83391790,774,0.90181000,76203.53864730,0
1790975280000000,84494.48000000,84498.09000000,84494.48000000,84498.09000000,2.00679000,1790975339999999,169566.84327730,406,1.87048000,158049.01952630,0
1790975340000000,84498.08000000,84512.01000000,84498.08000000,84512.00000000,13.18866000,1790975399999999,1114518.15143830,538,11.03096000,932192.43917060,0
1790975400000000,84512.01000000,84520.01000000,84512.00000000,84520.01000000,2.12690000,1790975459999999,179751.46190700,658,2.05739000,173876.95244160,0
1790975460000000,84520.00000000,84523.71000000,84520.00000000,84523.71000000,2.84426000,1790975519999999,240406.97201610,338,2.46669000,208493.37838940,0
1790975520000000,84523.71000000,84523.71000000,84523.70000000,84523.70000000,1.23381000,1790975579999999,104286.19338130,112,0.70843000,59879.13187530,0
1790975580000000,84523.70000000,84523.71000000,84498.08000000,84498.09000000,12.67477000,1790975639999999,1071129.01807910,1176,7.33080000,619494.00585330,0
1790975640000000,84498.08000000,84498.09000000,84496.00000000,84496.00000000,2.36265000,1790975699999999,199635.51364190,333,1.72618000,145855.73045060,0
1790975700000000,84496.00000000,84500.84000000,84496.00000000,84500.84000000,1.78136000,1790975759999999,150520.19271090,328,1.66502000,140689.92667020,0
1790975760000000,84500.84000000,84500.84000000,84500.83000000,84500.83000000,0.86254000,1790975819999999,72885.35157940,170,0.56712000,47922.11638080,0
1790975820000000,84500.84000000,84501.78000000,84500.83000000,84501.77000000,1.53010000,1790975879999999,129294.82057750,213,1.30213000,110031.11591260,0
1790975880000000,84501.78000000,84509.71000000,84501.77000000,84509.71000000,2.59256000,1790975939999999,219088.44917400,433,1.98922000,168100.41300790,0
1790975940000000,84509.71000000,84509.71000000,84494.01000000,84494.01000000,11.10425000,1790975999999999,938338.98720080,913,0.52369000,44256.26086940,0
1790976000000000,84494.01000000,84494.01000000,84494.00000000,84494.01000000,1.72777000,1790976059999999,145986.21154500,134,1.31650000,111236.36416500,0
1790976060000000,84494.01000000,84494.01000000,84491.52000000,84491.53000000,4.30093000,1790976119999999,363397.10335090,364,1.15029000,97190.07303570,0
1790976120000000,84491.53000000,84491.53000000,84479.99000000,84480.00000000,14.58590000,1790976179999999,1232348.33367010,618,2.83274000,239342.39556500,0
1790976180000000,84480.00000000,84487.99000000,84479.99000000,84487.36000000,3.92700000,1790976239999999,331763.64773410,274,3.24029000,273748.72589650,0
1790976240000000,84487.37000000,84487.37000000,84487.36000000,84487.36000000,0.91647000,1790976299999999,77430.13558200,108,0.47628000,40239.64458360,0
1790976300000000,84487.37000000,84491.16000000,84487.36000000,84487.37000000,11.99915000,1790976359999999,1013794.28875160,667,5.12735000,433198.16097600,0
1790976360000000,84487.36000000,84487.37000000,84431.79000000,84434.01000000,11.58639000,1790976419999999,978596.58956080,2009,2.24807000,189819.28562800,0
1790976420000000,84434.01000000,84442.01000000,84434.00000000,84442.01000000,4.64024000,1790976479999999,391796.27642830,443,1.58138000,133524.49118830,0
1790976480000000,84442.01000000,84442.02000000,84434.26000000,84438.40000000,8.60225000,1790976539999999,726357.72552920,933,4.81324000,406409.09737540,0
1790976540000000,84438.40000000,84438.40000000,84434.00000000,84434.01000000,2.43455000,1790976599999999,205562.59496860,413,0.82110000,69328.76561100,0
1790976600000000,84434.00000000,84434.01000000,84422.01000000,84422.01000000,6.09914000,1790976659999999,514966.85165400,525,2.53270000,213844.78187330,0
1790976660000000,84422.01000000,84429.40000000,84422.01000000,84429.40000000,2.78378000,1790976719999999,235023.01141480,330,2.16260000,182580.14843980,0
1790976720000000,84429.40000000,84442.01000000,84429.07000000,84429.07000000,6.03255000,1790976779999999,509362.61377140,768,3.24783000,274224.56922370,0
1790976780000000,84429.07000000,84442.02000000,84426.00000000,84442.00000000,5.29008000,1790976839999999,446640.41917770,944,4.31653000,364445.50796570,0
1790976840000000,84442.01000000,84456.02000000,84433.98000000,84433.99000000,17.43537000,1790976899999999,1472303.61931940,1091,2.03521000,171869.75986600,0
1790976900000000,84433.99000000,84456.01000000,84433.98000000,84456.01000000,3.21881000,1790976959999999,271818.32680160,836,2.50030000,211147.13287810,0
1790976960000000,84456.01000000,84485.47000000,84456.00000000,84485.47000000,2.29234000,1790977019999999,193641.13936430,1069,1.92065000,162243.72287390,0
1790977020000000,84485.46000000,84512.60000000,84485.46000000,84512.59000000,5.11340000,1790977079999999,432073.77875100,833,4.50967000,381054.49274280,0
1790977080000000,84512.59000000,84512.59000000,84494.00000000,84510.01000000,5.15676000,1790977139999999,435768.59977370,1719,1.74175000,147178.75643900,0
1790977140000000,84510.01000000,84544.46000000,84510.00000000,84544.46000000,6.52270000,1790977199999999,551373.44679570,1148,4.75722000,402130.84869230,0
1790977200000000,84544.45000000,84544.46000000,84520.57000000,84529.36000000,7.95546000,1790977259999999,672471.09744190,2674,3.08897000,261097.74949620,0
1790977260000000,84529.36000000,84544.46000000,84519.01000000,84532.00000000,7.01851000,1790977319999999,593306.23042910,2496,3.32254000,280861.31659290,0
1790977320000000,84532.01000000,84532.01000000,84532.00000000,84532.01000000,2.29947000,1790977379999999,194378.80325150,233,0.52115000,44053.85701150,0
1790977380000000,84532.00000000,84544.46000000,84511.16000000,84511.16000000,7.56893000,1790977439999999,639840.32287340,1834,1.65296000,139732.64382600,0
1790977440000000,84511.16000000,84520.00000000,84511.16000000,84520.00000000,4.12054000,1790977499999999,348254.31843160,1074,1.47894000,124993.38808500,0
1790977500000000,84519.99000000,84532.17000000,84519.99000000,84532.16000000,3.04544000,1790977559999999,257414.86309650,585,2.63391000,222629.72083930,0
1790977560000000,84532.17000000,84539.59000000,84532.16000000,84538.00000000,1.51005000,1790977619999999,127653.58749460,729,0.87757000,74185.49951390,0
1790977620000000,84538.00000000,84539.94000000,84535.26000000,84539.94000000,4.28987000,1790977679999999,362648.45020590,487,3.48238000,294386.67618150,0
1790977680000000,84539.93000000,84539.94000000,84504.98000000,84504.99000000,13.28258000,1790977739999999,1122568.30960410,1495,1.93372000,163417.87346560,0
1790977740000000,84504.98000000,84515.37000000,84504.98000000,84515.36000000,13.52374000,1790977799999999,1142832.80379560,573,13.40256000,1132592.19081550,0
1790977800000000,84515.36000000,84515.37000000,84500.00000000,84505.64000000,7.18072000,1790977859999999,606842.31293850,561,1.54226000,130342.72201710,0
1790977860000000,84505.64000000,84523.35000000,84505.63000000,84523.35000000,4.91828000,1790977919999999,415637.76994280,835,3.86330000,326483.78442210,0
1790977920000000,84523.35000000,84534.01000000,84523.34000000,84534.01000000,1.13895000,1790977979999999,96274.07437640,969,0.90719000,76683.78282990,0
1790977980000000,84534.00000000,84537.30000000,84530.92000000,84537.30000000,11.95777000,1790978039999999,1010848.94110580,874,1.36402000,115306.53719150,0
1790978040000000,84537.30000000,84538.72000000,84513.99000000,84513.99000000,15.01356000,1790978099999999,1269036.05305840,1158,1.47147000,124394.78398260,0
1790978100000000,84514.00000000,84523.64000000,84513.99000000,84516.01000000,5.55603000,1790978159999999,469593.58393790,1055,2.82806000,239023.64372720,0
1790978160000000,84516.01000000,84516.01000000,84516.00000000,84516.01000000,0.34478000,1790978219999999,29139.42928710,97,0.28071000,23724.48916710,0
1790978220000000,84516.00000000,84523.99000000,84516.00000000,84523.99000000,5.32755000,1790978279999999,450278.31007200,335,5.17583000,437455.34097840,0
1790978280000000,84523.99000000,84523.99000000,84523.98000000,84523.99000000,1.33453000,1790978339999999,112799.79156440,182,0.45350000,38331.62946500,0
1790978340000000,84523.99000000,84531.85000000,84523.98000000,84531.69000000,3.13630000,1790978399999999,265104.87984930,247,2.59125000,219034.57773630,0
1790978400000000,84531.68000000,84550.00000000,84531.68000000,84534.29000000,6.94422000,1790978459999999,587079.02402020,1399,2.07534000,175445.46470130,0
1790978460000000,84534.28000000,84540.01000000,84534.28000000,84536.00000000,2.81195000,1790978519999999,237712.82040780,584,1.46892000,124174.62968220,0
1790978520000000,84536.00000000,84536.01000000,84476.35000000,84488.05000000,24.24361000,1790978579999999,2048491.88981600,3094,11.78620000,995791.45932180,0
1790978580000000,84488.05000000,84518.01000000,84488.05000000,84512.25000000,4.86203000,1790978639999999,410895.75265530,1637,2.59126000,218978.49780720,0
1790978640000000,84512.25000000,84512.25000000,84488.00000000,84488.01000000,2.92316000,1790978699999999,247019.17050910,842,0.66201000,55939.96034680,0
1790978700000000,84488.00000000,84488.01000000,84474.56000000,84474.57000000,1.33669000,1790978759999999,112924.59223270,405,0.42313000,35744.38754970,0
1790978760000000,84474.56000000,84474.57000000,84460.00000000,84460.01000000,8.10320000,1790978819999999,684466.98503050,652,0.77224000,65226.83048320,0
1790978820000000,84460.01000000,84496.01000000,84460.00000000,84496.00000000,3.79056000,1790978879999999,320228.71518230,973,3.47346000,293438.89150660,0
1790978880000000,84496.01000000,84496.01000000,84486.00000000,84486.00000000,3.44063000,1790978939999999,290705.03807600,845,1.00271000,84718.00615430,0
1790978940000000,84486.00000000,84486.01000000,84486.00000000,84486.01000000,2.18772000,1790978999999999,184831.72569570,203,1.37757000,116385.39279570,0
1790979000000000,84486.01000000,84486.01000000,84480.00000000,84481.36000000,6.15640000,1790979059999999,520109.22460810,500,2.66320000,224990.20300780,0
1790979060000000,84481.37000000,84481.37000000,84481.36000000,84481.37000000,2.42218000,1790979119999999,204629.08356080,183,2.29960000,194273.35845200,0
1790979120000000,84481.37000000,84523.27000000,84481.37000000,84506.43000000,65.71605000,1790979179999999,5553084.75800650,1602,60.82387000,5139702.54646810,0
1790979180000000,84506.42000000,84537.45000000,84494.01000000,84530.00000000,111.02389000,1790979239999999,9383557.66907340,4629,79.26581000,6699060.88644870,0
1790979240000000,84530.00000000,84545.91000000,84530.00000000,84545.91000000,4.26049000,1790979299999999,360157.14220150,615,2.88446000,243833.75436360,0
1790979300000000,84546.00000000,84550.00000000,84543.01000000,84543.02000000,5.80565000,1790979359999999,490849.12849400,854,0.98767000,83503.62546910,0
1790979360000000,84543.01000000,84543.02000000,84534.35000000,84537.06000000,2.61079000,1790979419999999,220715.00270300,537,0.57698000,48776.61167400,0
1790979420000000,84537.07000000,84554.01000000,84537.06000000,84554.01000000,4.72816000,1790979479999999,399747.05824690,469,4.41917000,373624.17117530,0
1790979480000000,84554.00000000,84554.00000000,84541.97000000,84547.98000000,3.08115000,1790979539999999,260508.11548760,1268,0.87034000,73581.17188970,0
1790979540000000,84547.98000000,84547.99000000,84533.99000000,84546.03000000,20.23385000,1790979599999999,1710564.73300380,1755,16.24956000,1373730.69587640,0
1790979600000000,84546.03000000,84546.11000000,84534.35000000,84543.56000000,7.00878000,1790979659999999,592535.12354370,1058,3.16750000,267780.14313220,0
1790979660000000,84543.56000000,84554.36000000,84543.55000000,84554.00000000,6.41840000,1790979719999999,542668.78271360,626,5.33522000,451083.54988860,0
1790979720000000,84554.00000000,84554.01000000,84554.00000000,84554.01000000,1.43949000,1790979779999999,121714.64387670,153,0.64167000,54255.77159670,0
1790979780000000,84554.01000000,84554.01000000,84552.64000000,84553.90000000,3.04586000,1790979839999999,257537.10104800,447,1.39497000,117948.90325120,0
1790979840000000,84553.90000000,84564.00000000,84553.89000000,84563.31000000,2.99815000,1790979899999999,253517.79458620,581,2.68718000,227222.86405150,0
1790979900000000,84563.32000000,84567.22000000,84540.00000000,84540.01000000,10.75928000,1790979959999999,909754.68962510,1133,1.18983000,100609.22417910,0
1790979960000000,84540.01000000,84540.01000000,84510.00000000,84510.00000000,8.67088000,1790980019999999,732901.47471890,890,0.87520000,73968.82138100,0
1790980020000000,84510.00000000,84510.00000000,84484.86000000,84492.01000000,7.27165000,1790980079999999,614428.39585250,1095,1.87903000,158756.67548680,0
1790980080000000,84492.01000000,84512.01000000,84492.00000000,84512.01000000,4.35718000,1790980139999999,368179.65896710,803,3.42732000,289605.48964440,0
1790980140000000,84512.01000000,84550.01000000,84512.00000000,84525.01000000,28.43717000,1790980199999999,2404067.76224270,1102,7.49950000,633962.72995870,0
1790980200000000,84525.02000000,84525.02000000,84525.01000000,84525.01000000,1.99867000,1790980259999999,168937.60811690,174,0.63802000,53928.65326040,0
1790980260000000,84525.02000000,84534.99000000,84525.01000000,84534.98000000,2.91128000,1790980319999999,246096.24653610,883,2.41223000,203910.65410490,0
1790980320000000,84534.99000000,84540.00000000,84534.98000000,84540.00000000,1.04728000,1790980379999999,88535.72111050,384,0.97566000,82480.97494250,0
1790980380000000,84540.00000000,84540.00000000,84539.99000000,84540.00000000,1.96483000,1790980439999999,166106.72533400,269,1.67823000,141877.56420000,0
1790980440000000,84540.00000000,84546.01000000,84539.99000000,84546.01000000,3.75568000,1790980499999999,317513.21050600,536,3.54508000,299708.62249020,0
1790980500000000,84546.00000000,84546.01000000,84546.00000000,84546.01000000,0.83792000,1790980559999999,70842.79024850,201,0.59285000,50123.10202850,0
1790980560000000,84546.00000000,84552.01000000,84546.00000000,84552.00000000,1.20608000,1790980619999999,101972.09270030,264,1.15781000,97890.82838030,0
1790980620000000,84552.01000000,84558.70000000,84552.00000000,84558.70000000,2.83200000,1790980679999999,239452.91957010,304,2.65855000,224787.32479440,0
1790980680000000,84558.69000000,84558.70000000,84558.69000000,84558.70000000,0.93882000,1790980739999999,79385.39487020,119,0.55244000,46713.60822800,0
1790980740000000,84558.70000000,84558.70000000,84514.83000000,84522.78000000,20.62716000,1790980799999999,1743763.06552990,1730,2.87323000,242869.97389170,0
1790980800000000,84522.78000000,84522.78000000,84500.00000000,84500.01000000,3.48011000,1790980859999999,294093.58314060,885,1.54693000,130723.20640590,0
1790980860000000,84500.01000000,84508.31000000,84499.99000000,84508.30000000,13.52885000,1790980919999999,1143200.89604550,834,6.31475000,533607.69610570,0
1790980920000000,84508.31000000,84513.30000000,84508.30000000,84513.30000000,1.09804000,1790980979999999,92794.82511210,535,1.03978000,87871.34047140,0
1790980980000000,84513.29000000,84515.00000000,84509.96000000,84509.97000000,36.12013000,1790981039999999,3052679.06435760,721,8.21496000,694284.36053660,0
1790981040000000,84509.97000000,84528.64000000,84509.96000000,84510.00000000,92.91315000,1790981099999999,7852300.38186050,729,74.76629000,6318526.27205600,0
1790981100000000,84510.00000000,84520.01000000,84492.93000000,84515.44000000,64.35581000,1790981159999999,5438551.75667990,2961,16.52269000,1396303.35462180,0
1790981160000000,84515.44000000,84520.00000000,84515.43000000,84520.00000000,1.42818000,1790981219999999,120704.06114010,489,1.28246000,108388.44467970,0
1790981220000000,84519.99000000,84530.00000000,84519.99000000,84530.00000000,1.98868000,1790981279999999,168100.53145730,515,1.68489000,142421.20622440,0
1790981280000000,84529.99000000,84530.00000000,84529.99000000,84530.00000000,7.21141000,1790981339999999,609580.47984920,194,6.46633000,546598.87490000,0
1790981340000000,84530.00000000,84548.01000000,84529.99000000,84548.00000000,4.86881000,1790981399999999,411592.17500730,596,4.79760000,405571.77582480,0
1790981400000000,84548.00000000,84548.00000000,84527.13000000,84527.14000000,13.39779000,1790981459999999,1132710.72428540,1058,0.90628000,76612.37261790,0
1790981460000000,84527.14000000,84527.14000000,84527.13000000,84527.13000000,0.98933000,1790981519999999,83625.23369480,134,0.81719000,69074.73353660,0
1790981520000000,84527.14000000,84557.97000000,84527.14000000,84541.27000000,5.45002000,1790981579999999,460785.08309590,1964,3.11990000,263767.00698500,0
1790981580000000,84541.27000000,84541.27000000,84525.98000000,84526.00000000,5.15450000,1790981639999999,435736.19173960,560,0.54241000,45852.48910030,0
1790981640000000,84526.01000000,84533.02000000,84526.00000000,84533.02000000,1.34311000,1790981699999999,113529.98790480,387,1.32057000,111624.73504390,0
1790981700000000,84533.02000000,84552.01000000,84533.02000000,84552.01000000,2.34496000,1790981759999999,198250.33368030,877,2.31955000,196102.17913400,0
1790981760000000,84552.01000000,84552.01000000,84552.00000000,84552.01000000,1.26235000,1790981819999999,106734.22684080,138,0.96408000,81514.90180080,0
1790981820000000,84552.01000000,84552.01000000,84552.00000000,84552.01000000,1.15966000,1790981879999999,98051.58157730,93,0.92573000,78272.33221730,0
1790981880000000,84552.01000000,84560.00000000,84552.00000000,84560.00000000,0.80597000,1790981939999999,68149.00937120,369,0.76087000,64335.65634750,0
1790981940000000,84559.99000000,84560.00000000,84559.99000000,84560.00000000,0.55429000,1790981999999999,46870.76151270,78,0.46556000,39367.75360000,0
1790982000000000,84559.99000000,84561.32000000,84559.99000000,84561.32000000,0.87896000,1790982059999999,74325.95067420,281,0.46629000,39430.03836890,0
1790982060000000,84561.32000000,84562.01000000,84540.00000000,84540.01000000,8.96958000,1790982119999999,758441.05845690,1155,0.74294000,62811.09071660,0
1790982120000000,84540.00000000,84542.74000000,84539.97000000,84542.74000000,4.77110000,1790982179999999,403349.36994670,614,3.57377000,302126.78833230,0
1790982180000000,84542.73000000,84545.45000000,84542.73000000,84545.44000000,6.70331000,1790982239999999,566718.27457860,373,0.65576000,55440.17642920,0
1790982240000000,84545.45000000,84545.46000000,84545.44000000,84545.45000000,1.34769000,1790982299999999,113941.05003410,218,0.54288000,45898.03404310,0
1790982300000000,84545.46000000,84545.46000000,84528.00000000,84528.01000000,2.51475000,1790982359999999,212599.26070280,876,0.32338000,27339.20244180,0
1790982360000000,84528.00000000,84528.01000000,84528.00000000,84528.01000000,0.81806000,1790982419999999,69148.98061620,110,0.49362000,41724.71629620,0
1790982420000000,84528.01000000,84528.01000000,84528.00000000,84528.01000000,1.48951000,1790982479999999,125905.31035190,140,0.90719000,76682.96539190,0
1790982480000000,84528.00000000,84528.01000000,84514.00000000,84514.01000000,2.94591000,1790982539999999,248998.63249440,746,0.65042000,54977.57690050,0
1790982540000000,84514.00000000,84514.01000000,84500.00000000,84500.00000000,2.16081000,1790982599999999,182594.89728770,434,0.28836000,24366.42386360,0
1790982600000000,84500.01000000,84500.01000000,84500.00000000,84500.01000000,1.63573000,1790982659999999,138219.19017470,235,0.51747000,43726.22017470,0
1790982660000000,84500.00000000,84500.01000000,84490.00000000,84490.01000000,2.64210000,1790982719999999,223246.92106360,782,0.51020000,43109.19664050,0
1790982720000000,84490.00000000,84490.01000000,84488.00000000,84488.01000000,1.74460000,1790982779999999,147400.28316420,245,0.55488000,46881.03574880,0
1790982780000000,84488.00000000,84490.72000000,84488.00000000,84490.71000000,4.20458000,1790982839999999,355237.07060000,300,3.72371000,314609.31582330,0
1790982840000000,84490.72000000,84490.72000000,84490.71000000,84490.72000000,0.82196000,1790982899999999,69447.98928510,114,0.52935000,44725.16263200,0
1790982900000000,84490.72000000,84490.72000000,84490.71000000,84490.72000000,0.63489000,1790982959999999,53642.31148180,152,0.46099000,38949.37701280,0
1790982960000000,84490.72000000,84492.78000000,84490.71000000,84492.54000000,2.72761000,1790983019999999,230461.57671400,406,0.98666000,83364.35967170,0
1790983020000000,84492.53000000,84500.01000000,84492.53000000,84500.01000000,1.79134000,1790983079999999,151359.82170440,390,0.76019000,64232.57318830,0
1790983080000000,84500.00000000,84502.01000000,84500.00000000,84502.01000000,0.49220000,1790983139999999,41591.28942120,179,0.31815000,26883.99620120,0
1790983140000000,84502.00000000,84502.02000000,84490.48000000,84490.49000000,21.49457000,1790983199999999,1816257.12556240,811,0.91050000,76939.07020620,0
1790983200000000,84490.48000000,84498.00000000,84490.48000000,84497.99000000,2.43567000,1790983259999999,205795.74313770,443,2.24083000,189333.57903760,0
1790983260000000,84498.00000000,84498.00000000,84497.99000000,84497.99000000,0.61296000,1790983319999999,51793.89267230,92,0.47219000,39899.11062000,0
1790983320000000,84498.00000000,84498.00000000,84497.99000000,84498.00000000,0.58399000,1790983379999999,49345.98423420,83,0.30541000,25806.53418000,0
1790983380000000,84498.00000000,84498.00000000,84497.99000000,84497.99000000,0.36258000,1790983439999999,30637.28348550,79,0.22713000,19192.03074000,0
1790983440000000,84498.00000000,84502.01000000,84497.99000000,84502.01000000,5.18401000,1790983499999999,438041.70459880,554,3.93648000,332627.89003140,0
1790983500000000,84502.01000000,84508.01000000,84502.00000000,84508.00000000,1.41681000,1790983559999999,119725.08856850,266,1.20177000,101552.72067930,0
1790983560000000,84508.00000000,84536.01000000,84508.00000000,84536.00000000,4.69106000,1790983619999999,396483.92691790,891,3.72449000,314789.50895990,0
1790983620000000,84536.01000000,84536.01000000,84536.00000000,84536.01000000,2.96140000,1790983679999999,250344.91580850,132,0.54085000,45721.30100850,0
1790983680000000,84536.01000000,84550.02000000,84536.00000000,84550.01000000,2.60285000,1790983739999999,220046.43876370,968,1.76653000,149345.98087040,0
1790983740000000,84550.02000000,84566.01000000,84550.01000000,84566.00000000,1.72157000,1790983799999999,145580.65513960,683,0.85787000,72541.62813850,0
1790983800000000,84566.01000000,84566.01000000,84562.60000000,84562.60000000,22.57483000,1790983859999999,1909061.29059100,725,7.57460000,640553.01778200,0
1790983860000000,84562.61000000,84562.61000000,84562.00000000,84562.00000000,5.58434000,1790983919999999,472223.21485190,345,4.25937000,360180.99478770,0
1790983920000000,84562.00000000,84562.01000000,84545.76000000,84545.76000000,7.46053000,1790983979999999,630808.04235300,1030,2.87824000,243353.24362000,0
1790983980000000,84545.77000000,84545.77000000,84519.35000000,84519.78000000,5.57588000,1790984039999999,471345.22169090,1244,0.58952000,49827.60794760,0
1790984040000000,84519.78000000,84528.00000000,84519.77000000,84528.00000000,5.76201000,1790984099999999,487014.54513730,402,2.78945000,235771.38253720,0
1790984100000000,84528.00000000,84545.86000000,84527.99000000,84545.86000000,3.20070000,1790984159999999,270569.99196100,586,2.82969000,239205.74514630,0
1790984160000000,84545.86000000,84545.86000000,84526.00000000,84526.00000000,6.27426000,1790984219999999,530409.09018530,899,2.64583000,223672.08832820,0
1790984220000000,84526.01000000,84526.01000000,84526.00000000,84526.01000000,1.47321000,1790984279999999,124524.55666410,139,0.82041000,69345.98386410,0
1790984280000000,84526.00000000,84526.01000000,84526.00000000,84526.01000000,0.62839000,1790984339999999,53115.29755470,96,0.44147000,37315.69763470,0
1790984340000000,84526.01000000,84527.36000000,84526.00000000,84526.01000000,1.80557000,1790984399999999,152617.62978650,232,1.69084000,142919.96170290,0
1790984400000000,84526.02000000,84538.01000000,84526.02000000,84538.01000000,1.43059000,1790984459999999,120926.17071170,842,1.35179000,114265.34763650,0
1790984460000000,84538.00000000,84540.00000000,84538.00000000,84539.99000000,1.46979000,1790984519999999,124253.77385480,224,0.41202000,34831.93145990,0
1790984520000000,84539.99000000,84544.01000000,84539.99000000,84544.01000000,2.11268000,1790984579999999,178611.26319780,314,1.59987000,135258.28176070,0
1790984580000000,84544.01000000,84557.74000000,84544.00000000,84554.01000000,4.53144000,1790984639999999,383158.13031720,1087,1.12649000,95244.69849850,0
1790984640000000,84554.01000000,84590.01000000,84554.00000000,84579.39000000,102.98733000,1790984699999999,8710160.66927170,2523,79.85896000,6753894.81073450,0
1790984700000000,84579.39000000,84579.39000000,84570.07000000,84570.07000000,3.46697000,1790984759999999,293228.00953110,609,1.79151000,151523.36710500,0
1790984760000000,84570.08000000,84570.08000000,84568.00000000,84568.00000000,1.92484000,1790984819999999,162781.57116450,313,0.52542000,44433.74980080,0
1790984820000000,84568.00000000,84568.01000000,84568.00000000,84568.01000000,2.65196000,1790984879999999,224270.96210740,287,0.88274000,74651.56514740,0
1790984880000000,84568.01000000,84580.01000000,84568.00000000,84575.67000000,24.82758000,1790984939999999,2099787.48357140,577,14.28499000,1208117.43038390,0
1790984940000000,84575.68000000,84588.64000000,84568.00000000,84580.11000000,35.68773000,1790984999999999,3018284.51482430,1152,26.55451000,2245830.51560160,0
1790985000000000,84580.11000000,84580.12000000,84580.10000000,84580.12000000,2.00659000,1790985059999999,169717.61023020,218,1.85332000,156754.01701070,0
1790985060000000,84580.11000000,84580.11000000,84559.41000000,84562.01000000,14.14485000,1790985119999999,1196195.75076770,915,0.55280000,46744.85303840,0
1790985120000000,84562.00000000,84562.01000000,84562.00000000,84562.00000000,1.49926000,1790985179999999,126780.43852950,157,1.44095000,121849.62830950,0
1790985180000000,84562.01000000,84562.01000000,84532.01000000,84538.00000000,23.04361000,1790985239999999,1948215.60454240,680,1.85036000,156435.00481710,0
1790985240000000,84538.00000000,84540.00000000,84533.92000000,84539.99000000,22.93243000,1790985299999999,1938652.26429900,587,1.84444000,155921.36088440,0
1790985300000000,84540.00000000,84540.00000000,84528.10000000,84528.10000000,7.23127000,1790985359999999,611271.61014630,719,3.87261000,327344.96181100,0
1790985360000000,84528.11000000,84528.11000000,84528.10000000,84528.11000000,1.43967000,1790985419999999,121692.57482870,148,0.51017000,43123.70587870,0
1790985420000000,84528.10000000,84528.11000000,84514.02000000,84515.74000000,9.97407000,1790985479999999,842998.52185620,373,0.26994000,22815.69195400,0
1790985480000000,84515.73000000,84518.01000000,84515.73000000,84518.01000000,5.37789000,1790985539999999,454523.65926010,272,1.97491000,166911.03906460,0
1790985540000000,84518.01000000,84518.01000000,84518.00000000,84518.01000000,3.02600000,1790985599999999,255751.47185030,92,0.38503000,32541.96939030,0
